SR-CODE,NAME,Semester,Course,ILO1,ILO2,ILO3,ILO4
22-63769,Valentina Aquino,1,Introduction to Engineering,67.4,81.6,69.3,65.8
22-63769,Valentina Aquino,1,Understanding the Self,72.0,72.1,75.5,67.8
22-63769,Valentina Aquino,1,Mathematics in the Modern World,82.0,79.8,82.4,68.4
22-63769,Valentina Aquino,1,Readings in Philippine History,69.5,82.4,70.9,75.7
22-63769,Valentina Aquino,1,Purposive Communication,80.7,75.2,75.0,80.7
22-63769,Valentina Aquino,1,Differential Calculus,92.5,78.0,75.4,76.9
22-63769,Valentina Aquino,1,General Chemistry,75.0,79.6,74.3,72.3
22-63769,Valentina Aquino,1,Computer Programming 1,72.5,65.6,60.0,61.5
22-63769,Valentina Aquino,2,Engineering Drawing,74.9,73.5,83.8,74.9
22-63769,Valentina Aquino,2,Contemporary World,72.6,78.1,70.4,67.3
22-63769,Valentina Aquino,2,Art Appreciation,79.5,79.7,70.9,75.4
22-63769,Valentina Aquino,2,"Science, Technology and Society",71.5,76.1,88.5,70.3
22-63769,Valentina Aquino,2,Integral Calculus,88.6,78.2,77.9,70.1
22-63769,Valentina Aquino,2,Physics 1,79.0,73.0,77.0,65.3
22-63769,Valentina Aquino,3,Life and Works of Rizal,82.4,82.5,75.1,67.3
22-63769,Valentina Aquino,3,Ethics,81.1,74.2,78.5,60.0
22-63769,Valentina Aquino,3,Modern Biology,78.0,65.7,65.5,78.6
22-63769,Valentina Aquino,3,Computer Engineering as a Discipline,83.7,71.7,63.9,60.0
22-63769,Valentina Aquino,3,Programming Logic and Design,74.2,89.7,74.7,64.8
22-63769,Valentina Aquino,3,Discrete Mathematics,82.8,68.3,72.6,71.0
22-63769,Valentina Aquino,3,Fundamentals of Electrical Engineering,77.1,80.0,74.3,72.3
22-63769,Valentina Aquino,3,Computer-Aided Design,73.5,80.7,82.0,62.5
22-63769,Valentina Aquino,4,Engineering Economics,73.0,84.0,71.7,77.4
22-63769,Valentina Aquino,4,Engineering Data Analysis,77.4,86.4,75.2,72.0
22-63769,Valentina Aquino,4,Differential Equations,89.4,75.5,68.8,67.7
22-63769,Valentina Aquino,4,Object Oriented Programming,80.2,65.8,75.9,64.9
22-63769,Valentina Aquino,4,Advanced Engineering Mathematics for CpE,86.9,63.3,69.7,60.3
22-63769,Valentina Aquino,4,Cognate/Elective Course 1,72.5,76.6,71.0,66.7
22-63769,Valentina Aquino,4,Electronic Circuits: Devices and Analysis,76.7,76.5,66.1,72.6
22-63769,Valentina Aquino,4,Basic Occupational Health and Safety,82.4,78.3,76.2,70.7
22-63769,Valentina Aquino,4,Numerical Methods,92.2,77.1,72.6,65.9
22-63769,Valentina Aquino,4,Kontekstwalisadong Komunikasyon sa Filipino,72.2,68.6,67.6,68.5
22-63769,Valentina Aquino,5,Logic Circuits and Design,79.6,75.6,67.6,73.7
22-63769,Valentina Aquino,5,Data Structures and Algorithms,81.9,74.2,68.1,71.5
22-63769,Valentina Aquino,5,"Introduction to Networks, Data and Digital Communications (CISCO 1)",78.6,66.5,71.6,69.7
22-63769,Valentina Aquino,5,Fundamentals of Mixed Signals and Sensors,72.2,76.4,63.5,76.3
22-63769,Valentina Aquino,5,Feedback and Control Systems,87.5,76.1,76.6,60.0
22-63769,Valentina Aquino,5,Introduction to HDL,70.7,73.5,65.8,72.6
22-63769,Valentina Aquino,5,Research Methods,90.4,69.0,67.9,70.4
22-63769,Valentina Aquino,5,Filipino sa Iba't Ibang Disiplina,88.0,68.7,74.4,79.9
22-63769,Valentina Aquino,6,Microprocessors,67.7,67.6,69.7,65.2
22-63769,Valentina Aquino,6,Software Design,82.3,76.6,61.4,71.3
22-63769,Valentina Aquino,6,Routing and Switching (CISCO 2),74.0,82.8,68.3,64.4
22-63769,Valentina Aquino,6,Digital Signal Processing,83.3,82.2,77.1,60.3
22-63769,Valentina Aquino,6,Emerging Technologies in CpE,80.7,68.9,73.5,60.0
22-63769,Valentina Aquino,6,CpE Practice and Design 1,81.1,71.2,65.2,73.3
22-63769,Valentina Aquino,6,Cognate/Elective Course 2,78.9,71.5,80.8,65.5
22-63769,Valentina Aquino,7,Scaling Networks (CISCO 3),77.7,76.8,68.3,71.0
22-63769,Valentina Aquino,7,Operating Systems,74.3,72.7,80.2,61.9
22-63769,Valentina Aquino,7,Computer Architecture and Organization,63.2,85.0,87.5,65.9
22-63769,Valentina Aquino,7,Computer Engineering Drafting and Design,66.0,73.4,70.5,67.2
22-63769,Valentina Aquino,7,Connecting Networks and Security (CISCO 4),70.8,78.6,75.2,60.0
22-63769,Valentina Aquino,7,Embedded Systems,81.8,87.6,73.2,66.3
22-63769,Valentina Aquino,7,Seminars and Fieldtrips,77.5,79.7,62.5,70.0
22-63769,Valentina Aquino,7,Manufacturing and Quality Control,75.3,86.4,71.1,78.3
22-63769,Valentina Aquino,7,Cognate/Elective Course 3 (Data Mining / AI Track),70.8,78.7,74.0,63.0
22-63769,Valentina Aquino,7,ASEAN Literature,79.4,83.3,70.9,60.0
22-63769,Valentina Aquino,8,Technopreneurship,78.3,70.6,70.8,68.5
22-63769,Valentina Aquino,8,On-the-Job Training,68.1,66.3,75.8,65.8
22-63769,Valentina Aquino,8,CpE Practice and Design 2,63.0,80.7,74.5,64.7
22-72531,Luis Garcia,1,Introduction to Engineering,65.1,75.8,70.0,78.5
22-72531,Luis Garcia,1,Understanding the Self,75.5,73.1,66.9,69.1
22-72531,Luis Garcia,1,Mathematics in the Modern World,76.4,78.0,64.5,61.4
22-72531,Luis Garcia,1,Readings in Philippine History,70.1,75.5,76.9,61.5
22-72531,Luis Garcia,1,Purposive Communication,70.4,72.7,66.4,69.9
22-72531,Luis Garcia,1,Differential Calculus,60.0,65.5,62.9,60.0
22-72531,Luis Garcia,1,General Chemistry,66.9,65.0,66.4,70.6
22-72531,Luis Garcia,1,Computer Programming 1,71.1,64.2,67.2,70.2
22-72531,Luis Garcia,2,Engineering Drawing,67.9,66.0,71.9,63.5
22-72531,Luis Garcia,2,Contemporary World,76.9,70.7,72.1,60.0
22-72531,Luis Garcia,2,Art Appreciation,72.9,69.5,60.6,60.0
22-72531,Luis Garcia,2,"Science, Technology and Society",77.1,68.7,61.7,63.7
22-72531,Luis Garcia,2,Integral Calculus,79.5,60.0,60.0,60.0
22-72531,Luis Garcia,2,Physics 1,81.5,72.2,72.2,60.0
22-72531,Luis Garcia,3,Life and Works of Rizal,66.3,73.5,68.2,67.5
22-72531,Luis Garcia,3,Ethics,71.9,72.5,68.8,68.9
22-72531,Luis Garcia,3,Modern Biology,77.5,60.8,60.0,70.0
22-72531,Luis Garcia,3,Computer Engineering as a Discipline,80.1,64.7,60.0,64.8
22-72531,Luis Garcia,3,Programming Logic and Design,78.2,81.2,70.6,61.6
22-72531,Luis Garcia,3,Discrete Mathematics,67.3,70.6,65.8,60.0
22-72531,Luis Garcia,3,Fundamentals of Electrical Engineering,86.0,82.2,75.4,60.0
22-72531,Luis Garcia,3,Computer-Aided Design,78.8,75.3,71.2,72.4
22-72531,Luis Garcia,4,Engineering Economics,76.8,75.2,71.7,66.3
22-72531,Luis Garcia,4,Engineering Data Analysis,62.0,71.0,64.3,60.0
22-72531,Luis Garcia,4,Differential Equations,82.8,80.9,75.8,65.5
22-72531,Luis Garcia,4,Object Oriented Programming,80.7,70.5,68.7,60.0
22-72531,Luis Garcia,4,Advanced Engineering Mathematics for CpE,75.1,70.9,60.0,63.7
22-72531,Luis Garcia,4,Cognate/Elective Course 1,72.1,81.2,72.9,63.9
22-72531,Luis Garcia,4,Electronic Circuits: Devices and Analysis,75.2,71.8,67.3,60.0
22-72531,Luis Garcia,4,Basic Occupational Health and Safety,72.1,66.3,60.4,67.3
22-72531,Luis Garcia,4,Numerical Methods,75.0,60.0,66.9,69.9
22-72531,Luis Garcia,4,Kontekstwalisadong Komunikasyon sa Filipino,79.3,77.0,68.1,60.0
22-72531,Luis Garcia,5,Logic Circuits and Design,67.2,73.6,70.8,72.6
22-72531,Luis Garcia,5,Data Structures and Algorithms,79.2,69.6,60.0,62.0
22-72531,Luis Garcia,5,"Introduction to Networks, Data and Digital Communications (CISCO 1)",73.9,69.2,64.0,65.4
22-72531,Luis Garcia,5,Fundamentals of Mixed Signals and Sensors,70.7,67.7,70.4,62.5
22-72531,Luis Garcia,5,Feedback and Control Systems,74.2,72.1,60.8,61.1
22-72531,Luis Garcia,5,Introduction to HDL,82.3,64.5,60.0,60.0
22-72531,Luis Garcia,5,Research Methods,73.2,71.0,67.2,71.5
22-72531,Luis Garcia,5,Filipino sa Iba't Ibang Disiplina,60.0,73.2,77.3,60.0
22-72531,Luis Garcia,6,Microprocessors,71.4,67.0,63.2,62.9
22-72531,Luis Garcia,6,Software Design,81.1,81.4,65.5,75.3
22-72531,Luis Garcia,6,Routing and Switching (CISCO 2),72.8,80.9,66.9,64.7
22-72531,Luis Garcia,6,Digital Signal Processing,74.9,89.6,72.7,60.0
22-72531,Luis Garcia,6,Emerging Technologies in CpE,78.4,68.2,64.6,69.3
22-72531,Luis Garcia,6,CpE Practice and Design 1,73.2,72.5,68.0,66.3
22-72531,Luis Garcia,6,Cognate/Elective Course 2,75.1,60.0,71.5,60.0
22-72531,Luis Garcia,7,Scaling Networks (CISCO 3),63.9,70.0,68.0,60.0
22-72531,Luis Garcia,7,Operating Systems,77.6,62.3,65.1,60.4
22-72531,Luis Garcia,7,Computer Architecture and Organization,73.4,73.2,62.5,69.2
22-72531,Luis Garcia,7,Computer Engineering Drafting and Design,74.1,60.1,60.0,64.8
22-72531,Luis Garcia,7,Connecting Networks and Security (CISCO 4),71.3,69.8,67.3,65.2
22-72531,Luis Garcia,7,Embedded Systems,79.4,64.8,61.5,60.0
22-72531,Luis Garcia,7,Seminars and Fieldtrips,74.7,78.3,65.3,60.0
22-72531,Luis Garcia,7,Manufacturing and Quality Control,63.5,66.5,65.2,62.4
22-72531,Luis Garcia,7,Cognate/Elective Course 3 (Data Mining / AI Track),72.8,68.5,73.8,60.0
22-72531,Luis Garcia,7,ASEAN Literature,67.8,73.7,60.0,66.6
22-72531,Luis Garcia,8,Technopreneurship,73.6,69.9,77.4,60.5
22-72531,Luis Garcia,8,On-the-Job Training,85.4,69.5,60.2,64.7
22-72531,Luis Garcia,8,CpE Practice and Design 2,66.5,66.3,70.3,67.6
22-55296,Pedro Ramos,1,Introduction to Engineering,77.2,84.5,82.3,79.9
22-55296,Pedro Ramos,1,Understanding the Self,84.2,86.7,64.0,69.4
22-55296,Pedro Ramos,1,Mathematics in the Modern World,75.1,78.6,71.3,69.7
22-55296,Pedro Ramos,1,Readings in Philippine History,92.3,77.5,77.8,69.9
22-55296,Pedro Ramos,1,Purposive Communication,81.4,78.6,78.0,78.3
22-55296,Pedro Ramos,1,Differential Calculus,90.2,79.8,78.2,63.8
22-55296,Pedro Ramos,1,General Chemistry,79.8,83.6,79.9,71.9
22-55296,Pedro Ramos,1,Computer Programming 1,90.1,85.2,86.1,76.4
22-55296,Pedro Ramos,2,Engineering Drawing,75.7,77.5,60.0,70.8
22-55296,Pedro Ramos,2,Contemporary World,60.0,68.2,78.0,74.1
22-55296,Pedro Ramos,2,Art Appreciation,74.0,74.3,83.5,68.4
22-55296,Pedro Ramos,2,"Science, Technology and Society",94.4,78.5,77.8,81.0
22-55296,Pedro Ramos,2,Integral Calculus,81.1,71.9,74.0,70.5
22-55296,Pedro Ramos,2,Physics 1,72.1,76.4,70.2,76.2
22-55296,Pedro Ramos,3,Life and Works of Rizal,81.2,76.9,74.7,72.6
22-55296,Pedro Ramos,3,Ethics,84.7,72.5,69.1,77.9
22-55296,Pedro Ramos,3,Modern Biology,77.8,69.4,77.4,73.5
22-55296,Pedro Ramos,3,Computer Engineering as a Discipline,71.8,79.9,79.7,73.5
22-55296,Pedro Ramos,3,Programming Logic and Design,88.6,73.8,80.9,72.8
22-55296,Pedro Ramos,3,Discrete Mathematics,77.4,83.1,83.6,81.4
22-55296,Pedro Ramos,3,Fundamentals of Electrical Engineering,85.7,74.8,74.5,73.1
22-55296,Pedro Ramos,3,Computer-Aided Design,78.5,76.3,77.3,68.1
22-55296,Pedro Ramos,4,Engineering Economics,76.6,76.1,79.1,71.3
22-55296,Pedro Ramos,4,Engineering Data Analysis,82.4,81.9,72.4,75.2
22-55296,Pedro Ramos,4,Differential Equations,82.6,70.5,83.3,67.7
22-55296,Pedro Ramos,4,Object Oriented Programming,74.9,76.0,72.7,74.9
22-55296,Pedro Ramos,4,Advanced Engineering Mathematics for CpE,78.7,75.9,78.4,72.7
22-55296,Pedro Ramos,4,Cognate/Elective Course 1,86.7,84.7,82.6,62.0
22-55296,Pedro Ramos,4,Electronic Circuits: Devices and Analysis,75.6,62.4,72.6,68.4
22-55296,Pedro Ramos,4,Basic Occupational Health and Safety,87.2,85.7,76.5,68.3
22-55296,Pedro Ramos,4,Numerical Methods,83.2,74.7,74.7,76.6
22-55296,Pedro Ramos,4,Kontekstwalisadong Komunikasyon sa Filipino,77.6,83.4,79.4,65.5
22-55296,Pedro Ramos,5,Logic Circuits and Design,83.7,79.7,73.0,63.9
22-55296,Pedro Ramos,5,Data Structures and Algorithms,79.6,79.0,82.1,68.9
22-55296,Pedro Ramos,5,"Introduction to Networks, Data and Digital Communications (CISCO 1)",87.4,74.8,77.6,75.3
22-55296,Pedro Ramos,5,Fundamentals of Mixed Signals and Sensors,92.5,67.2,81.2,69.4
22-55296,Pedro Ramos,5,Feedback and Control Systems,82.8,78.6,77.4,69.8
22-55296,Pedro Ramos,5,Introduction to HDL,86.5,72.7,79.2,64.6
22-55296,Pedro Ramos,5,Research Methods,80.6,72.1,78.0,79.9
22-55296,Pedro Ramos,5,Filipino sa Iba't Ibang Disiplina,80.5,77.4,68.6,69.9
22-55296,Pedro Ramos,6,Microprocessors,68.3,70.0,73.7,76.4
22-55296,Pedro Ramos,6,Software Design,98.0,78.7,87.5,76.1
22-55296,Pedro Ramos,6,Routing and Switching (CISCO 2),83.9,84.9,79.2,75.3
22-55296,Pedro Ramos,6,Digital Signal Processing,77.9,69.5,65.4,74.6
22-55296,Pedro Ramos,6,Emerging Technologies in CpE,83.1,78.7,78.9,79.4
22-55296,Pedro Ramos,6,CpE Practice and Design 1,82.1,74.6,82.7,80.7
22-55296,Pedro Ramos,6,Cognate/Elective Course 2,87.8,88.1,86.3,81.4
22-55296,Pedro Ramos,7,Scaling Networks (CISCO 3),88.5,85.8,82.0,68.0
22-55296,Pedro Ramos,7,Operating Systems,89.0,74.1,74.1,82.4
22-55296,Pedro Ramos,7,Computer Architecture and Organization,82.8,84.4,70.7,61.6
22-55296,Pedro Ramos,7,Computer Engineering Drafting and Design,76.4,76.1,72.8,75.3
22-55296,Pedro Ramos,7,Connecting Networks and Security (CISCO 4),82.6,84.4,72.9,77.3
22-55296,Pedro Ramos,7,Embedded Systems,77.8,71.0,70.9,67.4
22-55296,Pedro Ramos,7,Seminars and Fieldtrips,79.4,89.2,74.7,69.8
22-55296,Pedro Ramos,7,Manufacturing and Quality Control,65.2,70.1,70.8,64.4
22-55296,Pedro Ramos,7,Cognate/Elective Course 3 (Data Mining / AI Track),93.1,81.3,86.6,75.0
22-55296,Pedro Ramos,7,ASEAN Literature,81.2,78.0,75.3,81.6
22-55296,Pedro Ramos,8,Technopreneurship,67.1,66.5,72.0,71.3
22-55296,Pedro Ramos,8,On-the-Job Training,85.1,81.4,73.0,77.4
22-55296,Pedro Ramos,8,CpE Practice and Design 2,87.2,79.7,81.1,72.9
22-87463,Carla Dela Cruz,1,Introduction to Engineering,76.8,81.9,75.2,70.5
22-87463,Carla Dela Cruz,1,Understanding the Self,89.0,63.0,66.0,63.4
22-87463,Carla Dela Cruz,1,Mathematics in the Modern World,78.9,77.1,66.3,65.4
22-87463,Carla Dela Cruz,1,Readings in Philippine History,75.0,92.5,85.3,68.0
22-87463,Carla Dela Cruz,1,Purposive Communication,77.9,70.8,63.1,69.8
22-87463,Carla Dela Cruz,1,Differential Calculus,75.1,78.1,65.8,66.7
22-87463,Carla Dela Cruz,1,General Chemistry,81.9,80.8,77.9,63.4
22-87463,Carla Dela Cruz,1,Computer Programming 1,85.4,73.0,78.4,70.6
22-87463,Carla Dela Cruz,2,Engineering Drawing,70.8,74.8,75.7,73.3
22-87463,Carla Dela Cruz,2,Contemporary World,79.3,86.9,80.6,69.0
22-87463,Carla Dela Cruz,2,Art Appreciation,84.6,89.3,86.3,63.1
22-87463,Carla Dela Cruz,2,"Science, Technology and Society",74.6,86.6,68.2,62.6
22-87463,Carla Dela Cruz,2,Integral Calculus,78.1,81.1,74.8,67.4
22-87463,Carla Dela Cruz,2,Physics 1,77.0,74.3,70.1,85.0
22-87463,Carla Dela Cruz,3,Life and Works of Rizal,81.9,83.0,71.6,69.4
22-87463,Carla Dela Cruz,3,Ethics,75.8,61.8,66.2,60.0
22-87463,Carla Dela Cruz,3,Modern Biology,67.5,71.4,83.3,71.0
22-87463,Carla Dela Cruz,3,Computer Engineering as a Discipline,87.9,80.2,79.2,65.1
22-87463,Carla Dela Cruz,3,Programming Logic and Design,83.4,82.2,71.2,74.0
22-87463,Carla Dela Cruz,3,Discrete Mathematics,84.4,75.3,68.6,64.2
22-87463,Carla Dela Cruz,3,Fundamentals of Electrical Engineering,79.6,78.7,68.8,69.8
22-87463,Carla Dela Cruz,3,Computer-Aided Design,82.5,80.4,82.9,77.3
22-87463,Carla Dela Cruz,4,Engineering Economics,74.1,87.8,71.3,76.8
22-87463,Carla Dela Cruz,4,Engineering Data Analysis,81.4,76.1,64.5,70.3
22-87463,Carla Dela Cruz,4,Differential Equations,71.7,84.4,84.5,66.5
22-87463,Carla Dela Cruz,4,Object Oriented Programming,82.1,73.5,70.9,75.3
22-87463,Carla Dela Cruz,4,Advanced Engineering Mathematics for CpE,80.8,89.0,72.5,77.3
22-87463,Carla Dela Cruz,4,Cognate/Elective Course 1,80.8,82.6,71.9,70.3
22-87463,Carla Dela Cruz,4,Electronic Circuits: Devices and Analysis,78.4,71.7,77.5,73.5
22-87463,Carla Dela Cruz,4,Basic Occupational Health and Safety,83.7,86.9,83.2,68.3
22-87463,Carla Dela Cruz,4,Numerical Methods,83.3,74.9,75.5,67.7
22-87463,Carla Dela Cruz,4,Kontekstwalisadong Komunikasyon sa Filipino,89.8,79.9,73.2,77.7
22-87463,Carla Dela Cruz,5,Logic Circuits and Design,66.1,64.6,78.3,70.0
22-87463,Carla Dela Cruz,5,Data Structures and Algorithms,81.7,69.9,74.5,82.6
22-87463,Carla Dela Cruz,5,"Introduction to Networks, Data and Digital Communications (CISCO 1)",85.2,78.9,72.0,68.2
22-87463,Carla Dela Cruz,5,Fundamentals of Mixed Signals and Sensors,66.3,78.3,78.6,60.1
22-87463,Carla Dela Cruz,5,Feedback and Control Systems,77.1,71.7,69.6,71.6
22-87463,Carla Dela Cruz,5,Introduction to HDL,66.6,80.4,78.1,68.1
22-87463,Carla Dela Cruz,5,Research Methods,65.2,71.7,81.9,60.0
22-87463,Carla Dela Cruz,5,Filipino sa Iba't Ibang Disiplina,78.0,70.6,79.3,66.5
22-87463,Carla Dela Cruz,6,Microprocessors,81.5,80.1,84.6,68.4
22-87463,Carla Dela Cruz,6,Software Design,82.5,68.9,81.8,66.1
22-87463,Carla Dela Cruz,6,Routing and Switching (CISCO 2),76.9,77.7,65.3,72.0
22-87463,Carla Dela Cruz,6,Digital Signal Processing,86.8,80.4,65.8,70.6
22-87463,Carla Dela Cruz,6,Emerging Technologies in CpE,84.7,66.6,68.2,75.9
22-87463,Carla Dela Cruz,6,CpE Practice and Design 1,81.7,80.2,85.7,73.3
22-87463,Carla Dela Cruz,6,Cognate/Elective Course 2,84.2,94.1,73.3,65.8
22-87463,Carla Dela Cruz,7,Scaling Networks (CISCO 3),82.8,80.5,71.5,64.4
22-87463,Carla Dela Cruz,7,Operating Systems,94.1,79.8,70.2,76.1
22-87463,Carla Dela Cruz,7,Computer Architecture and Organization,78.4,75.2,76.9,61.8
22-87463,Carla Dela Cruz,7,Computer Engineering Drafting and Design,81.2,88.2,76.3,67.3
22-87463,Carla Dela Cruz,7,Connecting Networks and Security (CISCO 4),77.2,75.4,73.1,68.3
22-87463,Carla Dela Cruz,7,Embedded Systems,84.6,66.3,78.7,67.3
22-87463,Carla Dela Cruz,7,Seminars and Fieldtrips,82.4,71.0,82.5,78.0
22-87463,Carla Dela Cruz,7,Manufacturing and Quality Control,84.8,67.6,78.5,72.0
22-87463,Carla Dela Cruz,7,Cognate/Elective Course 3 (Data Mining / AI Track),70.6,77.7,76.8,74.0
22-87463,Carla Dela Cruz,7,ASEAN Literature,81.2,79.5,83.4,77.9
22-87463,Carla Dela Cruz,8,Technopreneurship,62.9,75.8,73.5,60.0
22-87463,Carla Dela Cruz,8,On-the-Job Training,80.7,85.2,68.0,72.5
22-87463,Carla Dela Cruz,8,CpE Practice and Design 2,74.6,73.7,83.4,67.3
22-92703,Carla Dela Cruz,1,Introduction to Engineering,74.1,60.0,77.5,66.4
22-92703,Carla Dela Cruz,1,Understanding the Self,70.2,72.7,60.0,69.9
22-92703,Carla Dela Cruz,1,Mathematics in the Modern World,66.2,64.9,60.4,60.0
22-92703,Carla Dela Cruz,1,Readings in Philippine History,75.5,70.7,70.3,62.7
22-92703,Carla Dela Cruz,1,Purposive Communication,74.4,66.7,79.7,60.0
22-92703,Carla Dela Cruz,1,Differential Calculus,75.7,74.3,60.0,73.3
22-92703,Carla Dela Cruz,1,General Chemistry,74.1,71.9,63.5,60.0
22-92703,Carla Dela Cruz,1,Computer Programming 1,70.5,72.0,75.2,64.3
22-92703,Carla Dela Cruz,2,Engineering Drawing,68.6,76.8,74.4,69.1
22-92703,Carla Dela Cruz,2,Contemporary World,75.8,67.6,60.8,60.0
22-92703,Carla Dela Cruz,2,Art Appreciation,61.5,70.6,65.8,60.1
22-92703,Carla Dela Cruz,2,"Science, Technology and Society",60.0,61.7,73.1,60.0
22-92703,Carla Dela Cruz,2,Integral Calculus,70.3,60.0,72.0,60.0
22-92703,Carla Dela Cruz,2,Physics 1,69.9,80.0,72.5,60.0
22-92703,Carla Dela Cruz,3,Life and Works of Rizal,67.8,67.2,69.4,62.1
22-92703,Carla Dela Cruz,3,Ethics,69.0,78.0,65.7,76.6
22-92703,Carla Dela Cruz,3,Modern Biology,68.7,76.8,65.5,65.7
22-92703,Carla Dela Cruz,3,Computer Engineering as a Discipline,67.0,64.1,69.1,68.7
22-92703,Carla Dela Cruz,3,Programming Logic and Design,72.0,61.9,60.0,60.0
22-92703,Carla Dela Cruz,3,Discrete Mathematics,60.0,66.7,70.1,60.0
22-92703,Carla Dela Cruz,3,Fundamentals of Electrical Engineering,60.5,70.7,67.9,77.8
22-92703,Carla Dela Cruz,3,Computer-Aided Design,65.4,69.5,79.2,67.9
22-92703,Carla Dela Cruz,4,Engineering Economics,74.7,69.9,68.3,67.4
22-92703,Carla Dela Cruz,4,Engineering Data Analysis,63.3,71.3,60.0,61.9
22-92703,Carla Dela Cruz,4,Differential Equations,69.2,62.4,63.2,60.0
22-92703,Carla Dela Cruz,4,Object Oriented Programming,65.4,67.5,60.1,65.1
22-92703,Carla Dela Cruz,4,Advanced Engineering Mathematics for CpE,61.2,70.3,60.0,60.0
22-92703,Carla Dela Cruz,4,Cognate/Elective Course 1,68.0,77.6,68.7,61.9
22-92703,Carla Dela Cruz,4,Electronic Circuits: Devices and Analysis,77.1,60.0,68.7,77.2
22-92703,Carla Dela Cruz,4,Basic Occupational Health and Safety,72.1,69.6,69.6,68.2
22-92703,Carla Dela Cruz,4,Numerical Methods,60.0,60.0,64.6,60.0
22-92703,Carla Dela Cruz,4,Kontekstwalisadong Komunikasyon sa Filipino,79.2,67.3,60.0,60.0
22-92703,Carla Dela Cruz,5,Logic Circuits and Design,60.0,70.5,67.8,62.7
22-92703,Carla Dela Cruz,5,Data Structures and Algorithms,78.3,76.8,65.7,60.0
22-92703,Carla Dela Cruz,5,"Introduction to Networks, Data and Digital Communications (CISCO 1)",75.5,73.0,68.6,69.1
22-92703,Carla Dela Cruz,5,Fundamentals of Mixed Signals and Sensors,67.1,83.9,63.2,69.7
22-92703,Carla Dela Cruz,5,Feedback and Control Systems,60.0,60.5,72.5,60.0
22-92703,Carla Dela Cruz,5,Introduction to HDL,79.1,73.3,68.3,73.4
22-92703,Carla Dela Cruz,5,Research Methods,69.9,60.0,61.5,66.1
22-92703,Carla Dela Cruz,5,Filipino sa Iba't Ibang Disiplina,73.7,60.0,62.0,60.0
22-92703,Carla Dela Cruz,6,Microprocessors,71.9,63.6,65.1,60.8
22-92703,Carla Dela Cruz,6,Software Design,76.4,74.5,65.9,60.8
22-92703,Carla Dela Cruz,6,Routing and Switching (CISCO 2),72.6,64.7,60.0,60.0
22-92703,Carla Dela Cruz,6,Digital Signal Processing,64.3,60.0,64.3,64.3
22-92703,Carla Dela Cruz,6,Emerging Technologies in CpE,62.3,69.8,65.4,65.2
22-92703,Carla Dela Cruz,6,CpE Practice and Design 1,71.3,60.5,60.0,63.0
22-92703,Carla Dela Cruz,6,Cognate/Elective Course 2,78.0,60.0,68.8,70.3
22-92703,Carla Dela Cruz,7,Scaling Networks (CISCO 3),70.9,72.9,62.5,62.5
22-92703,Carla Dela Cruz,7,Operating Systems,62.1,60.0,72.4,60.0
22-92703,Carla Dela Cruz,7,Computer Architecture and Organization,71.4,63.6,60.5,64.2
22-92703,Carla Dela Cruz,7,Computer Engineering Drafting and Design,69.7,74.2,71.6,67.1
22-92703,Carla Dela Cruz,7,Connecting Networks and Security (CISCO 4),73.2,79.1,60.4,62.8
22-92703,Carla Dela Cruz,7,Embedded Systems,80.9,79.5,60.4,63.3
22-92703,Carla Dela Cruz,7,Seminars and Fieldtrips,79.5,72.2,67.5,61.5
22-92703,Carla Dela Cruz,7,Manufacturing and Quality Control,71.8,73.6,67.4,65.0
22-92703,Carla Dela Cruz,7,Cognate/Elective Course 3 (Data Mining / AI Track),72.3,65.6,70.0,80.7
22-92703,Carla Dela Cruz,7,ASEAN Literature,60.7,71.1,61.8,66.2
22-92703,Carla Dela Cruz,8,Technopreneurship,71.6,73.8,73.4,63.9
22-92703,Carla Dela Cruz,8,On-the-Job Training,78.1,60.0,75.9,65.0
22-92703,Carla Dela Cruz,8,CpE Practice and Design 2,77.8,61.9,61.4,63.7
22-21889,Ana Santos,1,Introduction to Engineering,71.7,71.4,73.3,60.0
22-21889,Ana Santos,1,Understanding the Self,77.7,69.7,65.6,60.0
22-21889,Ana Santos,1,Mathematics in the Modern World,76.7,60.0,72.4,60.0
22-21889,Ana Santos,1,Readings in Philippine History,72.1,69.0,73.8,62.1
22-21889,Ana Santos,1,Purposive Communication,67.7,66.6,74.4,66.4
22-21889,Ana Santos,1,Differential Calculus,71.4,70.1,60.0,67.2
22-21889,Ana Santos,1,General Chemistry,63.2,76.0,69.3,79.2
22-21889,Ana Santos,1,Computer Programming 1,64.6,68.5,77.0,69.8
22-21889,Ana Santos,2,Engineering Drawing,66.3,69.8,65.6,63.8
22-21889,Ana Santos,2,Contemporary World,67.6,69.1,60.0,64.0
22-21889,Ana Santos,2,Art Appreciation,74.5,68.3,60.0,69.1
22-21889,Ana Santos,2,"Science, Technology and Society",74.0,65.3,65.1,60.0
22-21889,Ana Santos,2,Integral Calculus,67.6,68.3,75.9,61.0
22-21889,Ana Santos,2,Physics 1,77.6,68.3,70.0,64.0
22-21889,Ana Santos,3,Life and Works of Rizal,77.1,66.5,60.0,60.0
22-21889,Ana Santos,3,Ethics,68.6,62.2,69.3,60.4
22-21889,Ana Santos,3,Modern Biology,88.0,61.1,69.8,60.0
22-21889,Ana Santos,3,Computer Engineering as a Discipline,68.9,70.5,60.0,64.6
22-21889,Ana Santos,3,Programming Logic and Design,82.6,66.4,67.8,68.8
22-21889,Ana Santos,3,Discrete Mathematics,72.7,68.0,60.0,68.7
22-21889,Ana Santos,3,Fundamentals of Electrical Engineering,69.8,62.3,66.3,60.0
22-21889,Ana Santos,3,Computer-Aided Design,67.4,72.0,60.0,68.3
22-21889,Ana Santos,4,Engineering Economics,63.4,65.7,78.3,70.0
22-21889,Ana Santos,4,Engineering Data Analysis,74.3,65.9,65.4,65.3
22-21889,Ana Santos,4,Differential Equations,73.9,71.0,68.4,63.6
22-21889,Ana Santos,4,Object Oriented Programming,62.6,66.0,71.7,60.0
22-21889,Ana Santos,4,Advanced Engineering Mathematics for CpE,72.6,66.6,69.2,62.5
22-21889,Ana Santos,4,Cognate/Elective Course 1,80.1,72.1,60.0,66.7
22-21889,Ana Santos,4,Electronic Circuits: Devices and Analysis,65.9,64.9,67.5,60.0
22-21889,Ana Santos,4,Basic Occupational Health and Safety,77.2,65.0,63.1,60.0
22-21889,Ana Santos,4,Numerical Methods,70.3,78.1,72.3,75.1
22-21889,Ana Santos,4,Kontekstwalisadong Komunikasyon sa Filipino,85.4,63.5,67.2,60.0
22-21889,Ana Santos,5,Logic Circuits and Design,65.9,64.6,60.0,60.0
22-21889,Ana Santos,5,Data Structures and Algorithms,70.4,61.8,71.3,60.0
22-21889,Ana Santos,5,"Introduction to Networks, Data and Digital Communications (CISCO 1)",88.1,66.4,66.7,60.0
22-21889,Ana Santos,5,Fundamentals of Mixed Signals and Sensors,80.8,75.1,67.4,60.0
22-21889,Ana Santos,5,Feedback and Control Systems,75.0,64.8,77.3,69.7
22-21889,Ana Santos,5,Introduction to HDL,71.1,60.0,60.0,66.2
22-21889,Ana Santos,5,Research Methods,79.1,76.3,60.0,65.0
22-21889,Ana Santos,5,Filipino sa Iba't Ibang Disiplina,77.9,60.0,66.7,64.8
22-21889,Ana Santos,6,Microprocessors,68.7,60.0,63.6,60.1
22-21889,Ana Santos,6,Software Design,70.3,65.7,63.6,62.4
22-21889,Ana Santos,6,Routing and Switching (CISCO 2),73.9,67.3,63.8,63.2
22-21889,Ana Santos,6,Digital Signal Processing,62.2,74.4,68.6,65.1
22-21889,Ana Santos,6,Emerging Technologies in CpE,77.0,60.0,60.0,64.3
22-21889,Ana Santos,6,CpE Practice and Design 1,71.8,70.7,64.0,67.2
22-21889,Ana Santos,6,Cognate/Elective Course 2,76.8,72.0,64.7,60.0
22-21889,Ana Santos,7,Scaling Networks (CISCO 3),75.8,76.4,70.1,60.0
22-21889,Ana Santos,7,Operating Systems,75.3,74.2,75.6,60.0
22-21889,Ana Santos,7,Computer Architecture and Organization,69.2,72.9,65.9,60.0
22-21889,Ana Santos,7,Computer Engineering Drafting and Design,73.0,71.9,66.1,63.4
22-21889,Ana Santos,7,Connecting Networks and Security (CISCO 4),69.7,78.0,60.8,60.0
22-21889,Ana Santos,7,Embedded Systems,70.6,73.7,60.0,60.0
22-21889,Ana Santos,7,Seminars and Fieldtrips,60.0,69.9,60.1,60.9
22-21889,Ana Santos,7,Manufacturing and Quality Control,74.5,64.6,67.0,60.3
22-21889,Ana Santos,7,Cognate/Elective Course 3 (Data Mining / AI Track),75.3,71.9,62.1,61.7
22-21889,Ana Santos,7,ASEAN Literature,78.1,72.0,60.0,67.1
22-21889,Ana Santos,8,Technopreneurship,65.3,78.1,72.9,64.9
22-21889,Ana Santos,8,On-the-Job Training,72.8,68.4,70.9,61.0
22-21889,Ana Santos,8,CpE Practice and Design 2,73.2,74.9,63.4,60.0
22-95725,Mia Reyes,1,Introduction to Engineering,71.0,69.4,61.7,73.1
22-95725,Mia Reyes,1,Understanding the Self,89.0,84.3,62.9,73.1
22-95725,Mia Reyes,1,Mathematics in the Modern World,86.2,72.6,72.8,60.0
22-95725,Mia Reyes,1,Readings in Philippine History,79.7,69.4,73.9,60.0
22-95725,Mia Reyes,1,Purposive Communication,81.4,81.9,68.0,61.9
22-95725,Mia Reyes,1,Differential Calculus,64.7,73.7,68.7,60.0
22-95725,Mia Reyes,1,General Chemistry,80.4,72.6,65.8,65.0
22-95725,Mia Reyes,1,Computer Programming 1,86.6,81.4,73.8,74.3
22-95725,Mia Reyes,2,Engineering Drawing,69.6,74.4,72.1,64.5
22-95725,Mia Reyes,2,Contemporary World,80.7,71.1,75.7,72.1
22-95725,Mia Reyes,2,Art Appreciation,60.6,82.9,60.0,65.1
22-95725,Mia Reyes,2,"Science, Technology and Society",84.3,73.9,63.9,62.2
22-95725,Mia Reyes,2,Integral Calculus,83.8,63.8,79.0,68.0
22-95725,Mia Reyes,2,Physics 1,70.5,71.8,66.1,73.5
22-95725,Mia Reyes,3,Life and Works of Rizal,82.5,65.5,70.2,63.6
22-95725,Mia Reyes,3,Ethics,85.9,67.7,82.3,68.6
22-95725,Mia Reyes,3,Modern Biology,70.7,71.3,67.4,60.7
22-95725,Mia Reyes,3,Computer Engineering as a Discipline,78.7,68.4,60.0,66.5
22-95725,Mia Reyes,3,Programming Logic and Design,69.4,73.3,69.1,65.3
22-95725,Mia Reyes,3,Discrete Mathematics,89.7,75.7,73.7,60.0
22-95725,Mia Reyes,3,Fundamentals of Electrical Engineering,72.6,75.5,65.0,72.8
22-95725,Mia Reyes,3,Computer-Aided Design,69.3,72.5,67.7,68.3
22-95725,Mia Reyes,4,Engineering Economics,74.3,74.2,71.2,64.3
22-95725,Mia Reyes,4,Engineering Data Analysis,80.6,76.8,71.7,65.8
22-95725,Mia Reyes,4,Differential Equations,82.4,73.9,70.4,69.0
22-95725,Mia Reyes,4,Object Oriented Programming,90.4,69.7,79.2,60.0
22-95725,Mia Reyes,4,Advanced Engineering Mathematics for CpE,79.0,84.8,75.2,69.4
22-95725,Mia Reyes,4,Cognate/Elective Course 1,76.8,78.0,73.1,65.8
22-95725,Mia Reyes,4,Electronic Circuits: Devices and Analysis,74.8,75.4,66.6,62.5
22-95725,Mia Reyes,4,Basic Occupational Health and Safety,70.0,78.1,75.9,70.1
22-95725,Mia Reyes,4,Numerical Methods,83.5,75.9,74.6,70.2
22-95725,Mia Reyes,4,Kontekstwalisadong Komunikasyon sa Filipino,77.6,72.6,85.9,66.0
22-95725,Mia Reyes,5,Logic Circuits and Design,72.5,76.8,72.7,60.0
22-95725,Mia Reyes,5,Data Structures and Algorithms,86.9,77.2,67.9,77.7
22-95725,Mia Reyes,5,"Introduction to Networks, Data and Digital Communications (CISCO 1)",83.9,70.2,85.2,74.5
22-95725,Mia Reyes,5,Fundamentals of Mixed Signals and Sensors,76.5,83.8,72.1,67.2
22-95725,Mia Reyes,5,Feedback and Control Systems,73.7,78.8,75.1,68.4
22-95725,Mia Reyes,5,Introduction to HDL,71.8,75.0,70.8,60.0
22-95725,Mia Reyes,5,Research Methods,69.3,79.2,60.0,70.0
22-95725,Mia Reyes,5,Filipino sa Iba't Ibang Disiplina,75.3,83.6,69.7,72.7
22-95725,Mia Reyes,6,Microprocessors,74.2,74.9,75.6,64.6
22-95725,Mia Reyes,6,Software Design,86.2,71.8,76.3,76.1
22-95725,Mia Reyes,6,Routing and Switching (CISCO 2),84.1,89.3,70.0,62.3
22-95725,Mia Reyes,6,Digital Signal Processing,71.7,79.3,75.2,69.0
22-95725,Mia Reyes,6,Emerging Technologies in CpE,73.4,82.4,67.2,77.5
22-95725,Mia Reyes,6,CpE Practice and Design 1,95.3,78.0,76.2,65.8
22-95725,Mia Reyes,6,Cognate/Elective Course 2,69.3,74.2,68.0,61.9
22-95725,Mia Reyes,7,Scaling Networks (CISCO 3),90.5,79.4,76.8,68.7
22-95725,Mia Reyes,7,Operating Systems,79.1,83.6,74.4,73.7
22-95725,Mia Reyes,7,Computer Architecture and Organization,75.4,72.2,62.7,60.0
22-95725,Mia Reyes,7,Computer Engineering Drafting and Design,75.0,74.6,63.5,67.1
22-95725,Mia Reyes,7,Connecting Networks and Security (CISCO 4),80.5,64.8,69.1,73.0
22-95725,Mia Reyes,7,Embedded Systems,78.9,67.3,72.1,73.5
22-95725,Mia Reyes,7,Seminars and Fieldtrips,82.8,75.2,69.8,65.0
22-95725,Mia Reyes,7,Manufacturing and Quality Control,79.3,75.4,75.0,68.1
22-95725,Mia Reyes,7,Cognate/Elective Course 3 (Data Mining / AI Track),85.1,78.3,79.3,75.8
22-95725,Mia Reyes,7,ASEAN Literature,73.3,64.9,81.9,70.3
22-95725,Mia Reyes,8,Technopreneurship,67.8,71.5,77.3,67.1
22-95725,Mia Reyes,8,On-the-Job Training,75.1,84.2,66.4,64.0
22-95725,Mia Reyes,8,CpE Practice and Design 2,79.4,78.1,75.6,74.2
22-65293,Ana Reyes,1,Introduction to Engineering,79.3,78.7,71.1,69.1
22-65293,Ana Reyes,1,Understanding the Self,78.7,77.0,77.3,72.0
22-65293,Ana Reyes,1,Mathematics in the Modern World,77.0,69.6,71.8,67.4
22-65293,Ana Reyes,1,Readings in Philippine History,79.2,89.0,69.5,71.3
22-65293,Ana Reyes,1,Purposive Communication,84.5,76.3,86.6,66.4
22-65293,Ana Reyes,1,Differential Calculus,78.7,69.7,69.3,69.1
22-65293,Ana Reyes,1,General Chemistry,81.8,76.4,79.0,67.0
22-65293,Ana Reyes,1,Computer Programming 1,75.4,91.3,74.4,63.8
22-65293,Ana Reyes,2,Engineering Drawing,75.9,72.0,80.1,68.3
22-65293,Ana Reyes,2,Contemporary World,78.9,75.4,77.0,63.6
22-65293,Ana Reyes,2,Art Appreciation,71.6,77.1,76.2,70.7
22-65293,Ana Reyes,2,"Science, Technology and Society",73.2,79.8,68.2,65.6
22-65293,Ana Reyes,2,Integral Calculus,71.1,82.3,75.2,71.2
22-65293,Ana Reyes,2,Physics 1,84.3,91.3,61.1,63.1
22-65293,Ana Reyes,3,Life and Works of Rizal,74.4,70.6,66.2,66.9
22-65293,Ana Reyes,3,Ethics,70.8,77.8,72.9,71.6
22-65293,Ana Reyes,3,Modern Biology,79.8,78.1,69.2,80.3
22-65293,Ana Reyes,3,Computer Engineering as a Discipline,79.5,64.6,66.6,60.0
22-65293,Ana Reyes,3,Programming Logic and Design,77.5,74.4,69.2,80.2
22-65293,Ana Reyes,3,Discrete Mathematics,80.1,78.8,65.8,61.6
22-65293,Ana Reyes,3,Fundamentals of Electrical Engineering,80.3,78.7,63.3,69.4
22-65293,Ana Reyes,3,Computer-Aided Design,80.1,76.4,69.6,67.2
22-65293,Ana Reyes,4,Engineering Economics,77.0,76.3,76.3,75.2
22-65293,Ana Reyes,4,Engineering Data Analysis,75.0,71.7,74.0,71.2
22-65293,Ana Reyes,4,Differential Equations,74.2,79.2,77.3,75.3
22-65293,Ana Reyes,4,Object Oriented Programming,88.1,69.9,72.1,68.2
22-65293,Ana Reyes,4,Advanced Engineering Mathematics for CpE,76.2,70.6,62.5,68.1
22-65293,Ana Reyes,4,Cognate/Elective Course 1,72.8,75.6,67.3,61.5
22-65293,Ana Reyes,4,Electronic Circuits: Devices and Analysis,81.5,78.6,77.9,83.6
22-65293,Ana Reyes,4,Basic Occupational Health and Safety,79.8,78.7,66.2,61.0
22-65293,Ana Reyes,4,Numerical Methods,86.3,68.9,65.1,67.3
22-65293,Ana Reyes,4,Kontekstwalisadong Komunikasyon sa Filipino,77.5,70.3,70.8,76.1
22-65293,Ana Reyes,5,Logic Circuits and Design,75.2,69.3,80.1,73.4
22-65293,Ana Reyes,5,Data Structures and Algorithms,73.7,65.6,67.6,67.8
22-65293,Ana Reyes,5,"Introduction to Networks, Data and Digital Communications (CISCO 1)",84.4,68.9,71.5,72.2
22-65293,Ana Reyes,5,Fundamentals of Mixed Signals and Sensors,65.8,83.9,67.4,72.4
22-65293,Ana Reyes,5,Feedback and Control Systems,78.3,81.0,74.7,60.0
22-65293,Ana Reyes,5,Introduction to HDL,75.3,78.5,73.3,73.3
22-65293,Ana Reyes,5,Research Methods,82.8,79.4,71.3,60.0
22-65293,Ana Reyes,5,Filipino sa Iba't Ibang Disiplina,75.4,78.2,66.1,72.5
22-65293,Ana Reyes,6,Microprocessors,85.5,78.4,60.0,62.8
22-65293,Ana Reyes,6,Software Design,88.8,71.8,60.1,75.6
22-65293,Ana Reyes,6,Routing and Switching (CISCO 2),77.5,81.7,73.7,70.9
22-65293,Ana Reyes,6,Digital Signal Processing,78.9,78.7,85.1,73.4
22-65293,Ana Reyes,6,Emerging Technologies in CpE,68.0,77.8,78.9,75.4
22-65293,Ana Reyes,6,CpE Practice and Design 1,75.5,82.7,78.2,84.2
22-65293,Ana Reyes,6,Cognate/Elective Course 2,72.9,72.1,70.2,65.2
22-65293,Ana Reyes,7,Scaling Networks (CISCO 3),72.1,60.0,69.4,70.4
22-65293,Ana Reyes,7,Operating Systems,74.5,86.7,72.1,75.9
22-65293,Ana Reyes,7,Computer Architecture and Organization,81.6,82.6,76.1,78.7
22-65293,Ana Reyes,7,Computer Engineering Drafting and Design,80.4,80.6,76.6,68.7
22-65293,Ana Reyes,7,Connecting Networks and Security (CISCO 4),79.9,88.5,70.4,70.7
22-65293,Ana Reyes,7,Embedded Systems,87.6,84.5,74.5,60.0
22-65293,Ana Reyes,7,Seminars and Fieldtrips,81.2,62.4,81.4,69.7
22-65293,Ana Reyes,7,Manufacturing and Quality Control,86.1,72.2,65.1,72.0
22-65293,Ana Reyes,7,Cognate/Elective Course 3 (Data Mining / AI Track),77.2,72.2,72.5,84.8
22-65293,Ana Reyes,7,ASEAN Literature,83.1,82.0,77.7,77.6
22-65293,Ana Reyes,8,Technopreneurship,76.9,63.4,71.5,73.6
22-65293,Ana Reyes,8,On-the-Job Training,72.3,74.7,68.5,77.7
22-65293,Ana Reyes,8,CpE Practice and Design 2,82.6,79.7,76.4,68.5
22-67259,Juan Mendoza,1,Introduction to Engineering,80.6,70.0,60.8,70.8
22-67259,Juan Mendoza,1,Understanding the Self,81.4,84.3,83.3,79.3
22-67259,Juan Mendoza,1,Mathematics in the Modern World,72.8,74.3,76.2,84.5
22-67259,Juan Mendoza,1,Readings in Philippine History,88.3,83.8,71.6,64.6
22-67259,Juan Mendoza,1,Purposive Communication,84.2,70.5,72.5,69.2
22-67259,Juan Mendoza,1,Differential Calculus,88.4,74.3,60.0,72.4
22-67259,Juan Mendoza,1,General Chemistry,74.6,76.7,72.8,67.7
22-67259,Juan Mendoza,1,Computer Programming 1,82.4,66.1,69.1,72.4
22-67259,Juan Mendoza,2,Engineering Drawing,78.2,69.8,80.2,78.8
22-67259,Juan Mendoza,2,Contemporary World,79.2,65.3,78.1,60.0
22-67259,Juan Mendoza,2,Art Appreciation,81.3,71.8,66.9,67.3
22-67259,Juan Mendoza,2,"Science, Technology and Society",78.4,73.2,77.4,67.2
22-67259,Juan Mendoza,2,Integral Calculus,84.7,78.1,69.1,64.1
22-67259,Juan Mendoza,2,Physics 1,68.9,78.2,71.2,60.0
22-67259,Juan Mendoza,3,Life and Works of Rizal,76.2,71.7,83.4,60.0
22-67259,Juan Mendoza,3,Ethics,70.8,83.7,82.0,65.5
22-67259,Juan Mendoza,3,Modern Biology,75.0,80.1,60.0,60.0
22-67259,Juan Mendoza,3,Computer Engineering as a Discipline,77.8,86.4,71.3,70.5
22-67259,Juan Mendoza,3,Programming Logic and Design,84.5,88.0,68.8,68.2
22-67259,Juan Mendoza,3,Discrete Mathematics,89.7,67.3,79.4,63.2
22-67259,Juan Mendoza,3,Fundamentals of Electrical Engineering,82.5,78.0,70.5,66.2
22-67259,Juan Mendoza,3,Computer-Aided Design,83.6,85.4,75.4,72.5
22-67259,Juan Mendoza,4,Engineering Economics,82.9,71.2,78.3,74.8
22-67259,Juan Mendoza,4,Engineering Data Analysis,94.4,74.2,70.5,74.0
22-67259,Juan Mendoza,4,Differential Equations,83.7,73.2,70.9,72.6
22-67259,Juan Mendoza,4,Object Oriented Programming,72.7,72.9,72.8,74.3
22-67259,Juan Mendoza,4,Advanced Engineering Mathematics for CpE,75.2,65.4,61.8,61.8
22-67259,Juan Mendoza,4,Cognate/Elective Course 1,69.8,74.4,65.1,64.1
22-67259,Juan Mendoza,4,Electronic Circuits: Devices and Analysis,77.3,76.8,84.1,76.1
22-67259,Juan Mendoza,4,Basic Occupational Health and Safety,79.6,74.3,71.3,71.9
22-67259,Juan Mendoza,4,Numerical Methods,82.3,71.0,73.5,60.0
22-67259,Juan Mendoza,4,Kontekstwalisadong Komunikasyon sa Filipino,80.7,81.7,72.2,80.8
22-67259,Juan Mendoza,5,Logic Circuits and Design,76.6,80.8,76.0,71.5
22-67259,Juan Mendoza,5,Data Structures and Algorithms,77.0,76.0,77.3,76.6
22-67259,Juan Mendoza,5,"Introduction to Networks, Data and Digital Communications (CISCO 1)",77.6,80.2,68.0,72.9
22-67259,Juan Mendoza,5,Fundamentals of Mixed Signals and Sensors,77.4,86.0,89.5,71.4
22-67259,Juan Mendoza,5,Feedback and Control Systems,65.6,73.1,80.7,72.7
22-67259,Juan Mendoza,5,Introduction to HDL,83.4,85.5,79.1,79.4
22-67259,Juan Mendoza,5,Research Methods,85.0,86.2,76.1,75.4
22-67259,Juan Mendoza,5,Filipino sa Iba't Ibang Disiplina,77.6,73.5,84.1,71.2
22-67259,Juan Mendoza,6,Microprocessors,86.8,80.2,72.7,72.2
22-67259,Juan Mendoza,6,Software Design,86.3,78.7,61.9,67.0
22-67259,Juan Mendoza,6,Routing and Switching (CISCO 2),88.3,74.0,61.4,79.7
22-67259,Juan Mendoza,6,Digital Signal Processing,82.9,76.0,71.1,75.8
22-67259,Juan Mendoza,6,Emerging Technologies in CpE,74.4,82.2,75.5,69.8
22-67259,Juan Mendoza,6,CpE Practice and Design 1,80.3,76.0,80.2,64.7
22-67259,Juan Mendoza,6,Cognate/Elective Course 2,67.9,79.0,76.0,71.2
22-67259,Juan Mendoza,7,Scaling Networks (CISCO 3),80.1,73.4,76.9,68.1
22-67259,Juan Mendoza,7,Operating Systems,74.7,73.5,84.3,60.0
22-67259,Juan Mendoza,7,Computer Architecture and Organization,84.9,69.4,75.5,69.5
22-67259,Juan Mendoza,7,Computer Engineering Drafting and Design,69.4,81.8,73.9,60.0
22-67259,Juan Mendoza,7,Connecting Networks and Security (CISCO 4),82.7,83.9,81.2,70.5
22-67259,Juan Mendoza,7,Embedded Systems,82.2,87.4,86.3,78.9
22-67259,Juan Mendoza,7,Seminars and Fieldtrips,73.8,78.3,76.5,60.0
22-67259,Juan Mendoza,7,Manufacturing and Quality Control,84.7,93.1,80.0,80.9
22-67259,Juan Mendoza,7,Cognate/Elective Course 3 (Data Mining / AI Track),78.7,74.9,74.5,63.4
22-67259,Juan Mendoza,7,ASEAN Literature,73.7,84.7,82.1,64.0
22-67259,Juan Mendoza,8,Technopreneurship,85.3,76.6,75.9,72.7
22-67259,Juan Mendoza,8,On-the-Job Training,85.4,77.6,82.4,71.8
22-67259,Juan Mendoza,8,CpE Practice and Design 2,83.2,72.1,86.9,72.7
22-18558,Jose Garcia,1,Introduction to Engineering,78.4,62.3,64.0,72.7
22-18558,Jose Garcia,1,Understanding the Self,75.9,60.5,75.2,62.0
22-18558,Jose Garcia,1,Mathematics in the Modern World,83.9,72.6,71.4,73.4
22-18558,Jose Garcia,1,Readings in Philippine History,68.8,66.0,67.8,70.2
22-18558,Jose Garcia,1,Purposive Communication,66.2,61.9,73.9,61.6
22-18558,Jose Garcia,1,Differential Calculus,73.1,62.0,66.1,66.3
22-18558,Jose Garcia,1,General Chemistry,81.0,68.5,80.1,62.3
22-18558,Jose Garcia,1,Computer Programming 1,70.5,81.5,70.6,62.3
22-18558,Jose Garcia,2,Engineering Drawing,71.6,78.5,76.2,60.0
22-18558,Jose Garcia,2,Contemporary World,73.9,72.5,63.1,64.9
22-18558,Jose Garcia,2,Art Appreciation,74.2,78.8,76.2,63.3
22-18558,Jose Garcia,2,"Science, Technology and Society",72.9,75.9,65.5,68.8
22-18558,Jose Garcia,2,Integral Calculus,74.9,67.3,64.4,75.1
22-18558,Jose Garcia,2,Physics 1,74.5,83.0,67.1,68.1
22-18558,Jose Garcia,3,Life and Works of Rizal,88.5,65.6,60.0,73.0
22-18558,Jose Garcia,3,Ethics,69.2,71.8,65.5,66.9
22-18558,Jose Garcia,3,Modern Biology,69.7,72.1,72.8,60.3
22-18558,Jose Garcia,3,Computer Engineering as a Discipline,70.0,69.9,60.4,62.7
22-18558,Jose Garcia,3,Programming Logic and Design,75.3,69.9,67.7,65.5
22-18558,Jose Garcia,3,Discrete Mathematics,71.5,77.3,78.8,63.6
22-18558,Jose Garcia,3,Fundamentals of Electrical Engineering,75.4,68.9,69.6,73.2
22-18558,Jose Garcia,3,Computer-Aided Design,75.6,60.0,70.2,71.2
22-18558,Jose Garcia,4,Engineering Economics,72.8,77.9,64.8,60.0
22-18558,Jose Garcia,4,Engineering Data Analysis,76.3,62.6,68.7,74.1
22-18558,Jose Garcia,4,Differential Equations,64.0,65.5,64.0,66.0
22-18558,Jose Garcia,4,Object Oriented Programming,72.4,80.7,75.1,68.6
22-18558,Jose Garcia,4,Advanced Engineering Mathematics for CpE,76.3,75.5,65.0,71.5
22-18558,Jose Garcia,4,Cognate/Elective Course 1,67.9,77.3,76.4,66.9
22-18558,Jose Garcia,4,Electronic Circuits: Devices and Analysis,71.5,72.7,60.0,65.6
22-18558,Jose Garcia,4,Basic Occupational Health and Safety,73.5,71.6,73.2,64.8
22-18558,Jose Garcia,4,Numerical Methods,68.6,72.3,70.6,67.1
22-18558,Jose Garcia,4,Kontekstwalisadong Komunikasyon sa Filipino,75.1,78.2,62.5,66.3
22-18558,Jose Garcia,5,Logic Circuits and Design,80.3,60.0,68.5,60.3
22-18558,Jose Garcia,5,Data Structures and Algorithms,72.3,66.9,68.3,76.7
22-18558,Jose Garcia,5,"Introduction to Networks, Data and Digital Communications (CISCO 1)",67.0,65.3,61.5,76.0
22-18558,Jose Garcia,5,Fundamentals of Mixed Signals and Sensors,69.7,70.2,65.0,60.0
22-18558,Jose Garcia,5,Feedback and Control Systems,74.0,87.9,78.5,61.3
22-18558,Jose Garcia,5,Introduction to HDL,76.4,65.3,60.0,69.9
22-18558,Jose Garcia,5,Research Methods,81.1,78.2,66.2,64.3
22-18558,Jose Garcia,5,Filipino sa Iba't Ibang Disiplina,78.7,74.3,66.6,60.0
22-18558,Jose Garcia,6,Microprocessors,73.2,76.8,60.3,67.6
22-18558,Jose Garcia,6,Software Design,76.5,76.8,74.6,61.4
22-18558,Jose Garcia,6,Routing and Switching (CISCO 2),64.8,69.1,74.7,62.4
22-18558,Jose Garcia,6,Digital Signal Processing,71.3,62.2,80.7,71.3
22-18558,Jose Garcia,6,Emerging Technologies in CpE,79.2,78.1,72.8,64.1
22-18558,Jose Garcia,6,CpE Practice and Design 1,73.2,69.4,84.8,68.6
22-18558,Jose Garcia,6,Cognate/Elective Course 2,71.8,75.1,63.3,74.6
22-18558,Jose Garcia,7,Scaling Networks (CISCO 3),70.6,75.3,75.7,67.9
22-18558,Jose Garcia,7,Operating Systems,75.1,72.4,69.0,62.1
22-18558,Jose Garcia,7,Computer Architecture and Organization,69.8,79.2,66.8,60.0
22-18558,Jose Garcia,7,Computer Engineering Drafting and Design,69.4,76.9,71.5,67.2
22-18558,Jose Garcia,7,Connecting Networks and Security (CISCO 4),73.0,75.8,65.5,64.0
22-18558,Jose Garcia,7,Embedded Systems,78.3,75.6,61.5,60.0
22-18558,Jose Garcia,7,Seminars and Fieldtrips,74.8,82.3,60.0,66.9
22-18558,Jose Garcia,7,Manufacturing and Quality Control,64.3,66.5,65.3,61.3
22-18558,Jose Garcia,7,Cognate/Elective Course 3 (Data Mining / AI Track),71.3,72.4,66.1,60.0
22-18558,Jose Garcia,7,ASEAN Literature,78.8,76.5,74.0,60.0
22-18558,Jose Garcia,8,Technopreneurship,76.0,76.0,62.8,65.3
22-18558,Jose Garcia,8,On-the-Job Training,73.5,83.0,80.5,60.0
22-18558,Jose Garcia,8,CpE Practice and Design 2,89.1,66.4,74.9,71.1
22-65967,Isabel Dela Cruz,1,Introduction to Engineering,75.3,81.8,74.9,74.8
22-65967,Isabel Dela Cruz,1,Understanding the Self,82.7,86.0,76.0,70.5
22-65967,Isabel Dela Cruz,1,Mathematics in the Modern World,89.3,83.7,81.3,68.8
22-65967,Isabel Dela Cruz,1,Readings in Philippine History,75.0,75.4,71.9,76.2
22-65967,Isabel Dela Cruz,1,Purposive Communication,87.1,77.9,84.2,79.7
22-65967,Isabel Dela Cruz,1,Differential Calculus,84.1,75.3,86.3,72.4
22-65967,Isabel Dela Cruz,1,General Chemistry,83.4,78.2,71.6,63.9
22-65967,Isabel Dela Cruz,1,Computer Programming 1,84.1,73.2,93.0,64.2
22-65967,Isabel Dela Cruz,2,Engineering Drawing,73.3,81.5,84.3,71.5
22-65967,Isabel Dela Cruz,2,Contemporary World,84.7,67.8,71.5,65.1
22-65967,Isabel Dela Cruz,2,Art Appreciation,69.9,79.5,62.1,63.6
22-65967,Isabel Dela Cruz,2,"Science, Technology and Society",78.0,73.8,78.0,73.3
22-65967,Isabel Dela Cruz,2,Integral Calculus,88.0,84.7,83.7,72.7
22-65967,Isabel Dela Cruz,2,Physics 1,84.5,83.3,77.7,70.4
22-65967,Isabel Dela Cruz,3,Life and Works of Rizal,79.3,73.9,78.1,71.0
22-65967,Isabel Dela Cruz,3,Ethics,77.3,74.9,68.3,77.4
22-65967,Isabel Dela Cruz,3,Modern Biology,83.2,75.0,81.7,69.4
22-65967,Isabel Dela Cruz,3,Computer Engineering as a Discipline,72.8,85.0,72.4,69.1
22-65967,Isabel Dela Cruz,3,Programming Logic and Design,80.6,84.8,74.8,63.5
22-65967,Isabel Dela Cruz,3,Discrete Mathematics,85.9,77.3,88.2,72.8
22-65967,Isabel Dela Cruz,3,Fundamentals of Electrical Engineering,67.4,80.5,86.8,80.6
22-65967,Isabel Dela Cruz,3,Computer-Aided Design,91.8,72.3,80.6,66.8
22-65967,Isabel Dela Cruz,4,Engineering Economics,82.6,71.2,71.7,67.5
22-65967,Isabel Dela Cruz,4,Engineering Data Analysis,88.1,85.0,78.6,64.7
22-65967,Isabel Dela Cruz,4,Differential Equations,80.8,75.7,82.1,79.8
22-65967,Isabel Dela Cruz,4,Object Oriented Programming,86.6,73.4,60.0,60.1
22-65967,Isabel Dela Cruz,4,Advanced Engineering Mathematics for CpE,91.2,77.8,72.4,82.6
22-65967,Isabel Dela Cruz,4,Cognate/Elective Course 1,87.9,78.0,72.9,69.9
22-65967,Isabel Dela Cruz,4,Electronic Circuits: Devices and Analysis,82.2,88.0,77.7,75.5
22-65967,Isabel Dela Cruz,4,Basic Occupational Health and Safety,88.3,71.8,80.1,69.7
22-65967,Isabel Dela Cruz,4,Numerical Methods,67.6,67.4,70.8,75.9
22-65967,Isabel Dela Cruz,4,Kontekstwalisadong Komunikasyon sa Filipino,82.0,79.9,87.3,63.9
22-65967,Isabel Dela Cruz,5,Logic Circuits and Design,80.7,80.2,70.7,71.3
22-65967,Isabel Dela Cruz,5,Data Structures and Algorithms,70.7,86.4,70.6,82.9
22-65967,Isabel Dela Cruz,5,"Introduction to Networks, Data and Digital Communications (CISCO 1)",80.1,84.1,74.4,70.5
22-65967,Isabel Dela Cruz,5,Fundamentals of Mixed Signals and Sensors,77.3,79.1,77.1,66.4
22-65967,Isabel Dela Cruz,5,Feedback and Control Systems,81.9,76.5,90.7,72.2
22-65967,Isabel Dela Cruz,5,Introduction to HDL,90.1,77.2,76.7,63.2
22-65967,Isabel Dela Cruz,5,Research Methods,78.6,80.1,85.1,72.8
22-65967,Isabel Dela Cruz,5,Filipino sa Iba't Ibang Disiplina,89.6,82.7,85.3,71.2
22-65967,Isabel Dela Cruz,6,Microprocessors,95.2,75.5,70.6,63.9
22-65967,Isabel Dela Cruz,6,Software Design,94.3,82.8,72.7,78.2
22-65967,Isabel Dela Cruz,6,Routing and Switching (CISCO 2),84.4,89.7,65.4,69.1
22-65967,Isabel Dela Cruz,6,Digital Signal Processing,79.9,68.4,83.3,71.1
22-65967,Isabel Dela Cruz,6,Emerging Technologies in CpE,84.7,92.1,72.6,68.1
22-65967,Isabel Dela Cruz,6,CpE Practice and Design 1,82.0,84.8,72.2,67.7
22-65967,Isabel Dela Cruz,6,Cognate/Elective Course 2,86.6,80.2,62.4,63.3
22-65967,Isabel Dela Cruz,7,Scaling Networks (CISCO 3),89.3,80.3,70.1,69.6
22-65967,Isabel Dela Cruz,7,Operating Systems,80.4,82.3,66.5,65.6
22-65967,Isabel Dela Cruz,7,Computer Architecture and Organization,82.5,77.8,78.6,63.7
22-65967,Isabel Dela Cruz,7,Computer Engineering Drafting and Design,83.0,84.9,78.1,72.0
22-65967,Isabel Dela Cruz,7,Connecting Networks and Security (CISCO 4),79.7,72.9,74.3,78.2
22-65967,Isabel Dela Cruz,7,Embedded Systems,80.1,73.1,72.2,72.3
22-65967,Isabel Dela Cruz,7,Seminars and Fieldtrips,79.0,81.7,78.7,76.8
22-65967,Isabel Dela Cruz,7,Manufacturing and Quality Control,89.4,84.4,69.6,65.7
22-65967,Isabel Dela Cruz,7,Cognate/Elective Course 3 (Data Mining / AI Track),79.8,75.2,67.9,68.0
22-65967,Isabel Dela Cruz,7,ASEAN Literature,78.4,74.8,73.7,78.6
22-65967,Isabel Dela Cruz,8,Technopreneurship,82.5,93.7,76.6,69.8
22-65967,Isabel Dela Cruz,8,On-the-Job Training,81.3,80.4,78.2,84.0
22-65967,Isabel Dela Cruz,8,CpE Practice and Design 2,76.2,84.0,76.8,62.1
22-75313,Diego Castro,1,Introduction to Engineering,86.1,86.7,70.6,71.7
22-75313,Diego Castro,1,Understanding the Self,71.1,71.5,82.1,68.9
22-75313,Diego Castro,1,Mathematics in the Modern World,74.2,79.9,72.1,68.4
22-75313,Diego Castro,1,Readings in Philippine History,85.9,72.1,70.4,72.6
22-75313,Diego Castro,1,Purposive Communication,87.3,86.5,71.8,77.3
22-75313,Diego Castro,1,Differential Calculus,76.2,89.4,68.4,79.2
22-75313,Diego Castro,1,General Chemistry,77.0,90.6,78.8,65.1
22-75313,Diego Castro,1,Computer Programming 1,78.7,84.1,82.5,71.6
22-75313,Diego Castro,2,Engineering Drawing,82.0,83.8,76.8,64.1
22-75313,Diego Castro,2,Contemporary World,76.6,80.5,83.1,81.4
22-75313,Diego Castro,2,Art Appreciation,86.2,80.8,80.3,67.7
22-75313,Diego Castro,2,"Science, Technology and Society",80.6,74.1,68.3,73.7
22-75313,Diego Castro,2,Integral Calculus,82.0,82.6,78.5,72.7
22-75313,Diego Castro,2,Physics 1,84.2,78.2,77.7,66.8
22-75313,Diego Castro,3,Life and Works of Rizal,83.7,83.1,71.8,72.0
22-75313,Diego Castro,3,Ethics,77.8,75.9,69.0,79.3
22-75313,Diego Castro,3,Modern Biology,87.3,81.7,87.1,70.1
22-75313,Diego Castro,3,Computer Engineering as a Discipline,98.0,77.7,77.3,69.3
22-75313,Diego Castro,3,Programming Logic and Design,84.1,84.4,75.5,82.7
22-75313,Diego Castro,3,Discrete Mathematics,82.3,80.1,69.8,73.7
22-75313,Diego Castro,3,Fundamentals of Electrical Engineering,80.9,75.6,71.3,87.9
22-75313,Diego Castro,3,Computer-Aided Design,80.1,70.5,71.8,71.6
22-75313,Diego Castro,4,Engineering Economics,84.8,82.4,79.8,67.8
22-75313,Diego Castro,4,Engineering Data Analysis,82.9,73.2,71.5,65.7
22-75313,Diego Castro,4,Differential Equations,73.8,84.9,79.4,77.1
22-75313,Diego Castro,4,Object Oriented Programming,82.1,84.1,65.6,77.2
22-75313,Diego Castro,4,Advanced Engineering Mathematics for CpE,82.0,82.2,77.5,65.3
22-75313,Diego Castro,4,Cognate/Elective Course 1,72.9,75.2,79.5,76.2
22-75313,Diego Castro,4,Electronic Circuits: Devices and Analysis,73.5,73.4,71.6,69.7
22-75313,Diego Castro,4,Basic Occupational Health and Safety,73.3,70.5,70.9,72.2
22-75313,Diego Castro,4,Numerical Methods,73.8,77.8,81.6,63.4
22-75313,Diego Castro,4,Kontekstwalisadong Komunikasyon sa Filipino,80.3,85.2,73.3,68.3
22-75313,Diego Castro,5,Logic Circuits and Design,88.7,77.4,82.6,74.5
22-75313,Diego Castro,5,Data Structures and Algorithms,79.8,82.3,78.1,78.2
22-75313,Diego Castro,5,"Introduction to Networks, Data and Digital Communications (CISCO 1)",78.6,79.7,75.8,76.3
22-75313,Diego Castro,5,Fundamentals of Mixed Signals and Sensors,75.5,85.3,78.8,64.0
22-75313,Diego Castro,5,Feedback and Control Systems,88.2,91.9,81.3,79.8
22-75313,Diego Castro,5,Introduction to HDL,82.2,69.3,64.9,73.4
22-75313,Diego Castro,5,Research Methods,77.9,73.6,75.4,75.4
22-75313,Diego Castro,5,Filipino sa Iba't Ibang Disiplina,72.8,76.4,84.8,65.3
22-75313,Diego Castro,6,Microprocessors,86.9,76.3,79.3,78.5
22-75313,Diego Castro,6,Software Design,86.3,84.9,69.2,78.7
22-75313,Diego Castro,6,Routing and Switching (CISCO 2),76.8,81.0,77.7,75.0
22-75313,Diego Castro,6,Digital Signal Processing,82.9,73.4,67.1,76.4
22-75313,Diego Castro,6,Emerging Technologies in CpE,83.0,86.3,75.9,63.6
22-75313,Diego Castro,6,CpE Practice and Design 1,87.3,76.8,77.8,67.8
22-75313,Diego Castro,6,Cognate/Elective Course 2,91.7,74.2,74.1,72.7
22-75313,Diego Castro,7,Scaling Networks (CISCO 3),75.3,81.4,85.8,69.1
22-75313,Diego Castro,7,Operating Systems,84.3,62.9,75.9,70.2
22-75313,Diego Castro,7,Computer Architecture and Organization,76.8,85.7,74.0,70.8
22-75313,Diego Castro,7,Computer Engineering Drafting and Design,79.4,67.7,69.2,77.7
22-75313,Diego Castro,7,Connecting Networks and Security (CISCO 4),69.2,74.8,73.8,82.5
22-75313,Diego Castro,7,Embedded Systems,86.3,75.9,83.8,67.4
22-75313,Diego Castro,7,Seminars and Fieldtrips,87.5,70.9,82.2,69.3
22-75313,Diego Castro,7,Manufacturing and Quality Control,75.5,77.9,77.6,68.9
22-75313,Diego Castro,7,Cognate/Elective Course 3 (Data Mining / AI Track),85.2,75.9,79.9,74.7
22-75313,Diego Castro,7,ASEAN Literature,81.1,76.4,76.7,75.0
22-75313,Diego Castro,8,Technopreneurship,93.9,84.7,81.6,90.2
22-75313,Diego Castro,8,On-the-Job Training,84.6,82.0,80.0,65.7
22-75313,Diego Castro,8,CpE Practice and Design 2,78.8,76.0,79.7,70.7
22-62270,Lucia Castro,1,Introduction to Engineering,79.6,82.9,78.4,68.3
22-62270,Lucia Castro,1,Understanding the Self,74.8,83.2,77.9,60.0
22-62270,Lucia Castro,1,Mathematics in the Modern World,75.6,76.2,76.7,73.7
22-62270,Lucia Castro,1,Readings in Philippine History,80.5,79.9,73.6,65.3
22-62270,Lucia Castro,1,Purposive Communication,77.2,76.5,73.0,60.0
22-62270,Lucia Castro,1,Differential Calculus,75.1,75.5,70.4,66.7
22-62270,Lucia Castro,1,General Chemistry,80.4,68.7,62.3,66.1
22-62270,Lucia Castro,1,Computer Programming 1,82.0,85.2,76.7,60.0
22-62270,Lucia Castro,2,Engineering Drawing,80.0,80.5,76.7,74.8
22-62270,Lucia Castro,2,Contemporary World,73.3,76.8,75.8,74.3
22-62270,Lucia Castro,2,Art Appreciation,73.9,74.3,60.0,65.6
22-62270,Lucia Castro,2,"Science, Technology and Society",75.6,70.3,74.3,69.0
22-62270,Lucia Castro,2,Integral Calculus,63.9,76.5,66.5,71.1
22-62270,Lucia Castro,2,Physics 1,69.8,75.4,70.4,70.0
22-62270,Lucia Castro,3,Life and Works of Rizal,79.5,74.9,64.0,60.5
22-62270,Lucia Castro,3,Ethics,75.3,76.4,69.6,73.1
22-62270,Lucia Castro,3,Modern Biology,75.8,69.4,70.4,69.6
22-62270,Lucia Castro,3,Computer Engineering as a Discipline,80.7,87.7,69.2,68.9
22-62270,Lucia Castro,3,Programming Logic and Design,80.0,75.0,69.0,60.0
22-62270,Lucia Castro,3,Discrete Mathematics,74.4,68.7,61.7,63.4
22-62270,Lucia Castro,3,Fundamentals of Electrical Engineering,75.1,82.4,79.3,66.2
22-62270,Lucia Castro,3,Computer-Aided Design,79.8,67.8,72.7,74.0
22-62270,Lucia Castro,4,Engineering Economics,83.7,72.1,79.6,60.2
22-62270,Lucia Castro,4,Engineering Data Analysis,70.0,79.4,82.1,71.2
22-62270,Lucia Castro,4,Differential Equations,77.3,62.0,60.0,69.0
22-62270,Lucia Castro,4,Object Oriented Programming,75.3,68.5,72.4,68.8
22-62270,Lucia Castro,4,Advanced Engineering Mathematics for CpE,83.2,76.0,79.4,68.2
22-62270,Lucia Castro,4,Cognate/Elective Course 1,76.8,81.5,66.2,85.0
22-62270,Lucia Castro,4,Electronic Circuits: Devices and Analysis,83.6,81.2,78.8,82.9
22-62270,Lucia Castro,4,Basic Occupational Health and Safety,83.5,66.8,81.7,67.3
22-62270,Lucia Castro,4,Numerical Methods,78.1,67.5,75.2,64.3
22-62270,Lucia Castro,4,Kontekstwalisadong Komunikasyon sa Filipino,79.4,74.7,84.8,81.2
22-62270,Lucia Castro,5,Logic Circuits and Design,81.7,79.3,73.4,78.2
22-62270,Lucia Castro,5,Data Structures and Algorithms,75.5,72.6,77.9,64.9
22-62270,Lucia Castro,5,"Introduction to Networks, Data and Digital Communications (CISCO 1)",77.2,65.6,76.2,79.8
22-62270,Lucia Castro,5,Fundamentals of Mixed Signals and Sensors,85.7,87.7,70.6,73.0
22-62270,Lucia Castro,5,Feedback and Control Systems,71.8,73.8,76.7,68.8
22-62270,Lucia Castro,5,Introduction to HDL,72.9,71.0,67.4,74.6
22-62270,Lucia Castro,5,Research Methods,91.2,84.6,61.9,77.8
22-62270,Lucia Castro,5,Filipino sa Iba't Ibang Disiplina,84.4,67.1,71.4,75.9
22-62270,Lucia Castro,6,Microprocessors,84.7,71.1,79.3,60.0
22-62270,Lucia Castro,6,Software Design,76.1,81.9,72.1,65.2
22-62270,Lucia Castro,6,Routing and Switching (CISCO 2),82.8,81.0,79.9,73.4
22-62270,Lucia Castro,6,Digital Signal Processing,84.0,79.6,73.7,68.7
22-62270,Lucia Castro,6,Emerging Technologies in CpE,76.0,67.8,66.3,66.5
22-62270,Lucia Castro,6,CpE Practice and Design 1,80.2,85.1,73.0,75.3
22-62270,Lucia Castro,6,Cognate/Elective Course 2,83.9,73.7,75.6,66.7
22-62270,Lucia Castro,7,Scaling Networks (CISCO 3),85.4,78.9,64.9,69.1
22-62270,Lucia Castro,7,Operating Systems,87.3,74.0,74.7,71.4
22-62270,Lucia Castro,7,Computer Architecture and Organization,75.2,82.0,67.3,67.9
22-62270,Lucia Castro,7,Computer Engineering Drafting and Design,87.8,81.1,73.9,74.3
22-62270,Lucia Castro,7,Connecting Networks and Security (CISCO 4),77.1,75.2,76.0,63.8
22-62270,Lucia Castro,7,Embedded Systems,81.6,77.1,66.2,66.1
22-62270,Lucia Castro,7,Seminars and Fieldtrips,88.2,78.7,65.3,60.1
22-62270,Lucia Castro,7,Manufacturing and Quality Control,80.7,88.3,74.6,79.5
22-62270,Lucia Castro,7,Cognate/Elective Course 3 (Data Mining / AI Track),79.6,77.9,64.0,73.8
22-62270,Lucia Castro,7,ASEAN Literature,76.8,81.6,68.4,70.4
22-62270,Lucia Castro,8,Technopreneurship,80.9,75.5,75.7,67.7
22-62270,Lucia Castro,8,On-the-Job Training,74.9,86.0,79.6,64.8
22-62270,Lucia Castro,8,CpE Practice and Design 2,82.2,72.0,66.1,75.5
22-17604,Rosa Reyes,1,Introduction to Engineering,70.9,84.2,73.9,70.1
22-17604,Rosa Reyes,1,Understanding the Self,83.5,82.1,70.5,75.7
22-17604,Rosa Reyes,1,Mathematics in the Modern World,83.0,72.3,75.5,80.7
22-17604,Rosa Reyes,1,Readings in Philippine History,91.1,83.0,68.3,74.3
22-17604,Rosa Reyes,1,Purposive Communication,86.2,83.0,80.1,73.5
22-17604,Rosa Reyes,1,Differential Calculus,81.9,76.2,65.2,74.5
22-17604,Rosa Reyes,1,General Chemistry,83.4,83.2,68.5,76.3
22-17604,Rosa Reyes,1,Computer Programming 1,92.6,78.3,74.3,72.5
22-17604,Rosa Reyes,2,Engineering Drawing,92.9,72.1,76.3,66.2
22-17604,Rosa Reyes,2,Contemporary World,77.8,78.4,83.5,82.2
22-17604,Rosa Reyes,2,Art Appreciation,83.8,76.4,90.4,68.8
22-17604,Rosa Reyes,2,"Science, Technology and Society",77.7,68.0,83.8,77.2
22-17604,Rosa Reyes,2,Integral Calculus,96.8,71.5,85.3,72.9
22-17604,Rosa Reyes,2,Physics 1,87.2,70.0,85.4,77.2
22-17604,Rosa Reyes,3,Life and Works of Rizal,80.9,82.5,70.8,67.9
22-17604,Rosa Reyes,3,Ethics,78.3,67.5,80.6,78.5
22-17604,Rosa Reyes,3,Modern Biology,78.1,81.9,75.0,74.4
22-17604,Rosa Reyes,3,Computer Engineering as a Discipline,77.3,73.4,81.7,71.0
22-17604,Rosa Reyes,3,Programming Logic and Design,92.4,78.1,69.1,78.0
22-17604,Rosa Reyes,3,Discrete Mathematics,86.1,84.2,83.7,68.5
22-17604,Rosa Reyes,3,Fundamentals of Electrical Engineering,79.9,77.2,67.3,69.4
22-17604,Rosa Reyes,3,Computer-Aided Design,88.7,79.7,67.0,61.7
22-17604,Rosa Reyes,4,Engineering Economics,91.1,78.1,71.5,69.7
22-17604,Rosa Reyes,4,Engineering Data Analysis,73.5,88.4,74.2,80.6
22-17604,Rosa Reyes,4,Differential Equations,82.6,88.4,78.1,77.6
22-17604,Rosa Reyes,4,Object Oriented Programming,84.6,81.6,76.7,69.2
22-17604,Rosa Reyes,4,Advanced Engineering Mathematics for CpE,93.8,74.4,76.6,72.5
22-17604,Rosa Reyes,4,Cognate/Elective Course 1,82.7,75.3,76.5,69.6
22-17604,Rosa Reyes,4,Electronic Circuits: Devices and Analysis,71.2,78.3,68.4,60.6
22-17604,Rosa Reyes,4,Basic Occupational Health and Safety,81.9,81.6,78.6,74.8
22-17604,Rosa Reyes,4,Numerical Methods,70.7,71.7,88.4,66.2
22-17604,Rosa Reyes,4,Kontekstwalisadong Komunikasyon sa Filipino,84.8,74.5,75.9,67.6
22-17604,Rosa Reyes,5,Logic Circuits and Design,84.1,79.1,72.3,64.7
22-17604,Rosa Reyes,5,Data Structures and Algorithms,81.9,70.6,77.2,86.4
22-17604,Rosa Reyes,5,"Introduction to Networks, Data and Digital Communications (CISCO 1)",88.4,82.2,74.1,60.0
22-17604,Rosa Reyes,5,Fundamentals of Mixed Signals and Sensors,72.8,86.0,70.3,66.8
22-17604,Rosa Reyes,5,Feedback and Control Systems,81.3,73.5,69.2,72.1
22-17604,Rosa Reyes,5,Introduction to HDL,75.3,73.8,70.4,74.1
22-17604,Rosa Reyes,5,Research Methods,79.7,77.6,79.0,70.5
22-17604,Rosa Reyes,5,Filipino sa Iba't Ibang Disiplina,79.4,81.5,79.4,70.5
22-17604,Rosa Reyes,6,Microprocessors,81.2,73.6,69.9,75.6
22-17604,Rosa Reyes,6,Software Design,82.9,80.6,76.3,70.9
22-17604,Rosa Reyes,6,Routing and Switching (CISCO 2),84.4,83.5,80.1,70.0
22-17604,Rosa Reyes,6,Digital Signal Processing,90.6,81.2,80.4,74.1
22-17604,Rosa Reyes,6,Emerging Technologies in CpE,81.7,73.4,78.8,87.7
22-17604,Rosa Reyes,6,CpE Practice and Design 1,78.8,79.1,72.7,68.4
22-17604,Rosa Reyes,6,Cognate/Elective Course 2,89.5,73.8,71.8,61.1
22-17604,Rosa Reyes,7,Scaling Networks (CISCO 3),75.7,67.6,78.4,87.4
22-17604,Rosa Reyes,7,Operating Systems,78.1,67.8,80.0,66.3
22-17604,Rosa Reyes,7,Computer Architecture and Organization,88.5,76.6,71.2,69.9
22-17604,Rosa Reyes,7,Computer Engineering Drafting and Design,85.2,76.9,72.1,69.8
22-17604,Rosa Reyes,7,Connecting Networks and Security (CISCO 4),72.6,80.2,63.9,68.0
22-17604,Rosa Reyes,7,Embedded Systems,85.2,80.1,78.6,70.6
22-17604,Rosa Reyes,7,Seminars and Fieldtrips,88.1,84.2,78.1,76.9
22-17604,Rosa Reyes,7,Manufacturing and Quality Control,85.2,75.6,67.0,73.5
22-17604,Rosa Reyes,7,Cognate/Elective Course 3 (Data Mining / AI Track),83.5,84.4,69.0,65.2
22-17604,Rosa Reyes,7,ASEAN Literature,83.8,78.2,64.1,73.6
22-17604,Rosa Reyes,8,Technopreneurship,70.0,73.0,83.5,82.3
22-17604,Rosa Reyes,8,On-the-Job Training,73.8,76.7,75.7,82.0
22-17604,Rosa Reyes,8,CpE Practice and Design 2,78.1,75.8,84.7,69.1
22-57089,Ana Santos,1,Introduction to Engineering,82.3,66.7,71.4,60.0
22-57089,Ana Santos,1,Understanding the Self,71.6,80.6,72.2,66.7
22-57089,Ana Santos,1,Mathematics in the Modern World,72.3,73.2,73.2,73.5
22-57089,Ana Santos,1,Readings in Philippine History,62.2,70.6,73.4,68.0
22-57089,Ana Santos,1,Purposive Communication,80.3,77.2,70.6,65.4
22-57089,Ana Santos,1,Differential Calculus,75.3,81.4,67.0,67.2
22-57089,Ana Santos,1,General Chemistry,77.9,83.9,69.6,73.3
22-57089,Ana Santos,1,Computer Programming 1,84.9,74.8,70.9,66.3
22-57089,Ana Santos,2,Engineering Drawing,77.9,82.2,75.2,71.3
22-57089,Ana Santos,2,Contemporary World,71.2,69.8,85.3,67.5
22-57089,Ana Santos,2,Art Appreciation,73.3,84.2,74.2,72.0
22-57089,Ana Santos,2,"Science, Technology and Society",77.1,73.7,71.5,60.3
22-57089,Ana Santos,2,Integral Calculus,76.3,76.3,82.5,68.1
22-57089,Ana Santos,2,Physics 1,62.8,73.9,87.9,72.8
22-57089,Ana Santos,3,Life and Works of Rizal,73.1,79.1,68.0,60.5
22-57089,Ana Santos,3,Ethics,75.8,76.1,61.2,61.7
22-57089,Ana Santos,3,Modern Biology,76.9,72.1,73.8,60.3
22-57089,Ana Santos,3,Computer Engineering as a Discipline,82.2,68.5,82.3,60.0
22-57089,Ana Santos,3,Programming Logic and Design,71.0,77.7,82.1,70.1
22-57089,Ana Santos,3,Discrete Mathematics,80.2,74.6,65.3,64.7
22-57089,Ana Santos,3,Fundamentals of Electrical Engineering,72.1,69.4,76.3,63.1
22-57089,Ana Santos,3,Computer-Aided Design,81.3,69.2,75.6,66.9
22-57089,Ana Santos,4,Engineering Economics,86.4,77.5,79.9,64.0
22-57089,Ana Santos,4,Engineering Data Analysis,77.2,68.6,69.0,66.0
22-57089,Ana Santos,4,Differential Equations,72.5,67.2,63.0,60.0
22-57089,Ana Santos,4,Object Oriented Programming,71.2,79.0,62.5,60.0
22-57089,Ana Santos,4,Advanced Engineering Mathematics for CpE,87.6,70.7,73.4,71.5
22-57089,Ana Santos,4,Cognate/Elective Course 1,81.5,66.1,70.7,60.0
22-57089,Ana Santos,4,Electronic Circuits: Devices and Analysis,94.1,67.5,67.6,63.6
22-57089,Ana Santos,4,Basic Occupational Health and Safety,68.9,83.7,87.0,65.7
22-57089,Ana Santos,4,Numerical Methods,68.9,61.1,70.0,65.7
22-57089,Ana Santos,4,Kontekstwalisadong Komunikasyon sa Filipino,74.0,76.9,74.8,70.5
22-57089,Ana Santos,5,Logic Circuits and Design,77.5,70.4,77.8,70.0
22-57089,Ana Santos,5,Data Structures and Algorithms,82.9,80.0,63.6,60.0
22-57089,Ana Santos,5,"Introduction to Networks, Data and Digital Communications (CISCO 1)",73.0,68.9,76.7,70.4
22-57089,Ana Santos,5,Fundamentals of Mixed Signals and Sensors,86.0,79.4,75.1,77.1
22-57089,Ana Santos,5,Feedback and Control Systems,79.6,74.9,80.3,68.3
22-57089,Ana Santos,5,Introduction to HDL,77.6,72.0,78.1,77.3
22-57089,Ana Santos,5,Research Methods,77.6,83.4,60.7,68.2
22-57089,Ana Santos,5,Filipino sa Iba't Ibang Disiplina,77.7,71.2,86.8,68.2
22-57089,Ana Santos,6,Microprocessors,77.0,77.2,61.8,65.3
22-57089,Ana Santos,6,Software Design,83.5,71.5,67.1,76.1
22-57089,Ana Santos,6,Routing and Switching (CISCO 2),85.6,78.3,69.4,66.8
22-57089,Ana Santos,6,Digital Signal Processing,72.0,68.5,65.2,63.9
22-57089,Ana Santos,6,Emerging Technologies in CpE,71.3,65.8,73.4,69.7
22-57089,Ana Santos,6,CpE Practice and Design 1,88.1,71.6,74.2,70.5
22-57089,Ana Santos,6,Cognate/Elective Course 2,76.0,79.7,76.8,70.2
22-57089,Ana Santos,7,Scaling Networks (CISCO 3),76.0,73.1,63.9,63.4
22-57089,Ana Santos,7,Operating Systems,73.8,68.5,74.8,75.4
22-57089,Ana Santos,7,Computer Architecture and Organization,74.0,78.7,67.6,68.1
22-57089,Ana Santos,7,Computer Engineering Drafting and Design,75.3,80.6,69.8,76.0
22-57089,Ana Santos,7,Connecting Networks and Security (CISCO 4),76.1,71.3,64.6,69.8
22-57089,Ana Santos,7,Embedded Systems,84.8,78.7,87.3,78.5
22-57089,Ana Santos,7,Seminars and Fieldtrips,76.1,73.7,75.3,63.5
22-57089,Ana Santos,7,Manufacturing and Quality Control,86.4,79.2,75.4,74.0
22-57089,Ana Santos,7,Cognate/Elective Course 3 (Data Mining / AI Track),87.9,76.3,71.4,77.3
22-57089,Ana Santos,7,ASEAN Literature,83.7,73.7,72.5,69.7
22-57089,Ana Santos,8,Technopreneurship,80.1,67.4,63.2,63.2
22-57089,Ana Santos,8,On-the-Job Training,72.1,71.7,76.3,67.6
22-57089,Ana Santos,8,CpE Practice and Design 2,79.1,68.2,69.7,72.1
22-94233,Lucia Dela Cruz,1,Introduction to Engineering,77.9,67.7,70.1,78.6
22-94233,Lucia Dela Cruz,1,Understanding the Self,74.2,67.9,68.1,65.9
22-94233,Lucia Dela Cruz,1,Mathematics in the Modern World,71.1,69.6,60.0,60.0
22-94233,Lucia Dela Cruz,1,Readings in Philippine History,73.4,71.1,65.7,64.3
22-94233,Lucia Dela Cruz,1,Purposive Communication,74.7,77.4,68.5,67.8
22-94233,Lucia Dela Cruz,1,Differential Calculus,68.7,73.3,69.2,68.5
22-94233,Lucia Dela Cruz,1,General Chemistry,76.3,73.4,66.4,64.8
22-94233,Lucia Dela Cruz,1,Computer Programming 1,81.3,68.7,65.9,67.0
22-94233,Lucia Dela Cruz,2,Engineering Drawing,78.5,68.8,70.2,66.3
22-94233,Lucia Dela Cruz,2,Contemporary World,61.0,70.8,68.2,64.4
22-94233,Lucia Dela Cruz,2,Art Appreciation,82.8,64.8,64.2,60.0
22-94233,Lucia Dela Cruz,2,"Science, Technology and Society",71.4,69.7,66.0,72.0
22-94233,Lucia Dela Cruz,2,Integral Calculus,77.2,70.3,64.7,69.5
22-94233,Lucia Dela Cruz,2,Physics 1,71.9,64.9,60.0,60.7
22-94233,Lucia Dela Cruz,3,Life and Works of Rizal,78.8,85.7,69.5,60.8
22-94233,Lucia Dela Cruz,3,Ethics,67.2,75.4,60.0,68.7
22-94233,Lucia Dela Cruz,3,Modern Biology,76.9,72.5,65.6,66.7
22-94233,Lucia Dela Cruz,3,Computer Engineering as a Discipline,75.3,67.4,80.2,63.3
22-94233,Lucia Dela Cruz,3,Programming Logic and Design,79.6,60.0,77.3,74.7
22-94233,Lucia Dela Cruz,3,Discrete Mathematics,72.2,73.2,70.3,60.0
22-94233,Lucia Dela Cruz,3,Fundamentals of Electrical Engineering,79.3,68.9,67.0,73.6
22-94233,Lucia Dela Cruz,3,Computer-Aided Design,81.8,69.5,66.3,63.0
22-94233,Lucia Dela Cruz,4,Engineering Economics,78.7,66.1,71.2,69.9
22-94233,Lucia Dela Cruz,4,Engineering Data Analysis,71.5,75.9,65.1,62.1
22-94233,Lucia Dela Cruz,4,Differential Equations,66.1,75.9,62.4,65.5
22-94233,Lucia Dela Cruz,4,Object Oriented Programming,74.5,66.3,66.0,74.2
22-94233,Lucia Dela Cruz,4,Advanced Engineering Mathematics for CpE,73.2,63.8,68.8,62.5
22-94233,Lucia Dela Cruz,4,Cognate/Elective Course 1,95.6,74.4,67.4,74.4
22-94233,Lucia Dela Cruz,4,Electronic Circuits: Devices and Analysis,65.0,74.3,82.6,66.2
22-94233,Lucia Dela Cruz,4,Basic Occupational Health and Safety,63.9,69.7,77.8,67.6
22-94233,Lucia Dela Cruz,4,Numerical Methods,67.0,65.7,63.6,65.5
22-94233,Lucia Dela Cruz,4,Kontekstwalisadong Komunikasyon sa Filipino,82.3,78.4,71.8,60.0
22-94233,Lucia Dela Cruz,5,Logic Circuits and Design,68.0,76.9,62.6,65.5
22-94233,Lucia Dela Cruz,5,Data Structures and Algorithms,76.7,65.8,63.5,65.4
22-94233,Lucia Dela Cruz,5,"Introduction to Networks, Data and Digital Communications (CISCO 1)",77.9,79.0,73.3,66.4
22-94233,Lucia Dela Cruz,5,Fundamentals of Mixed Signals and Sensors,71.5,67.3,67.6,69.3
22-94233,Lucia Dela Cruz,5,Feedback and Control Systems,74.0,60.0,62.2,70.6
22-94233,Lucia Dela Cruz,5,Introduction to HDL,76.5,65.2,84.8,66.7
22-94233,Lucia Dela Cruz,5,Research Methods,76.6,74.5,66.9,61.0
22-94233,Lucia Dela Cruz,5,Filipino sa Iba't Ibang Disiplina,87.0,78.1,74.0,68.8
22-94233,Lucia Dela Cruz,6,Microprocessors,70.0,81.4,65.6,68.6
22-94233,Lucia Dela Cruz,6,Software Design,65.1,60.4,71.6,61.1
22-94233,Lucia Dela Cruz,6,Routing and Switching (CISCO 2),63.0,75.9,82.4,74.3
22-94233,Lucia Dela Cruz,6,Digital Signal Processing,70.4,69.9,72.3,70.1
22-94233,Lucia Dela Cruz,6,Emerging Technologies in CpE,72.8,72.9,71.5,69.2
22-94233,Lucia Dela Cruz,6,CpE Practice and Design 1,73.5,71.3,77.4,72.6
22-94233,Lucia Dela Cruz,6,Cognate/Elective Course 2,77.8,83.0,67.3,75.7
22-94233,Lucia Dela Cruz,7,Scaling Networks (CISCO 3),78.2,92.3,62.5,61.8
22-94233,Lucia Dela Cruz,7,Operating Systems,77.4,75.0,81.4,61.9
22-94233,Lucia Dela Cruz,7,Computer Architecture and Organization,81.4,80.7,74.9,61.1
22-94233,Lucia Dela Cruz,7,Computer Engineering Drafting and Design,84.4,81.1,74.3,68.1
22-94233,Lucia Dela Cruz,7,Connecting Networks and Security (CISCO 4),76.3,72.2,73.5,66.1
22-94233,Lucia Dela Cruz,7,Embedded Systems,70.9,67.4,66.2,68.2
22-94233,Lucia Dela Cruz,7,Seminars and Fieldtrips,74.1,73.4,72.1,61.6
22-94233,Lucia Dela Cruz,7,Manufacturing and Quality Control,84.8,72.1,68.1,69.8
22-94233,Lucia Dela Cruz,7,Cognate/Elective Course 3 (Data Mining / AI Track),63.9,67.9,75.6,60.0
22-94233,Lucia Dela Cruz,7,ASEAN Literature,81.0,81.1,66.9,67.1
22-94233,Lucia Dela Cruz,8,Technopreneurship,81.0,69.3,74.3,61.4
22-94233,Lucia Dela Cruz,8,On-the-Job Training,71.4,67.3,71.2,72.3
22-94233,Lucia Dela Cruz,8,CpE Practice and Design 2,73.2,64.4,62.6,67.8
22-75106,Carlos Cruz,1,Introduction to Engineering,90.9,79.8,72.0,74.9
22-75106,Carlos Cruz,1,Understanding the Self,78.4,75.2,68.5,78.7
22-75106,Carlos Cruz,1,Mathematics in the Modern World,61.8,79.6,68.9,65.4
22-75106,Carlos Cruz,1,Readings in Philippine History,90.0,73.2,70.2,69.5
22-75106,Carlos Cruz,1,Purposive Communication,82.4,74.8,64.8,65.1
22-75106,Carlos Cruz,1,Differential Calculus,84.8,75.2,74.4,66.3
22-75106,Carlos Cruz,1,General Chemistry,73.1,84.8,70.6,65.2
22-75106,Carlos Cruz,1,Computer Programming 1,88.9,75.5,73.0,72.5
22-75106,Carlos Cruz,2,Engineering Drawing,80.2,79.4,87.2,72.6
22-75106,Carlos Cruz,2,Contemporary World,65.6,79.4,74.5,70.6
22-75106,Carlos Cruz,2,Art Appreciation,81.4,77.3,74.0,74.0
22-75106,Carlos Cruz,2,"Science, Technology and Society",76.6,71.8,92.4,66.0
22-75106,Carlos Cruz,2,Integral Calculus,77.7,65.8,72.4,62.2
22-75106,Carlos Cruz,2,Physics 1,74.4,81.0,74.5,71.2
22-75106,Carlos Cruz,3,Life and Works of Rizal,69.2,88.5,67.1,79.5
22-75106,Carlos Cruz,3,Ethics,86.0,80.9,69.2,71.2
22-75106,Carlos Cruz,3,Modern Biology,74.3,74.9,70.2,60.0
22-75106,Carlos Cruz,3,Computer Engineering as a Discipline,86.6,77.0,71.4,66.9
22-75106,Carlos Cruz,3,Programming Logic and Design,84.5,74.5,63.0,74.9
22-75106,Carlos Cruz,3,Discrete Mathematics,80.2,73.6,64.8,68.4
22-75106,Carlos Cruz,3,Fundamentals of Electrical Engineering,71.5,71.7,70.1,75.7
22-75106,Carlos Cruz,3,Computer-Aided Design,78.1,75.1,86.4,72.7
22-75106,Carlos Cruz,4,Engineering Economics,81.9,75.3,70.7,60.0
22-75106,Carlos Cruz,4,Engineering Data Analysis,82.9,77.5,70.6,67.0
22-75106,Carlos Cruz,4,Differential Equations,81.5,65.4,68.1,61.0
22-75106,Carlos Cruz,4,Object Oriented Programming,92.9,85.1,63.3,63.3
22-75106,Carlos Cruz,4,Advanced Engineering Mathematics for CpE,76.3,71.9,63.7,79.5
22-75106,Carlos Cruz,4,Cognate/Elective Course 1,84.2,82.7,72.4,76.8
22-75106,Carlos Cruz,4,Electronic Circuits: Devices and Analysis,78.0,76.1,78.3,60.8
22-75106,Carlos Cruz,4,Basic Occupational Health and Safety,89.5,78.6,82.0,63.8
22-75106,Carlos Cruz,4,Numerical Methods,71.5,67.8,73.2,68.2
22-75106,Carlos Cruz,4,Kontekstwalisadong Komunikasyon sa Filipino,77.1,71.4,66.7,70.0
22-75106,Carlos Cruz,5,Logic Circuits and Design,77.4,73.7,83.9,70.1
22-75106,Carlos Cruz,5,Data Structures and Algorithms,89.9,76.6,78.0,72.1
22-75106,Carlos Cruz,5,"Introduction to Networks, Data and Digital Communications (CISCO 1)",72.1,88.4,75.7,76.9
22-75106,Carlos Cruz,5,Fundamentals of Mixed Signals and Sensors,75.7,76.8,69.4,78.0
22-75106,Carlos Cruz,5,Feedback and Control Systems,78.9,77.0,79.8,74.8
22-75106,Carlos Cruz,5,Introduction to HDL,84.8,69.3,70.5,64.6
22-75106,Carlos Cruz,5,Research Methods,84.2,78.5,65.9,69.2
22-75106,Carlos Cruz,5,Filipino sa Iba't Ibang Disiplina,70.9,77.2,64.4,73.5
22-75106,Carlos Cruz,6,Microprocessors,82.5,89.3,79.7,68.1
22-75106,Carlos Cruz,6,Software Design,87.2,71.4,70.8,74.4
22-75106,Carlos Cruz,6,Routing and Switching (CISCO 2),69.4,79.6,70.4,73.0
22-75106,Carlos Cruz,6,Digital Signal Processing,70.6,77.3,71.8,76.2
22-75106,Carlos Cruz,6,Emerging Technologies in CpE,82.3,75.2,75.1,64.4
22-75106,Carlos Cruz,6,CpE Practice and Design 1,82.3,81.0,89.1,66.6
22-75106,Carlos Cruz,6,Cognate/Elective Course 2,80.7,76.4,77.8,74.7
22-75106,Carlos Cruz,7,Scaling Networks (CISCO 3),82.0,86.4,72.8,78.3
22-75106,Carlos Cruz,7,Operating Systems,85.5,79.8,74.7,87.0
22-75106,Carlos Cruz,7,Computer Architecture and Organization,75.3,79.6,70.1,81.3
22-75106,Carlos Cruz,7,Computer Engineering Drafting and Design,85.6,73.8,77.7,72.2
22-75106,Carlos Cruz,7,Connecting Networks and Security (CISCO 4),79.2,84.4,78.9,73.7
22-75106,Carlos Cruz,7,Embedded Systems,80.0,80.4,76.0,71.0
22-75106,Carlos Cruz,7,Seminars and Fieldtrips,76.0,87.6,68.0,72.9
22-75106,Carlos Cruz,7,Manufacturing and Quality Control,78.3,88.4,69.2,66.2
22-75106,Carlos Cruz,7,Cognate/Elective Course 3 (Data Mining / AI Track),76.5,81.8,68.3,69.6
22-75106,Carlos Cruz,7,ASEAN Literature,67.0,78.9,71.3,61.4
22-75106,Carlos Cruz,8,Technopreneurship,86.4,69.6,79.1,66.1
22-75106,Carlos Cruz,8,On-the-Job Training,89.5,82.0,68.2,64.8
22-75106,Carlos Cruz,8,CpE Practice and Design 2,83.5,75.9,73.3,77.9
22-22366,Isabel Aquino,1,Introduction to Engineering,69.0,71.8,74.1,69.5
22-22366,Isabel Aquino,1,Understanding the Self,72.5,69.5,60.0,60.0
22-22366,Isabel Aquino,1,Mathematics in the Modern World,74.3,69.4,67.8,70.0
22-22366,Isabel Aquino,1,Readings in Philippine History,66.4,69.9,69.5,60.4
22-22366,Isabel Aquino,1,Purposive Communication,82.1,76.7,70.1,75.4
22-22366,Isabel Aquino,1,Differential Calculus,63.4,70.2,69.5,60.0
22-22366,Isabel Aquino,1,General Chemistry,74.2,63.6,71.5,70.1
22-22366,Isabel Aquino,1,Computer Programming 1,76.1,61.1,63.5,68.9
22-22366,Isabel Aquino,2,Engineering Drawing,73.7,60.0,75.8,65.5
22-22366,Isabel Aquino,2,Contemporary World,68.6,77.2,64.3,60.5
22-22366,Isabel Aquino,2,Art Appreciation,75.6,82.0,78.1,66.8
22-22366,Isabel Aquino,2,"Science, Technology and Society",76.2,76.0,60.8,68.5
22-22366,Isabel Aquino,2,Integral Calculus,68.0,72.1,66.0,66.7
22-22366,Isabel Aquino,2,Physics 1,73.1,60.0,68.4,67.6
22-22366,Isabel Aquino,3,Life and Works of Rizal,76.2,70.7,78.2,66.5
22-22366,Isabel Aquino,3,Ethics,76.1,77.5,70.5,60.0
22-22366,Isabel Aquino,3,Modern Biology,60.0,67.4,71.9,61.6
22-22366,Isabel Aquino,3,Computer Engineering as a Discipline,78.3,72.2,76.1,62.9
22-22366,Isabel Aquino,3,Programming Logic and Design,77.3,75.3,78.3,60.0
22-22366,Isabel Aquino,3,Discrete Mathematics,69.7,75.3,76.6,65.2
22-22366,Isabel Aquino,3,Fundamentals of Electrical Engineering,71.8,75.9,73.6,62.5
22-22366,Isabel Aquino,3,Computer-Aided Design,75.5,78.4,79.7,69.2
22-22366,Isabel Aquino,4,Engineering Economics,73.7,70.9,71.7,64.0
22-22366,Isabel Aquino,4,Engineering Data Analysis,73.5,63.9,75.1,60.0
22-22366,Isabel Aquino,4,Differential Equations,69.8,70.8,79.3,61.2
22-22366,Isabel Aquino,4,Object Oriented Programming,70.5,69.0,79.2,60.0
22-22366,Isabel Aquino,4,Advanced Engineering Mathematics for CpE,66.4,86.6,70.9,60.0
22-22366,Isabel Aquino,4,Cognate/Elective Course 1,74.2,72.7,74.4,76.6
22-22366,Isabel Aquino,4,Electronic Circuits: Devices and Analysis,75.9,68.1,73.1,60.5
22-22366,Isabel Aquino,4,Basic Occupational Health and Safety,67.3,60.7,60.0,60.0
22-22366,Isabel Aquino,4,Numerical Methods,65.3,72.1,60.1,60.0
22-22366,Isabel Aquino,4,Kontekstwalisadong Komunikasyon sa Filipino,67.2,68.4,64.7,73.8
22-22366,Isabel Aquino,5,Logic Circuits and Design,69.8,76.6,68.3,64.4
22-22366,Isabel Aquino,5,Data Structures and Algorithms,69.5,71.9,64.7,66.6
22-22366,Isabel Aquino,5,"Introduction to Networks, Data and Digital Communications (CISCO 1)",73.1,66.6,75.2,68.1
22-22366,Isabel Aquino,5,Fundamentals of Mixed Signals and Sensors,70.8,72.2,67.9,60.0
22-22366,Isabel Aquino,5,Feedback and Control Systems,72.8,66.5,61.7,60.0
22-22366,Isabel Aquino,5,Introduction to HDL,71.4,74.7,64.2,79.8
22-22366,Isabel Aquino,5,Research Methods,78.8,79.1,73.1,75.8
22-22366,Isabel Aquino,5,Filipino sa Iba't Ibang Disiplina,68.8,60.0,65.7,68.0
22-22366,Isabel Aquino,6,Microprocessors,74.4,73.0,76.3,67.0
22-22366,Isabel Aquino,6,Software Design,79.3,66.6,62.7,75.2
22-22366,Isabel Aquino,6,Routing and Switching (CISCO 2),75.1,68.5,65.5,61.7
22-22366,Isabel Aquino,6,Digital Signal Processing,68.2,62.5,60.0,62.5
22-22366,Isabel Aquino,6,Emerging Technologies in CpE,70.9,78.9,71.0,67.1
22-22366,Isabel Aquino,6,CpE Practice and Design 1,69.0,70.5,70.5,69.0
22-22366,Isabel Aquino,6,Cognate/Elective Course 2,73.9,78.7,69.3,70.3
22-22366,Isabel Aquino,7,Scaling Networks (CISCO 3),71.6,61.4,70.9,69.9
22-22366,Isabel Aquino,7,Operating Systems,77.9,74.8,67.2,60.7
22-22366,Isabel Aquino,7,Computer Architecture and Organization,76.8,73.9,65.0,71.4
22-22366,Isabel Aquino,7,Computer Engineering Drafting and Design,68.2,67.8,78.2,69.9
22-22366,Isabel Aquino,7,Connecting Networks and Security (CISCO 4),72.3,74.0,70.2,60.0
22-22366,Isabel Aquino,7,Embedded Systems,68.1,71.0,66.2,66.2
22-22366,Isabel Aquino,7,Seminars and Fieldtrips,80.3,69.3,62.0,66.6
22-22366,Isabel Aquino,7,Manufacturing and Quality Control,71.6,70.4,66.6,78.2
22-22366,Isabel Aquino,7,Cognate/Elective Course 3 (Data Mining / AI Track),61.0,69.9,69.3,60.9
22-22366,Isabel Aquino,7,ASEAN Literature,78.9,76.2,68.0,63.0
22-22366,Isabel Aquino,8,Technopreneurship,72.8,70.6,67.9,63.5
22-22366,Isabel Aquino,8,On-the-Job Training,75.0,75.8,60.9,60.0
22-22366,Isabel Aquino,8,CpE Practice and Design 2,63.0,76.5,69.8,67.7
22-96393,Jose Dela Cruz,1,Introduction to Engineering,73.0,89.8,72.2,72.8
22-96393,Jose Dela Cruz,1,Understanding the Self,86.7,73.2,72.6,72.9
22-96393,Jose Dela Cruz,1,Mathematics in the Modern World,98.0,81.5,86.1,79.6
22-96393,Jose Dela Cruz,1,Readings in Philippine History,83.8,73.2,82.2,62.8
22-96393,Jose Dela Cruz,1,Purposive Communication,91.2,80.3,60.0,69.7
22-96393,Jose Dela Cruz,1,Differential Calculus,86.1,78.3,80.7,67.2
22-96393,Jose Dela Cruz,1,General Chemistry,74.4,79.3,76.6,70.2
22-96393,Jose Dela Cruz,1,Computer Programming 1,88.6,73.7,77.5,71.9
22-96393,Jose Dela Cruz,2,Engineering Drawing,71.9,70.9,75.6,83.4
22-96393,Jose Dela Cruz,2,Contemporary World,85.0,68.8,60.0,76.2
22-96393,Jose Dela Cruz,2,Art Appreciation,81.0,86.0,70.6,73.9
22-96393,Jose Dela Cruz,2,"Science, Technology and Society",86.6,76.4,73.3,71.9
22-96393,Jose Dela Cruz,2,Integral Calculus,85.5,79.6,82.3,69.6
22-96393,Jose Dela Cruz,2,Physics 1,74.2,91.6,72.8,68.9
22-96393,Jose Dela Cruz,3,Life and Works of Rizal,81.2,79.5,73.5,71.7
22-96393,Jose Dela Cruz,3,Ethics,81.3,80.2,61.7,83.1
22-96393,Jose Dela Cruz,3,Modern Biology,81.3,83.2,68.2,69.5
22-96393,Jose Dela Cruz,3,Computer Engineering as a Discipline,77.5,87.9,72.3,76.3
22-96393,Jose Dela Cruz,3,Programming Logic and Design,77.4,76.1,74.1,79.2
22-96393,Jose Dela Cruz,3,Discrete Mathematics,70.9,71.8,64.8,65.8
22-96393,Jose Dela Cruz,3,Fundamentals of Electrical Engineering,76.4,69.1,71.1,60.0
22-96393,Jose Dela Cruz,3,Computer-Aided Design,75.1,86.0,78.0,72.6
22-96393,Jose Dela Cruz,4,Engineering Economics,75.6,69.9,69.0,71.5
22-96393,Jose Dela Cruz,4,Engineering Data Analysis,87.4,85.1,80.2,67.9
22-96393,Jose Dela Cruz,4,Differential Equations,82.3,77.8,75.2,84.6
22-96393,Jose Dela Cruz,4,Object Oriented Programming,70.7,77.4,82.8,62.7
22-96393,Jose Dela Cruz,4,Advanced Engineering Mathematics for CpE,78.3,76.6,75.1,62.8
22-96393,Jose Dela Cruz,4,Cognate/Elective Course 1,84.8,82.8,78.6,66.3
22-96393,Jose Dela Cruz,4,Electronic Circuits: Devices and Analysis,81.8,73.4,73.6,84.4
22-96393,Jose Dela Cruz,4,Basic Occupational Health and Safety,82.1,72.0,76.9,63.7
22-96393,Jose Dela Cruz,4,Numerical Methods,75.0,73.5,73.8,78.0
22-96393,Jose Dela Cruz,4,Kontekstwalisadong Komunikasyon sa Filipino,85.0,82.3,69.3,68.5
22-96393,Jose Dela Cruz,5,Logic Circuits and Design,82.9,75.0,73.9,74.1
22-96393,Jose Dela Cruz,5,Data Structures and Algorithms,79.2,80.2,85.1,70.5
22-96393,Jose Dela Cruz,5,"Introduction to Networks, Data and Digital Communications (CISCO 1)",88.3,82.2,66.8,64.9
22-96393,Jose Dela Cruz,5,Fundamentals of Mixed Signals and Sensors,76.2,73.7,75.0,75.2
22-96393,Jose Dela Cruz,5,Feedback and Control Systems,89.7,81.6,73.8,60.0
22-96393,Jose Dela Cruz,5,Introduction to HDL,81.7,79.0,76.6,84.1
22-96393,Jose Dela Cruz,5,Research Methods,89.0,83.8,70.1,68.7
22-96393,Jose Dela Cruz,5,Filipino sa Iba't Ibang Disiplina,81.0,74.5,78.9,73.9
22-96393,Jose Dela Cruz,6,Microprocessors,74.7,86.0,76.2,61.1
22-96393,Jose Dela Cruz,6,Software Design,81.0,80.5,81.4,69.5
22-96393,Jose Dela Cruz,6,Routing and Switching (CISCO 2),86.2,80.0,67.7,63.0
22-96393,Jose Dela Cruz,6,Digital Signal Processing,88.9,86.9,78.4,81.3
22-96393,Jose Dela Cruz,6,Emerging Technologies in CpE,87.6,82.9,70.1,81.9
22-96393,Jose Dela Cruz,6,CpE Practice and Design 1,84.8,76.8,71.8,73.3
22-96393,Jose Dela Cruz,6,Cognate/Elective Course 2,71.2,83.0,69.9,73.7
22-96393,Jose Dela Cruz,7,Scaling Networks (CISCO 3),78.1,77.2,71.0,70.5
22-96393,Jose Dela Cruz,7,Operating Systems,92.6,87.1,77.7,71.4
22-96393,Jose Dela Cruz,7,Computer Architecture and Organization,86.3,85.6,70.6,71.0
22-96393,Jose Dela Cruz,7,Computer Engineering Drafting and Design,70.3,85.5,87.9,72.0
22-96393,Jose Dela Cruz,7,Connecting Networks and Security (CISCO 4),68.5,82.5,70.2,67.5
22-96393,Jose Dela Cruz,7,Embedded Systems,85.0,80.3,72.6,67.6
22-96393,Jose Dela Cruz,7,Seminars and Fieldtrips,82.3,76.7,69.2,69.8
22-96393,Jose Dela Cruz,7,Manufacturing and Quality Control,83.3,77.7,67.1,77.4
22-96393,Jose Dela Cruz,7,Cognate/Elective Course 3 (Data Mining / AI Track),64.8,76.1,71.9,72.4
22-96393,Jose Dela Cruz,7,ASEAN Literature,84.9,85.9,71.6,75.3
22-96393,Jose Dela Cruz,8,Technopreneurship,82.7,68.9,87.3,63.1
22-96393,Jose Dela Cruz,8,On-the-Job Training,84.1,81.5,77.5,68.8
22-96393,Jose Dela Cruz,8,CpE Practice and Design 2,86.5,69.8,75.5,68.4
22-96298,Jose Santos,1,Introduction to Engineering,72.5,76.9,77.7,65.4
22-96298,Jose Santos,1,Understanding the Self,81.3,74.6,65.9,65.9
22-96298,Jose Santos,1,Mathematics in the Modern World,74.4,69.7,73.4,68.4
22-96298,Jose Santos,1,Readings in Philippine History,67.1,64.4,73.8,62.5
22-96298,Jose Santos,1,Purposive Communication,78.4,79.0,63.6,60.0
22-96298,Jose Santos,1,Differential Calculus,86.2,76.0,68.3,61.4
22-96298,Jose Santos,1,General Chemistry,73.1,66.7,76.1,62.4
22-96298,Jose Santos,1,Computer Programming 1,84.9,73.6,66.6,66.4
22-96298,Jose Santos,2,Engineering Drawing,60.0,72.3,69.0,71.2
22-96298,Jose Santos,2,Contemporary World,65.3,81.3,76.2,74.9
22-96298,Jose Santos,2,Art Appreciation,76.3,80.4,62.4,71.7
22-96298,Jose Santos,2,"Science, Technology and Society",72.0,64.4,64.5,67.4
22-96298,Jose Santos,2,Integral Calculus,71.2,76.1,60.0,60.0
22-96298,Jose Santos,2,Physics 1,84.4,79.3,64.5,67.0
22-96298,Jose Santos,3,Life and Works of Rizal,82.7,76.8,72.1,74.0
22-96298,Jose Santos,3,Ethics,72.2,74.5,71.1,65.8
22-96298,Jose Santos,3,Modern Biology,73.8,74.3,71.0,60.7
22-96298,Jose Santos,3,Computer Engineering as a Discipline,81.4,68.4,69.9,65.6
22-96298,Jose Santos,3,Programming Logic and Design,80.5,63.3,78.2,64.9
22-96298,Jose Santos,3,Discrete Mathematics,83.5,71.0,70.5,78.5
22-96298,Jose Santos,3,Fundamentals of Electrical Engineering,73.7,80.5,70.3,68.8
22-96298,Jose Santos,3,Computer-Aided Design,75.7,78.2,65.9,60.4
22-96298,Jose Santos,4,Engineering Economics,72.8,74.9,69.9,71.7
22-96298,Jose Santos,4,Engineering Data Analysis,84.0,68.0,66.4,60.0
22-96298,Jose Santos,4,Differential Equations,88.4,75.7,73.7,60.0
22-96298,Jose Santos,4,Object Oriented Programming,78.3,79.0,71.3,75.4
22-96298,Jose Santos,4,Advanced Engineering Mathematics for CpE,90.0,68.2,64.7,61.8
22-96298,Jose Santos,4,Cognate/Elective Course 1,88.0,82.2,72.0,69.1
22-96298,Jose Santos,4,Electronic Circuits: Devices and Analysis,70.4,78.4,67.8,64.7
22-96298,Jose Santos,4,Basic Occupational Health and Safety,80.3,73.2,69.8,67.5
22-96298,Jose Santos,4,Numerical Methods,80.9,83.8,74.4,71.9
22-96298,Jose Santos,4,Kontekstwalisadong Komunikasyon sa Filipino,75.4,70.1,75.2,68.4
22-96298,Jose Santos,5,Logic Circuits and Design,66.8,71.1,69.6,63.2
22-96298,Jose Santos,5,Data Structures and Algorithms,87.2,78.8,81.1,70.5
22-96298,Jose Santos,5,"Introduction to Networks, Data and Digital Communications (CISCO 1)",78.8,70.3,72.9,69.0
22-96298,Jose Santos,5,Fundamentals of Mixed Signals and Sensors,67.1,69.8,68.1,68.8
22-96298,Jose Santos,5,Feedback and Control Systems,78.9,70.4,73.7,65.9
22-96298,Jose Santos,5,Introduction to HDL,60.0,70.2,76.5,60.0
22-96298,Jose Santos,5,Research Methods,77.3,83.8,66.7,67.4
22-96298,Jose Santos,5,Filipino sa Iba't Ibang Disiplina,68.8,84.1,70.7,67.7
22-96298,Jose Santos,6,Microprocessors,83.5,77.0,64.8,62.4
22-96298,Jose Santos,6,Software Design,81.3,72.2,60.1,68.6
22-96298,Jose Santos,6,Routing and Switching (CISCO 2),69.4,85.7,73.9,63.5
22-96298,Jose Santos,6,Digital Signal Processing,72.0,62.6,64.2,73.1
22-96298,Jose Santos,6,Emerging Technologies in CpE,91.7,80.3,72.3,66.3
22-96298,Jose Santos,6,CpE Practice and Design 1,70.9,86.7,70.1,80.1
22-96298,Jose Santos,6,Cognate/Elective Course 2,86.7,65.5,68.8,64.9
22-96298,Jose Santos,7,Scaling Networks (CISCO 3),77.8,75.6,90.8,62.5
22-96298,Jose Santos,7,Operating Systems,79.7,79.7,72.8,69.6
22-96298,Jose Santos,7,Computer Architecture and Organization,69.1,73.7,73.1,68.3
22-96298,Jose Santos,7,Computer Engineering Drafting and Design,78.7,81.5,75.7,66.7
22-96298,Jose Santos,7,Connecting Networks and Security (CISCO 4),71.3,72.4,71.5,70.4
22-96298,Jose Santos,7,Embedded Systems,72.5,67.5,62.9,60.0
22-96298,Jose Santos,7,Seminars and Fieldtrips,75.2,65.5,65.2,65.0
22-96298,Jose Santos,7,Manufacturing and Quality Control,67.3,75.3,74.5,63.0
22-96298,Jose Santos,7,Cognate/Elective Course 3 (Data Mining / AI Track),75.7,79.2,68.6,64.2
22-96298,Jose Santos,7,ASEAN Literature,83.8,79.6,74.9,73.0
22-96298,Jose Santos,8,Technopreneurship,64.7,82.4,73.6,73.5
22-96298,Jose Santos,8,On-the-Job Training,78.9,74.6,69.6,69.6
22-96298,Jose Santos,8,CpE Practice and Design 2,74.7,79.5,61.7,64.2
22-25245,Luis Santos,1,Introduction to Engineering,90.0,71.6,70.8,63.1
22-25245,Luis Santos,1,Understanding the Self,79.7,70.9,71.1,73.5
22-25245,Luis Santos,1,Mathematics in the Modern World,72.4,79.0,76.2,73.7
22-25245,Luis Santos,1,Readings in Philippine History,78.5,94.8,78.6,70.3
22-25245,Luis Santos,1,Purposive Communication,72.4,74.8,80.8,78.6
22-25245,Luis Santos,1,Differential Calculus,85.5,79.0,63.7,70.3
22-25245,Luis Santos,1,General Chemistry,69.1,65.4,72.7,70.5
22-25245,Luis Santos,1,Computer Programming 1,85.0,80.2,77.2,64.2
22-25245,Luis Santos,2,Engineering Drawing,76.2,65.5,60.0,72.1
22-25245,Luis Santos,2,Contemporary World,73.2,80.6,78.9,64.6
22-25245,Luis Santos,2,Art Appreciation,81.2,71.4,61.2,69.1
22-25245,Luis Santos,2,"Science, Technology and Society",74.9,72.7,84.1,60.0
22-25245,Luis Santos,2,Integral Calculus,78.9,68.3,76.7,69.2
22-25245,Luis Santos,2,Physics 1,78.9,68.6,66.6,73.0
22-25245,Luis Santos,3,Life and Works of Rizal,88.3,78.2,66.9,70.4
22-25245,Luis Santos,3,Ethics,92.2,76.0,81.0,63.9
22-25245,Luis Santos,3,Modern Biology,76.3,78.0,73.6,62.8
22-25245,Luis Santos,3,Computer Engineering as a Discipline,72.8,81.3,79.4,77.4
22-25245,Luis Santos,3,Programming Logic and Design,90.4,78.0,72.2,78.2
22-25245,Luis Santos,3,Discrete Mathematics,80.9,68.4,65.0,70.3
22-25245,Luis Santos,3,Fundamentals of Electrical Engineering,75.8,74.4,77.9,72.2
22-25245,Luis Santos,3,Computer-Aided Design,84.8,62.9,73.0,71.8
22-25245,Luis Santos,4,Engineering Economics,68.5,71.4,67.2,68.5
22-25245,Luis Santos,4,Engineering Data Analysis,86.4,86.4,66.3,70.6
22-25245,Luis Santos,4,Differential Equations,79.9,76.6,73.6,69.2
22-25245,Luis Santos,4,Object Oriented Programming,89.7,83.8,67.7,74.8
22-25245,Luis Santos,4,Advanced Engineering Mathematics for CpE,81.9,76.2,78.0,68.5
22-25245,Luis Santos,4,Cognate/Elective Course 1,80.8,78.0,61.9,69.6
22-25245,Luis Santos,4,Electronic Circuits: Devices and Analysis,72.8,67.4,80.1,70.6
22-25245,Luis Santos,4,Basic Occupational Health and Safety,77.5,72.0,74.0,74.3
22-25245,Luis Santos,4,Numerical Methods,71.6,74.3,76.4,60.0
22-25245,Luis Santos,4,Kontekstwalisadong Komunikasyon sa Filipino,77.3,72.8,71.4,65.4
22-25245,Luis Santos,5,Logic Circuits and Design,77.7,86.1,69.5,69.4
22-25245,Luis Santos,5,Data Structures and Algorithms,91.6,73.9,84.9,70.1
22-25245,Luis Santos,5,"Introduction to Networks, Data and Digital Communications (CISCO 1)",90.3,81.7,75.9,69.7
22-25245,Luis Santos,5,Fundamentals of Mixed Signals and Sensors,73.1,75.0,76.8,67.5
22-25245,Luis Santos,5,Feedback and Control Systems,74.7,72.8,77.2,74.7
22-25245,Luis Santos,5,Introduction to HDL,72.8,70.5,73.7,76.8
22-25245,Luis Santos,5,Research Methods,84.6,67.8,70.7,62.8
22-25245,Luis Santos,5,Filipino sa Iba't Ibang Disiplina,76.1,85.0,63.7,60.0
22-25245,Luis Santos,6,Microprocessors,71.9,76.3,75.2,70.2
22-25245,Luis Santos,6,Software Design,86.7,66.7,81.2,68.2
22-25245,Luis Santos,6,Routing and Switching (CISCO 2),84.0,69.3,74.1,71.5
22-25245,Luis Santos,6,Digital Signal Processing,83.5,64.8,71.4,60.9
22-25245,Luis Santos,6,Emerging Technologies in CpE,82.7,81.9,81.8,66.9
22-25245,Luis Santos,6,CpE Practice and Design 1,83.2,83.5,62.4,72.0
22-25245,Luis Santos,6,Cognate/Elective Course 2,85.4,75.7,66.8,75.7
22-25245,Luis Santos,7,Scaling Networks (CISCO 3),72.4,76.2,73.8,74.4
22-25245,Luis Santos,7,Operating Systems,75.9,73.1,74.6,76.1
22-25245,Luis Santos,7,Computer Architecture and Organization,90.6,65.5,73.4,61.1
22-25245,Luis Santos,7,Computer Engineering Drafting and Design,83.0,68.9,67.4,64.1
22-25245,Luis Santos,7,Connecting Networks and Security (CISCO 4),79.2,79.2,76.9,70.0
22-25245,Luis Santos,7,Embedded Systems,68.9,78.9,71.1,74.6
22-25245,Luis Santos,7,Seminars and Fieldtrips,73.4,65.7,72.0,76.1
22-25245,Luis Santos,7,Manufacturing and Quality Control,77.8,73.3,66.2,78.2
22-25245,Luis Santos,7,Cognate/Elective Course 3 (Data Mining / AI Track),73.4,72.9,77.5,60.0
22-25245,Luis Santos,7,ASEAN Literature,85.3,79.1,77.6,71.7
22-25245,Luis Santos,8,Technopreneurship,76.7,69.0,71.4,62.5
22-25245,Luis Santos,8,On-the-Job Training,80.6,80.2,81.1,70.6
22-25245,Luis Santos,8,CpE Practice and Design 2,83.2,73.6,69.4,71.2
22-82078,Rafael Santos,1,Introduction to Engineering,73.7,75.4,64.4,61.6
22-82078,Rafael Santos,1,Understanding the Self,79.9,79.1,64.8,71.0
22-82078,Rafael Santos,1,Mathematics in the Modern World,74.4,75.4,80.7,73.2
22-82078,Rafael Santos,1,Readings in Philippine History,80.8,85.2,66.5,61.0
22-82078,Rafael Santos,1,Purposive Communication,71.7,72.2,60.0,65.7
22-82078,Rafael Santos,1,Differential Calculus,74.4,80.0,74.3,64.7
22-82078,Rafael Santos,1,General Chemistry,81.2,79.7,67.6,65.4
22-82078,Rafael Santos,1,Computer Programming 1,62.3,66.9,65.9,67.1
22-82078,Rafael Santos,2,Engineering Drawing,69.2,69.5,62.2,66.9
22-82078,Rafael Santos,2,Contemporary World,78.6,76.2,70.8,60.0
22-82078,Rafael Santos,2,Art Appreciation,72.3,71.3,68.3,67.4
22-82078,Rafael Santos,2,"Science, Technology and Society",84.6,78.6,64.8,71.0
22-82078,Rafael Santos,2,Integral Calculus,81.5,70.5,77.3,67.4
22-82078,Rafael Santos,2,Physics 1,69.2,78.0,73.5,67.0
22-82078,Rafael Santos,3,Life and Works of Rizal,75.8,69.5,74.4,66.7
22-82078,Rafael Santos,3,Ethics,77.1,75.9,63.8,61.6
22-82078,Rafael Santos,3,Modern Biology,64.4,78.7,64.9,69.1
22-82078,Rafael Santos,3,Computer Engineering as a Discipline,78.3,77.4,63.5,66.5
22-82078,Rafael Santos,3,Programming Logic and Design,85.7,83.7,76.3,68.6
22-82078,Rafael Santos,3,Discrete Mathematics,71.6,79.6,71.3,71.7
22-82078,Rafael Santos,3,Fundamentals of Electrical Engineering,71.0,71.5,70.6,67.3
22-82078,Rafael Santos,3,Computer-Aided Design,77.8,69.1,61.5,75.6
22-82078,Rafael Santos,4,Engineering Economics,91.0,76.5,62.8,62.3
22-82078,Rafael Santos,4,Engineering Data Analysis,80.7,83.4,64.9,67.6
22-82078,Rafael Santos,4,Differential Equations,78.8,80.5,70.1,60.0
22-82078,Rafael Santos,4,Object Oriented Programming,79.4,80.2,69.9,69.0
22-82078,Rafael Santos,4,Advanced Engineering Mathematics for CpE,74.8,70.2,78.4,70.7
22-82078,Rafael Santos,4,Cognate/Elective Course 1,78.6,82.4,64.1,63.3
22-82078,Rafael Santos,4,Electronic Circuits: Devices and Analysis,75.8,69.2,74.3,64.7
22-82078,Rafael Santos,4,Basic Occupational Health and Safety,70.1,74.2,71.8,72.5
22-82078,Rafael Santos,4,Numerical Methods,80.0,78.1,74.1,67.2
22-82078,Rafael Santos,4,Kontekstwalisadong Komunikasyon sa Filipino,71.8,75.5,68.7,77.1
22-82078,Rafael Santos,5,Logic Circuits and Design,82.9,76.4,71.9,65.3
22-82078,Rafael Santos,5,Data Structures and Algorithms,68.1,72.1,71.0,68.0
22-82078,Rafael Santos,5,"Introduction to Networks, Data and Digital Communications (CISCO 1)",78.5,79.0,66.2,62.5
22-82078,Rafael Santos,5,Fundamentals of Mixed Signals and Sensors,83.5,77.2,67.2,65.2
22-82078,Rafael Santos,5,Feedback and Control Systems,77.0,75.5,75.0,83.5
22-82078,Rafael Santos,5,Introduction to HDL,76.0,76.6,60.0,62.9
22-82078,Rafael Santos,5,Research Methods,83.4,76.2,60.0,71.0
22-82078,Rafael Santos,5,Filipino sa Iba't Ibang Disiplina,87.6,61.8,79.8,60.0
22-82078,Rafael Santos,6,Microprocessors,80.5,72.5,60.0,68.5
22-82078,Rafael Santos,6,Software Design,82.6,75.6,73.9,64.1
22-82078,Rafael Santos,6,Routing and Switching (CISCO 2),64.5,77.6,80.9,73.4
22-82078,Rafael Santos,6,Digital Signal Processing,65.7,66.2,67.1,60.0
22-82078,Rafael Santos,6,Emerging Technologies in CpE,76.0,75.8,61.8,71.3
22-82078,Rafael Santos,6,CpE Practice and Design 1,79.7,70.5,69.7,60.0
22-82078,Rafael Santos,6,Cognate/Elective Course 2,73.7,73.5,71.4,68.9
22-82078,Rafael Santos,7,Scaling Networks (CISCO 3),77.2,71.8,72.1,72.6
22-82078,Rafael Santos,7,Operating Systems,75.1,75.3,69.3,62.7
22-82078,Rafael Santos,7,Computer Architecture and Organization,78.0,69.2,71.9,66.0
22-82078,Rafael Santos,7,Computer Engineering Drafting and Design,73.0,70.6,66.5,60.0
22-82078,Rafael Santos,7,Connecting Networks and Security (CISCO 4),78.0,74.8,75.5,63.4
22-82078,Rafael Santos,7,Embedded Systems,86.2,70.3,64.3,60.0
22-82078,Rafael Santos,7,Seminars and Fieldtrips,65.7,83.0,79.0,70.5
22-82078,Rafael Santos,7,Manufacturing and Quality Control,69.4,83.4,67.5,64.2
22-82078,Rafael Santos,7,Cognate/Elective Course 3 (Data Mining / AI Track),84.3,77.4,83.6,68.1
22-82078,Rafael Santos,7,ASEAN Literature,73.7,70.1,60.0,65.3
22-82078,Rafael Santos,8,Technopreneurship,82.9,77.4,70.9,61.0
22-82078,Rafael Santos,8,On-the-Job Training,77.4,79.9,73.3,67.9
22-82078,Rafael Santos,8,CpE Practice and Design 2,71.3,79.0,60.0,69.2
22-46604,Gabriel Garcia,1,Introduction to Engineering,97.9,71.0,75.3,72.6
22-46604,Gabriel Garcia,1,Understanding the Self,79.7,86.3,79.6,73.5
22-46604,Gabriel Garcia,1,Mathematics in the Modern World,87.0,79.8,95.5,73.2
22-46604,Gabriel Garcia,1,Readings in Philippine History,83.7,69.8,73.5,79.5
22-46604,Gabriel Garcia,1,Purposive Communication,74.5,67.1,76.9,80.8
22-46604,Gabriel Garcia,1,Differential Calculus,82.5,77.7,65.3,75.0
22-46604,Gabriel Garcia,1,General Chemistry,86.2,69.0,83.3,76.9
22-46604,Gabriel Garcia,1,Computer Programming 1,88.9,83.1,80.3,75.4
22-46604,Gabriel Garcia,2,Engineering Drawing,88.5,69.8,68.4,68.9
22-46604,Gabriel Garcia,2,Contemporary World,81.7,82.4,78.7,79.3
22-46604,Gabriel Garcia,2,Art Appreciation,89.4,74.8,78.2,67.5
22-46604,Gabriel Garcia,2,"Science, Technology and Society",81.4,82.0,60.0,87.1
22-46604,Gabriel Garcia,2,Integral Calculus,85.6,76.2,88.0,70.3
22-46604,Gabriel Garcia,2,Physics 1,83.0,76.8,86.4,71.7
22-46604,Gabriel Garcia,3,Life and Works of Rizal,83.4,87.3,80.3,72.3
22-46604,Gabriel Garcia,3,Ethics,89.2,95.3,78.6,73.3
22-46604,Gabriel Garcia,3,Modern Biology,83.2,87.6,72.9,70.7
22-46604,Gabriel Garcia,3,Computer Engineering as a Discipline,73.3,72.9,73.6,72.3
22-46604,Gabriel Garcia,3,Programming Logic and Design,92.7,82.9,70.9,67.9
22-46604,Gabriel Garcia,3,Discrete Mathematics,90.4,86.5,76.6,69.7
22-46604,Gabriel Garcia,3,Fundamentals of Electrical Engineering,90.0,74.8,79.8,86.9
22-46604,Gabriel Garcia,3,Computer-Aided Design,84.5,76.1,79.9,70.4
22-46604,Gabriel Garcia,4,Engineering Economics,74.2,84.3,83.5,70.8
22-46604,Gabriel Garcia,4,Engineering Data Analysis,79.9,74.0,75.5,69.0
22-46604,Gabriel Garcia,4,Differential Equations,76.1,91.1,79.2,75.8
22-46604,Gabriel Garcia,4,Object Oriented Programming,87.4,84.3,73.9,73.9
22-46604,Gabriel Garcia,4,Advanced Engineering Mathematics for CpE,80.6,82.4,78.5,70.0
22-46604,Gabriel Garcia,4,Cognate/Elective Course 1,74.1,80.5,75.1,60.9
22-46604,Gabriel Garcia,4,Electronic Circuits: Devices and Analysis,86.3,86.6,92.6,70.9
22-46604,Gabriel Garcia,4,Basic Occupational Health and Safety,79.3,73.4,78.0,73.8
22-46604,Gabriel Garcia,4,Numerical Methods,77.3,78.7,64.6,77.9
22-46604,Gabriel Garcia,4,Kontekstwalisadong Komunikasyon sa Filipino,77.9,79.8,68.2,69.1
22-46604,Gabriel Garcia,5,Logic Circuits and Design,81.6,80.7,80.3,81.9
22-46604,Gabriel Garcia,5,Data Structures and Algorithms,86.5,85.4,85.0,75.7
22-46604,Gabriel Garcia,5,"Introduction to Networks, Data and Digital Communications (CISCO 1)",81.9,85.7,82.8,76.1
22-46604,Gabriel Garcia,5,Fundamentals of Mixed Signals and Sensors,74.5,75.7,75.8,77.9
22-46604,Gabriel Garcia,5,Feedback and Control Systems,82.1,86.6,84.3,79.5
22-46604,Gabriel Garcia,5,Introduction to HDL,90.5,74.5,80.3,69.6
22-46604,Gabriel Garcia,5,Research Methods,72.6,78.3,84.7,75.4
22-46604,Gabriel Garcia,5,Filipino sa Iba't Ibang Disiplina,94.6,81.1,91.4,73.7
22-46604,Gabriel Garcia,6,Microprocessors,83.4,73.1,84.1,70.3
22-46604,Gabriel Garcia,6,Software Design,78.2,87.3,83.3,79.0
22-46604,Gabriel Garcia,6,Routing and Switching (CISCO 2),79.9,79.3,76.0,76.9
22-46604,Gabriel Garcia,6,Digital Signal Processing,91.5,81.9,88.3,77.7
22-46604,Gabriel Garcia,6,Emerging Technologies in CpE,80.7,84.6,86.6,84.2
22-46604,Gabriel Garcia,6,CpE Practice and Design 1,89.6,80.2,75.4,76.1
22-46604,Gabriel Garcia,6,Cognate/Elective Course 2,92.1,82.2,79.1,72.6
22-46604,Gabriel Garcia,7,Scaling Networks (CISCO 3),80.1,78.7,77.2,82.6
22-46604,Gabriel Garcia,7,Operating Systems,80.7,80.0,71.2,76.5
22-46604,Gabriel Garcia,7,Computer Architecture and Organization,91.5,90.5,78.7,76.7
22-46604,Gabriel Garcia,7,Computer Engineering Drafting and Design,82.3,83.9,79.3,73.6
22-46604,Gabriel Garcia,7,Connecting Networks and Security (CISCO 4),82.9,82.4,74.6,70.8
22-46604,Gabriel Garcia,7,Embedded Systems,93.5,97.0,70.2,65.7
22-46604,Gabriel Garcia,7,Seminars and Fieldtrips,76.8,79.4,82.1,76.2
22-46604,Gabriel Garcia,7,Manufacturing and Quality Control,84.3,83.9,73.3,71.8
22-46604,Gabriel Garcia,7,Cognate/Elective Course 3 (Data Mining / AI Track),82.0,70.1,69.4,65.5
22-46604,Gabriel Garcia,7,ASEAN Literature,87.1,81.5,80.4,61.6
22-46604,Gabriel Garcia,8,Technopreneurship,73.6,84.0,60.1,80.0
22-46604,Gabriel Garcia,8,On-the-Job Training,71.6,85.1,71.4,78.9
22-46604,Gabriel Garcia,8,CpE Practice and Design 2,98.0,66.4,80.9,61.8
22-63430,Elena Santos,1,Introduction to Engineering,80.7,74.6,73.5,63.3
22-63430,Elena Santos,1,Understanding the Self,82.8,67.1,80.1,66.3
22-63430,Elena Santos,1,Mathematics in the Modern World,70.3,85.9,72.8,80.7
22-63430,Elena Santos,1,Readings in Philippine History,85.5,71.0,72.2,69.5
22-63430,Elena Santos,1,Purposive Communication,87.3,78.4,73.7,67.6
22-63430,Elena Santos,1,Differential Calculus,78.4,84.2,73.2,66.9
22-63430,Elena Santos,1,General Chemistry,75.3,73.0,64.8,64.8
22-63430,Elena Santos,1,Computer Programming 1,88.4,75.8,78.0,60.0
22-63430,Elena Santos,2,Engineering Drawing,79.8,73.1,68.2,68.3
22-63430,Elena Santos,2,Contemporary World,75.2,63.1,78.2,70.2
22-63430,Elena Santos,2,Art Appreciation,76.3,70.0,63.9,70.1
22-63430,Elena Santos,2,"Science, Technology and Society",87.8,77.0,64.4,70.1
22-63430,Elena Santos,2,Integral Calculus,78.4,81.5,76.8,60.0
22-63430,Elena Santos,2,Physics 1,82.0,70.3,64.7,68.1
22-63430,Elena Santos,3,Life and Works of Rizal,80.6,66.0,76.9,73.4
22-63430,Elena Santos,3,Ethics,78.4,70.6,66.8,74.9
22-63430,Elena Santos,3,Modern Biology,69.6,82.7,72.2,68.7
22-63430,Elena Santos,3,Computer Engineering as a Discipline,67.9,74.9,76.4,60.8
22-63430,Elena Santos,3,Programming Logic and Design,82.4,77.5,70.0,75.0
22-63430,Elena Santos,3,Discrete Mathematics,65.5,78.4,82.9,77.9
22-63430,Elena Santos,3,Fundamentals of Electrical Engineering,78.7,72.3,67.2,65.4
22-63430,Elena Santos,3,Computer-Aided Design,79.7,69.3,75.6,80.0
22-63430,Elena Santos,4,Engineering Economics,77.8,67.7,64.6,73.4
22-63430,Elena Santos,4,Engineering Data Analysis,78.4,81.6,70.0,74.3
22-63430,Elena Santos,4,Differential Equations,77.8,72.0,70.8,62.1
22-63430,Elena Santos,4,Object Oriented Programming,91.3,76.4,77.7,66.6
22-63430,Elena Santos,4,Advanced Engineering Mathematics for CpE,72.4,75.0,79.8,66.1
22-63430,Elena Santos,4,Cognate/Elective Course 1,74.2,77.9,76.8,79.7
22-63430,Elena Santos,4,Electronic Circuits: Devices and Analysis,78.5,78.0,75.4,60.3
22-63430,Elena Santos,4,Basic Occupational Health and Safety,72.4,69.3,64.7,73.6
22-63430,Elena Santos,4,Numerical Methods,80.5,76.8,60.0,81.6
22-63430,Elena Santos,4,Kontekstwalisadong Komunikasyon sa Filipino,72.8,88.1,64.0,63.9
22-63430,Elena Santos,5,Logic Circuits and Design,63.2,76.3,64.4,60.8
22-63430,Elena Santos,5,Data Structures and Algorithms,71.1,81.7,78.1,80.7
22-63430,Elena Santos,5,"Introduction to Networks, Data and Digital Communications (CISCO 1)",75.3,78.3,66.1,67.8
22-63430,Elena Santos,5,Fundamentals of Mixed Signals and Sensors,73.3,76.9,77.1,73.2
22-63430,Elena Santos,5,Feedback and Control Systems,73.7,82.3,72.9,67.3
22-63430,Elena Santos,5,Introduction to HDL,72.1,70.7,81.5,69.1
22-63430,Elena Santos,5,Research Methods,79.2,74.2,87.4,76.6
22-63430,Elena Santos,5,Filipino sa Iba't Ibang Disiplina,73.8,74.2,71.4,69.7
22-63430,Elena Santos,6,Microprocessors,72.2,76.7,79.8,60.0
22-63430,Elena Santos,6,Software Design,72.6,74.1,71.2,81.8
22-63430,Elena Santos,6,Routing and Switching (CISCO 2),85.4,82.7,72.2,68.1
22-63430,Elena Santos,6,Digital Signal Processing,70.0,81.0,76.2,77.0
22-63430,Elena Santos,6,Emerging Technologies in CpE,78.1,76.1,74.8,75.2
22-63430,Elena Santos,6,CpE Practice and Design 1,69.3,80.2,72.6,62.4
22-63430,Elena Santos,6,Cognate/Elective Course 2,66.9,76.2,82.5,79.9
22-63430,Elena Santos,7,Scaling Networks (CISCO 3),81.5,88.8,73.6,75.6
22-63430,Elena Santos,7,Operating Systems,76.7,73.9,69.8,60.0
22-63430,Elena Santos,7,Computer Architecture and Organization,84.1,70.2,66.2,60.1
22-63430,Elena Santos,7,Computer Engineering Drafting and Design,75.2,84.7,83.6,60.0
22-63430,Elena Santos,7,Connecting Networks and Security (CISCO 4),77.3,70.8,79.8,71.6
22-63430,Elena Santos,7,Embedded Systems,72.6,74.5,68.2,76.9
22-63430,Elena Santos,7,Seminars and Fieldtrips,81.4,79.8,60.0,68.4
22-63430,Elena Santos,7,Manufacturing and Quality Control,88.9,82.1,60.0,65.3
22-63430,Elena Santos,7,Cognate/Elective Course 3 (Data Mining / AI Track),72.2,87.3,75.3,65.2
22-63430,Elena Santos,7,ASEAN Literature,78.4,60.2,66.2,69.0
22-63430,Elena Santos,8,Technopreneurship,83.2,64.2,70.4,74.8
22-63430,Elena Santos,8,On-the-Job Training,69.5,77.2,73.1,79.1
22-63430,Elena Santos,8,CpE Practice and Design 2,76.8,74.8,77.8,60.8
22-50066,Ana Castro,1,Introduction to Engineering,75.0,71.3,70.1,72.2
22-50066,Ana Castro,1,Understanding the Self,79.6,69.5,71.8,76.1
22-50066,Ana Castro,1,Mathematics in the Modern World,69.6,73.3,68.2,65.3
22-50066,Ana Castro,1,Readings in Philippine History,66.5,82.5,66.3,73.3
22-50066,Ana Castro,1,Purposive Communication,72.6,70.2,78.2,73.1
22-50066,Ana Castro,1,Differential Calculus,75.9,77.0,67.7,65.6
22-50066,Ana Castro,1,General Chemistry,70.7,77.8,65.2,74.6
22-50066,Ana Castro,1,Computer Programming 1,75.2,74.9,76.2,68.0
22-50066,Ana Castro,2,Engineering Drawing,75.4,74.7,77.1,63.9
22-50066,Ana Castro,2,Contemporary World,75.5,74.1,76.1,66.5
22-50066,Ana Castro,2,Art Appreciation,87.1,73.1,69.5,66.1
22-50066,Ana Castro,2,"Science, Technology and Society",68.4,67.8,67.8,73.9
22-50066,Ana Castro,2,Integral Calculus,74.4,69.5,76.8,75.0
22-50066,Ana Castro,2,Physics 1,82.2,67.3,66.4,76.6
22-50066,Ana Castro,3,Life and Works of Rizal,77.7,72.4,75.3,73.2
22-50066,Ana Castro,3,Ethics,72.9,75.3,76.5,60.2
22-50066,Ana Castro,3,Modern Biology,74.7,65.7,63.5,62.3
22-50066,Ana Castro,3,Computer Engineering as a Discipline,79.1,72.1,67.1,67.4
22-50066,Ana Castro,3,Programming Logic and Design,70.2,77.3,78.5,67.4
22-50066,Ana Castro,3,Discrete Mathematics,73.4,74.6,60.0,68.9
22-50066,Ana Castro,3,Fundamentals of Electrical Engineering,95.8,74.1,71.0,72.4
22-50066,Ana Castro,3,Computer-Aided Design,87.0,80.7,60.0,71.3
22-50066,Ana Castro,4,Engineering Economics,91.7,77.7,64.0,68.8
22-50066,Ana Castro,4,Engineering Data Analysis,66.9,79.8,63.7,66.1
22-50066,Ana Castro,4,Differential Equations,69.5,69.1,78.3,66.3
22-50066,Ana Castro,4,Object Oriented Programming,73.7,67.9,60.5,60.3
22-50066,Ana Castro,4,Advanced Engineering Mathematics for CpE,75.3,78.3,66.0,75.1
22-50066,Ana Castro,4,Cognate/Elective Course 1,72.8,73.3,65.2,73.8
22-50066,Ana Castro,4,Electronic Circuits: Devices and Analysis,89.7,64.3,69.7,75.5
22-50066,Ana Castro,4,Basic Occupational Health and Safety,67.6,77.4,78.3,67.6
22-50066,Ana Castro,4,Numerical Methods,77.9,83.0,81.1,65.3
22-50066,Ana Castro,4,Kontekstwalisadong Komunikasyon sa Filipino,73.1,68.5,76.8,60.0
22-50066,Ana Castro,5,Logic Circuits and Design,75.6,75.5,68.7,69.6
22-50066,Ana Castro,5,Data Structures and Algorithms,92.5,74.0,69.1,73.9
22-50066,Ana Castro,5,"Introduction to Networks, Data and Digital Communications (CISCO 1)",78.5,83.4,72.7,66.3
22-50066,Ana Castro,5,Fundamentals of Mixed Signals and Sensors,66.5,65.1,60.7,70.2
22-50066,Ana Castro,5,Feedback and Control Systems,66.4,79.9,69.6,64.2
22-50066,Ana Castro,5,Introduction to HDL,72.1,78.6,66.9,62.0
22-50066,Ana Castro,5,Research Methods,83.4,76.1,69.5,71.0
22-50066,Ana Castro,5,Filipino sa Iba't Ibang Disiplina,76.3,76.3,66.0,79.6
22-50066,Ana Castro,6,Microprocessors,73.7,84.2,70.6,72.7
22-50066,Ana Castro,6,Software Design,81.5,81.6,66.6,74.3
22-50066,Ana Castro,6,Routing and Switching (CISCO 2),88.2,73.2,71.9,64.7
22-50066,Ana Castro,6,Digital Signal Processing,72.5,82.7,63.4,60.0
22-50066,Ana Castro,6,Emerging Technologies in CpE,86.7,78.5,84.4,65.1
22-50066,Ana Castro,6,CpE Practice and Design 1,77.0,70.0,71.8,60.0
22-50066,Ana Castro,6,Cognate/Elective Course 2,81.2,76.7,71.3,65.5
22-50066,Ana Castro,7,Scaling Networks (CISCO 3),71.7,79.1,64.7,70.9
22-50066,Ana Castro,7,Operating Systems,89.5,83.7,62.6,64.6
22-50066,Ana Castro,7,Computer Architecture and Organization,79.7,74.4,63.4,70.2
22-50066,Ana Castro,7,Computer Engineering Drafting and Design,77.1,86.3,70.2,74.9
22-50066,Ana Castro,7,Connecting Networks and Security (CISCO 4),69.5,68.6,76.0,74.3
22-50066,Ana Castro,7,Embedded Systems,71.4,75.0,63.5,66.8
22-50066,Ana Castro,7,Seminars and Fieldtrips,81.3,71.4,69.4,60.4
22-50066,Ana Castro,7,Manufacturing and Quality Control,73.3,85.4,72.2,61.9
22-50066,Ana Castro,7,Cognate/Elective Course 3 (Data Mining / AI Track),75.2,65.2,65.6,76.0
22-50066,Ana Castro,7,ASEAN Literature,75.4,85.3,70.4,66.9
22-50066,Ana Castro,8,Technopreneurship,80.1,60.0,72.2,66.8
22-50066,Ana Castro,8,On-the-Job Training,85.2,79.8,64.1,74.6
22-50066,Ana Castro,8,CpE Practice and Design 2,74.7,68.6,72.1,65.9
22-80435,Rosa Aquino,1,Introduction to Engineering,87.2,77.7,73.8,74.1
22-80435,Rosa Aquino,1,Understanding the Self,84.6,80.4,81.1,72.3
22-80435,Rosa Aquino,1,Mathematics in the Modern World,77.2,81.4,70.4,67.3
22-80435,Rosa Aquino,1,Readings in Philippine History,88.3,85.4,72.5,65.9
22-80435,Rosa Aquino,1,Purposive Communication,86.8,80.5,74.4,66.7
22-80435,Rosa Aquino,1,Differential Calculus,78.2,73.8,66.9,67.9
22-80435,Rosa Aquino,1,General Chemistry,77.8,71.7,76.3,74.8
22-80435,Rosa Aquino,1,Computer Programming 1,85.2,75.3,78.3,70.3
22-80435,Rosa Aquino,2,Engineering Drawing,71.0,80.1,73.8,84.6
22-80435,Rosa Aquino,2,Contemporary World,86.8,79.9,74.0,69.6
22-80435,Rosa Aquino,2,Art Appreciation,72.0,65.2,67.3,68.4
22-80435,Rosa Aquino,2,"Science, Technology and Society",65.4,72.4,71.1,67.4
22-80435,Rosa Aquino,2,Integral Calculus,72.3,71.9,81.2,71.1
22-80435,Rosa Aquino,2,Physics 1,72.9,73.5,70.7,62.5
22-80435,Rosa Aquino,3,Life and Works of Rizal,73.4,81.7,70.0,62.1
22-80435,Rosa Aquino,3,Ethics,77.8,76.4,60.7,68.4
22-80435,Rosa Aquino,3,Modern Biology,81.4,76.7,84.3,74.6
22-80435,Rosa Aquino,3,Computer Engineering as a Discipline,86.7,92.5,77.1,69.6
22-80435,Rosa Aquino,3,Programming Logic and Design,85.2,73.6,74.5,66.0
22-80435,Rosa Aquino,3,Discrete Mathematics,78.6,70.0,66.8,69.6
22-80435,Rosa Aquino,3,Fundamentals of Electrical Engineering,77.6,64.5,64.2,62.1
22-80435,Rosa Aquino,3,Computer-Aided Design,73.1,78.6,74.3,75.4
22-80435,Rosa Aquino,4,Engineering Economics,82.5,82.1,76.2,69.9
22-80435,Rosa Aquino,4,Engineering Data Analysis,82.8,79.5,73.2,74.7
22-80435,Rosa Aquino,4,Differential Equations,62.2,72.2,69.1,74.0
22-80435,Rosa Aquino,4,Object Oriented Programming,88.8,68.3,82.3,62.8
22-80435,Rosa Aquino,4,Advanced Engineering Mathematics for CpE,69.4,72.5,69.0,60.0
22-80435,Rosa Aquino,4,Cognate/Elective Course 1,83.3,81.1,80.1,67.2
22-80435,Rosa Aquino,4,Electronic Circuits: Devices and Analysis,78.2,75.9,83.1,60.0
22-80435,Rosa Aquino,4,Basic Occupational Health and Safety,72.3,75.7,66.0,67.1
22-80435,Rosa Aquino,4,Numerical Methods,75.5,70.0,71.3,70.9
22-80435,Rosa Aquino,4,Kontekstwalisadong Komunikasyon sa Filipino,76.6,73.0,71.6,68.6
22-80435,Rosa Aquino,5,Logic Circuits and Design,68.0,78.8,70.2,76.6
22-80435,Rosa Aquino,5,Data Structures and Algorithms,82.9,84.0,67.7,67.6
22-80435,Rosa Aquino,5,"Introduction to Networks, Data and Digital Communications (CISCO 1)",71.9,72.8,81.3,78.8
22-80435,Rosa Aquino,5,Fundamentals of Mixed Signals and Sensors,71.5,73.3,72.5,72.5
22-80435,Rosa Aquino,5,Feedback and Control Systems,65.7,64.3,73.8,60.0
22-80435,Rosa Aquino,5,Introduction to HDL,75.7,77.0,75.4,68.2
22-80435,Rosa Aquino,5,Research Methods,75.8,80.7,74.3,64.8
22-80435,Rosa Aquino,5,Filipino sa Iba't Ibang Disiplina,78.2,78.0,82.9,73.4
22-80435,Rosa Aquino,6,Microprocessors,85.7,72.4,69.8,67.6
22-80435,Rosa Aquino,6,Software Design,78.5,70.9,81.4,75.1
22-80435,Rosa Aquino,6,Routing and Switching (CISCO 2),77.5,80.8,75.2,74.2
22-80435,Rosa Aquino,6,Digital Signal Processing,68.2,73.1,70.6,70.8
22-80435,Rosa Aquino,6,Emerging Technologies in CpE,75.6,62.0,67.3,69.5
22-80435,Rosa Aquino,6,CpE Practice and Design 1,78.4,85.8,76.0,69.1
22-80435,Rosa Aquino,6,Cognate/Elective Course 2,79.2,83.6,70.3,69.0
22-80435,Rosa Aquino,7,Scaling Networks (CISCO 3),72.8,85.5,76.2,65.6
22-80435,Rosa Aquino,7,Operating Systems,78.7,80.0,72.3,66.6
22-80435,Rosa Aquino,7,Computer Architecture and Organization,74.5,78.1,70.8,66.3
22-80435,Rosa Aquino,7,Computer Engineering Drafting and Design,70.4,76.5,71.9,67.1
22-80435,Rosa Aquino,7,Connecting Networks and Security (CISCO 4),80.6,81.5,78.0,73.2
22-80435,Rosa Aquino,7,Embedded Systems,77.0,72.7,66.7,65.5
22-80435,Rosa Aquino,7,Seminars and Fieldtrips,78.1,71.0,73.1,62.9
22-80435,Rosa Aquino,7,Manufacturing and Quality Control,68.5,81.0,70.1,64.0
22-80435,Rosa Aquino,7,Cognate/Elective Course 3 (Data Mining / AI Track),72.8,79.5,82.1,67.4
22-80435,Rosa Aquino,7,ASEAN Literature,76.7,82.1,61.7,80.5
22-80435,Rosa Aquino,8,Technopreneurship,92.7,60.0,72.0,64.3
22-80435,Rosa Aquino,8,On-the-Job Training,76.4,73.2,77.4,68.0
22-80435,Rosa Aquino,8,CpE Practice and Design 2,72.5,74.6,75.6,61.5
22-99698,Camila Bautista,1,Introduction to Engineering,69.9,89.3,70.3,69.3
22-99698,Camila Bautista,1,Understanding the Self,77.4,80.6,84.8,73.7
22-99698,Camila Bautista,1,Mathematics in the Modern World,69.3,67.7,70.5,67.4
22-99698,Camila Bautista,1,Readings in Philippine History,69.4,82.3,67.6,79.1
22-99698,Camila Bautista,1,Purposive Communication,90.7,75.9,76.8,62.8
22-99698,Camila Bautista,1,Differential Calculus,82.1,73.1,66.4,67.3
22-99698,Camila Bautista,1,General Chemistry,75.6,74.1,78.6,64.3
22-99698,Camila Bautista,1,Computer Programming 1,90.8,70.1,84.5,64.7
22-99698,Camila Bautista,2,Engineering Drawing,80.4,75.0,72.7,75.5
22-99698,Camila Bautista,2,Contemporary World,88.7,84.5,71.7,71.3
22-99698,Camila Bautista,2,Art Appreciation,75.0,71.4,67.3,67.5
22-99698,Camila Bautista,2,"Science, Technology and Society",81.2,65.9,73.9,79.3
22-99698,Camila Bautista,2,Integral Calculus,85.1,72.5,64.5,71.7
22-99698,Camila Bautista,2,Physics 1,64.5,82.7,71.6,80.0
22-99698,Camila Bautista,3,Life and Works of Rizal,69.4,82.9,73.6,68.2
22-99698,Camila Bautista,3,Ethics,71.5,80.9,78.2,80.9
22-99698,Camila Bautista,3,Modern Biology,84.4,72.5,66.9,60.8
22-99698,Camila Bautista,3,Computer Engineering as a Discipline,88.6,72.7,83.0,73.3
22-99698,Camila Bautista,3,Programming Logic and Design,82.4,76.2,78.8,70.7
22-99698,Camila Bautista,3,Discrete Mathematics,76.2,80.2,72.0,64.2
22-99698,Camila Bautista,3,Fundamentals of Electrical Engineering,84.0,77.6,77.7,68.0
22-99698,Camila Bautista,3,Computer-Aided Design,73.1,88.4,84.0,76.0
22-99698,Camila Bautista,4,Engineering Economics,77.4,75.5,82.5,68.0
22-99698,Camila Bautista,4,Engineering Data Analysis,74.6,87.3,72.6,79.6
22-99698,Camila Bautista,4,Differential Equations,70.0,79.2,85.3,69.2
22-99698,Camila Bautista,4,Object Oriented Programming,78.9,71.0,81.3,66.2
22-99698,Camila Bautista,4,Advanced Engineering Mathematics for CpE,77.8,68.6,82.3,75.9
22-99698,Camila Bautista,4,Cognate/Elective Course 1,80.2,71.1,84.0,68.6
22-99698,Camila Bautista,4,Electronic Circuits: Devices and Analysis,73.8,67.4,70.9,62.0
22-99698,Camila Bautista,4,Basic Occupational Health and Safety,76.0,81.8,71.9,72.3
22-99698,Camila Bautista,4,Numerical Methods,74.1,76.4,84.4,66.9
22-99698,Camila Bautista,4,Kontekstwalisadong Komunikasyon sa Filipino,82.0,68.0,83.3,67.3
22-99698,Camila Bautista,5,Logic Circuits and Design,86.7,77.2,78.4,74.8
22-99698,Camila Bautista,5,Data Structures and Algorithms,77.7,84.6,70.3,75.5
22-99698,Camila Bautista,5,"Introduction to Networks, Data and Digital Communications (CISCO 1)",78.1,80.1,72.0,71.1
22-99698,Camila Bautista,5,Fundamentals of Mixed Signals and Sensors,73.9,79.5,75.0,67.5
22-99698,Camila Bautista,5,Feedback and Control Systems,78.1,76.8,69.2,68.2
22-99698,Camila Bautista,5,Introduction to HDL,74.4,92.1,81.1,72.4
22-99698,Camila Bautista,5,Research Methods,86.8,65.5,60.0,67.8
22-99698,Camila Bautista,5,Filipino sa Iba't Ibang Disiplina,71.5,75.9,75.4,75.7
22-99698,Camila Bautista,6,Microprocessors,73.6,80.4,74.8,72.8
22-99698,Camila Bautista,6,Software Design,77.3,86.3,74.2,81.4
22-99698,Camila Bautista,6,Routing and Switching (CISCO 2),75.7,82.5,74.4,68.8
22-99698,Camila Bautista,6,Digital Signal Processing,82.2,74.3,60.0,60.0
22-99698,Camila Bautista,6,Emerging Technologies in CpE,88.1,85.4,86.1,70.7
22-99698,Camila Bautista,6,CpE Practice and Design 1,72.0,74.8,74.2,64.1
22-99698,Camila Bautista,6,Cognate/Elective Course 2,90.3,91.5,77.7,70.7
22-99698,Camila Bautista,7,Scaling Networks (CISCO 3),72.7,87.3,75.3,69.1
22-99698,Camila Bautista,7,Operating Systems,83.3,74.5,75.7,62.1
22-99698,Camila Bautista,7,Computer Architecture and Organization,86.9,77.3,81.7,69.5
22-99698,Camila Bautista,7,Computer Engineering Drafting and Design,79.6,70.7,79.3,65.5
22-99698,Camila Bautista,7,Connecting Networks and Security (CISCO 4),77.5,78.0,75.5,60.5
22-99698,Camila Bautista,7,Embedded Systems,79.0,82.7,72.5,69.4
22-99698,Camila Bautista,7,Seminars and Fieldtrips,80.7,76.6,68.0,70.0
22-99698,Camila Bautista,7,Manufacturing and Quality Control,86.4,71.7,72.5,62.5
22-99698,Camila Bautista,7,Cognate/Elective Course 3 (Data Mining / AI Track),86.1,77.5,69.7,71.3
22-99698,Camila Bautista,7,ASEAN Literature,72.5,71.1,65.4,63.8
22-99698,Camila Bautista,8,Technopreneurship,87.9,73.0,77.0,65.2
22-99698,Camila Bautista,8,On-the-Job Training,84.3,71.2,74.4,70.5
22-99698,Camila Bautista,8,CpE Practice and Design 2,93.7,81.1,70.6,74.3
22-81559,Mia Castro,1,Introduction to Engineering,91.5,66.6,68.2,67.9
22-81559,Mia Castro,1,Understanding the Self,76.2,74.4,65.4,77.7
22-81559,Mia Castro,1,Mathematics in the Modern World,70.3,75.3,79.6,69.2
22-81559,Mia Castro,1,Readings in Philippine History,72.8,68.3,71.8,64.7
22-81559,Mia Castro,1,Purposive Communication,80.0,67.9,78.1,70.0
22-81559,Mia Castro,1,Differential Calculus,80.0,85.1,70.7,65.0
22-81559,Mia Castro,1,General Chemistry,75.6,75.3,72.8,64.4
22-81559,Mia Castro,1,Computer Programming 1,65.1,71.6,74.0,68.8
22-81559,Mia Castro,2,Engineering Drawing,87.3,89.4,79.0,78.8
22-81559,Mia Castro,2,Contemporary World,83.3,86.6,84.3,75.0
22-81559,Mia Castro,2,Art Appreciation,83.0,75.1,73.0,67.2
22-81559,Mia Castro,2,"Science, Technology and Society",82.4,72.0,72.1,60.0
22-81559,Mia Castro,2,Integral Calculus,89.2,75.1,76.1,78.1
22-81559,Mia Castro,2,Physics 1,80.6,85.1,65.9,83.8
22-81559,Mia Castro,3,Life and Works of Rizal,85.2,77.6,81.8,62.3
22-81559,Mia Castro,3,Ethics,77.0,85.0,62.0,72.6
22-81559,Mia Castro,3,Modern Biology,82.0,88.3,63.8,79.0
22-81559,Mia Castro,3,Computer Engineering as a Discipline,75.4,73.7,65.9,62.7
22-81559,Mia Castro,3,Programming Logic and Design,79.7,68.3,76.3,64.0
22-81559,Mia Castro,3,Discrete Mathematics,71.6,73.3,75.3,67.7
22-81559,Mia Castro,3,Fundamentals of Electrical Engineering,80.3,81.9,81.0,68.6
22-81559,Mia Castro,3,Computer-Aided Design,73.8,78.1,77.3,61.7
22-81559,Mia Castro,4,Engineering Economics,73.4,72.0,72.0,64.7
22-81559,Mia Castro,4,Engineering Data Analysis,83.1,66.8,63.8,67.4
22-81559,Mia Castro,4,Differential Equations,77.8,67.7,69.7,67.0
22-81559,Mia Castro,4,Object Oriented Programming,74.9,75.8,67.9,76.8
22-81559,Mia Castro,4,Advanced Engineering Mathematics for CpE,81.8,71.6,73.9,70.1
22-81559,Mia Castro,4,Cognate/Elective Course 1,84.5,71.3,76.4,68.2
22-81559,Mia Castro,4,Electronic Circuits: Devices and Analysis,89.0,85.4,75.7,68.9
22-81559,Mia Castro,4,Basic Occupational Health and Safety,81.8,75.3,83.3,69.7
22-81559,Mia Castro,4,Numerical Methods,76.4,73.7,66.0,72.7
22-81559,Mia Castro,4,Kontekstwalisadong Komunikasyon sa Filipino,73.8,82.9,65.5,70.0
22-81559,Mia Castro,5,Logic Circuits and Design,87.0,64.8,86.6,67.9
22-81559,Mia Castro,5,Data Structures and Algorithms,78.1,78.4,76.2,69.6
22-81559,Mia Castro,5,"Introduction to Networks, Data and Digital Communications (CISCO 1)",83.2,78.0,82.4,71.1
22-81559,Mia Castro,5,Fundamentals of Mixed Signals and Sensors,91.9,83.1,63.6,86.1
22-81559,Mia Castro,5,Feedback and Control Systems,75.4,85.4,73.5,75.7
22-81559,Mia Castro,5,Introduction to HDL,75.9,81.4,73.0,79.9
22-81559,Mia Castro,5,Research Methods,81.4,82.0,60.2,68.8
22-81559,Mia Castro,5,Filipino sa Iba't Ibang Disiplina,81.2,77.7,79.0,67.1
22-81559,Mia Castro,6,Microprocessors,80.4,84.8,60.8,74.0
22-81559,Mia Castro,6,Software Design,75.2,69.5,73.9,75.3
22-81559,Mia Castro,6,Routing and Switching (CISCO 2),83.5,74.1,77.1,73.2
22-81559,Mia Castro,6,Digital Signal Processing,78.3,72.3,69.5,74.4
22-81559,Mia Castro,6,Emerging Technologies in CpE,77.0,68.6,61.7,73.0
22-81559,Mia Castro,6,CpE Practice and Design 1,75.4,78.3,80.6,61.4
22-81559,Mia Castro,6,Cognate/Elective Course 2,77.0,73.9,74.1,75.4
22-81559,Mia Castro,7,Scaling Networks (CISCO 3),69.3,78.3,78.0,66.9
22-81559,Mia Castro,7,Operating Systems,76.4,77.4,73.9,71.5
22-81559,Mia Castro,7,Computer Architecture and Organization,83.4,71.8,80.4,77.5
22-81559,Mia Castro,7,Computer Engineering Drafting and Design,81.2,68.7,73.8,71.6
22-81559,Mia Castro,7,Connecting Networks and Security (CISCO 4),70.4,72.8,63.4,71.6
22-81559,Mia Castro,7,Embedded Systems,81.1,67.8,76.6,70.1
22-81559,Mia Castro,7,Seminars and Fieldtrips,81.8,74.0,68.4,64.6
22-81559,Mia Castro,7,Manufacturing and Quality Control,76.9,77.8,75.4,69.3
22-81559,Mia Castro,7,Cognate/Elective Course 3 (Data Mining / AI Track),74.7,72.8,86.9,63.3
22-81559,Mia Castro,7,ASEAN Literature,75.4,96.1,75.7,61.0
22-81559,Mia Castro,8,Technopreneurship,83.8,70.9,78.7,68.0
22-81559,Mia Castro,8,On-the-Job Training,76.1,86.0,76.6,75.1
22-81559,Mia Castro,8,CpE Practice and Design 2,81.3,73.7,76.9,76.5
22-93822,Alex Bautista,1,Introduction to Engineering,80.2,87.8,78.9,71.1
22-93822,Alex Bautista,1,Understanding the Self,80.9,77.8,66.3,69.3
22-93822,Alex Bautista,1,Mathematics in the Modern World,82.5,76.2,77.5,71.5
22-93822,Alex Bautista,1,Readings in Philippine History,84.0,80.9,74.8,61.6
22-93822,Alex Bautista,1,Purposive Communication,90.1,76.1,73.3,67.8
22-93822,Alex Bautista,1,Differential Calculus,78.2,88.0,83.8,74.1
22-93822,Alex Bautista,1,General Chemistry,80.5,82.4,75.9,70.3
22-93822,Alex Bautista,1,Computer Programming 1,79.2,72.2,73.3,69.1
22-93822,Alex Bautista,2,Engineering Drawing,83.3,73.6,78.4,64.7
22-93822,Alex Bautista,2,Contemporary World,75.9,73.8,67.4,75.9
22-93822,Alex Bautista,2,Art Appreciation,73.5,72.8,81.3,66.4
22-93822,Alex Bautista,2,"Science, Technology and Society",78.2,70.9,78.8,74.9
22-93822,Alex Bautista,2,Integral Calculus,85.6,81.9,75.9,68.3
22-93822,Alex Bautista,2,Physics 1,76.3,86.5,80.1,67.2
22-93822,Alex Bautista,3,Life and Works of Rizal,79.6,75.2,67.0,70.9
22-93822,Alex Bautista,3,Ethics,76.9,71.3,64.9,60.4
22-93822,Alex Bautista,3,Modern Biology,78.9,78.2,70.2,75.3
22-93822,Alex Bautista,3,Computer Engineering as a Discipline,79.0,80.4,72.7,65.1
22-93822,Alex Bautista,3,Programming Logic and Design,77.9,67.3,75.0,62.3
22-93822,Alex Bautista,3,Discrete Mathematics,86.7,76.7,81.8,64.7
22-93822,Alex Bautista,3,Fundamentals of Electrical Engineering,75.7,79.6,81.2,80.2
22-93822,Alex Bautista,3,Computer-Aided Design,80.0,88.4,72.4,76.8
22-93822,Alex Bautista,4,Engineering Economics,73.7,79.5,60.0,63.1
22-93822,Alex Bautista,4,Engineering Data Analysis,83.9,70.8,78.0,76.8
22-93822,Alex Bautista,4,Differential Equations,78.1,72.9,72.6,65.6
22-93822,Alex Bautista,4,Object Oriented Programming,76.6,75.5,69.9,78.0
22-93822,Alex Bautista,4,Advanced Engineering Mathematics for CpE,76.8,87.1,69.2,71.8
22-93822,Alex Bautista,4,Cognate/Elective Course 1,84.3,81.6,69.2,71.2
22-93822,Alex Bautista,4,Electronic Circuits: Devices and Analysis,82.3,74.1,77.8,81.3
22-93822,Alex Bautista,4,Basic Occupational Health and Safety,82.2,80.4,77.8,61.1
22-93822,Alex Bautista,4,Numerical Methods,83.9,72.6,71.9,84.4
22-93822,Alex Bautista,4,Kontekstwalisadong Komunikasyon sa Filipino,77.8,72.5,80.7,64.1
22-93822,Alex Bautista,5,Logic Circuits and Design,77.0,84.8,74.4,60.8
22-93822,Alex Bautista,5,Data Structures and Algorithms,80.4,72.5,81.0,64.3
22-93822,Alex Bautista,5,"Introduction to Networks, Data and Digital Communications (CISCO 1)",83.5,85.5,66.7,66.8
22-93822,Alex Bautista,5,Fundamentals of Mixed Signals and Sensors,82.1,72.2,75.8,68.8
22-93822,Alex Bautista,5,Feedback and Control Systems,79.7,79.0,75.9,72.4
22-93822,Alex Bautista,5,Introduction to HDL,76.1,74.0,73.4,69.9
22-93822,Alex Bautista,5,Research Methods,76.7,78.9,62.9,65.4
22-93822,Alex Bautista,5,Filipino sa Iba't Ibang Disiplina,77.7,71.8,83.6,69.9
22-93822,Alex Bautista,6,Microprocessors,80.8,74.4,74.1,62.9
22-93822,Alex Bautista,6,Software Design,76.2,69.2,70.1,60.0
22-93822,Alex Bautista,6,Routing and Switching (CISCO 2),70.4,83.6,76.8,75.8
22-93822,Alex Bautista,6,Digital Signal Processing,89.5,82.8,72.7,65.2
22-93822,Alex Bautista,6,Emerging Technologies in CpE,84.1,75.2,86.7,65.7
22-93822,Alex Bautista,6,CpE Practice and Design 1,91.2,76.0,81.8,80.0
22-93822,Alex Bautista,6,Cognate/Elective Course 2,71.0,71.9,65.6,60.5
22-93822,Alex Bautista,7,Scaling Networks (CISCO 3),81.2,73.7,72.1,71.2
22-93822,Alex Bautista,7,Operating Systems,66.0,82.6,69.7,71.1
22-93822,Alex Bautista,7,Computer Architecture and Organization,83.5,85.6,73.5,60.0
22-93822,Alex Bautista,7,Computer Engineering Drafting and Design,80.1,78.5,67.9,71.0
22-93822,Alex Bautista,7,Connecting Networks and Security (CISCO 4),75.0,66.8,75.8,64.5
22-93822,Alex Bautista,7,Embedded Systems,77.3,74.6,81.6,69.9
22-93822,Alex Bautista,7,Seminars and Fieldtrips,79.8,74.3,76.6,77.9
22-93822,Alex Bautista,7,Manufacturing and Quality Control,83.6,81.5,77.8,61.9
22-93822,Alex Bautista,7,Cognate/Elective Course 3 (Data Mining / AI Track),71.9,73.6,67.4,61.5
22-93822,Alex Bautista,7,ASEAN Literature,68.1,68.9,72.3,69.4
22-93822,Alex Bautista,8,Technopreneurship,74.6,77.4,71.2,76.4
22-93822,Alex Bautista,8,On-the-Job Training,78.4,81.1,75.0,61.4
22-93822,Alex Bautista,8,CpE Practice and Design 2,78.8,69.6,73.1,65.4
22-95141,Lucia Reyes,1,Introduction to Engineering,82.0,69.2,74.2,73.5
22-95141,Lucia Reyes,1,Understanding the Self,85.1,72.7,74.2,71.2
22-95141,Lucia Reyes,1,Mathematics in the Modern World,85.9,65.4,65.8,84.2
22-95141,Lucia Reyes,1,Readings in Philippine History,78.0,65.9,70.6,60.0
22-95141,Lucia Reyes,1,Purposive Communication,81.1,82.1,68.6,67.3
22-95141,Lucia Reyes,1,Differential Calculus,82.1,63.8,63.3,66.0
22-95141,Lucia Reyes,1,General Chemistry,72.1,72.5,63.7,68.7
22-95141,Lucia Reyes,1,Computer Programming 1,81.8,83.5,78.1,74.0
22-95141,Lucia Reyes,2,Engineering Drawing,71.0,80.3,72.1,69.1
22-95141,Lucia Reyes,2,Contemporary World,85.9,73.0,82.2,78.8
22-95141,Lucia Reyes,2,Art Appreciation,84.2,71.4,61.0,76.6
22-95141,Lucia Reyes,2,"Science, Technology and Society",80.3,72.8,81.1,64.9
22-95141,Lucia Reyes,2,Integral Calculus,74.1,77.4,64.6,66.7
22-95141,Lucia Reyes,2,Physics 1,83.1,75.6,78.7,74.2
22-95141,Lucia Reyes,3,Life and Works of Rizal,79.7,63.3,67.4,74.7
22-95141,Lucia Reyes,3,Ethics,70.4,75.3,76.1,78.9
22-95141,Lucia Reyes,3,Modern Biology,73.1,70.4,70.9,69.5
22-95141,Lucia Reyes,3,Computer Engineering as a Discipline,78.7,83.6,69.3,70.8
22-95141,Lucia Reyes,3,Programming Logic and Design,85.3,77.8,81.9,73.7
22-95141,Lucia Reyes,3,Discrete Mathematics,81.3,75.5,73.5,63.6
22-95141,Lucia Reyes,3,Fundamentals of Electrical Engineering,75.9,84.7,77.9,64.0
22-95141,Lucia Reyes,3,Computer-Aided Design,80.8,63.1,70.7,75.9
22-95141,Lucia Reyes,4,Engineering Economics,78.9,78.0,60.0,67.7
22-95141,Lucia Reyes,4,Engineering Data Analysis,78.6,77.1,77.0,66.1
22-95141,Lucia Reyes,4,Differential Equations,75.6,66.3,70.0,60.0
22-95141,Lucia Reyes,4,Object Oriented Programming,71.6,73.7,85.9,71.1
22-95141,Lucia Reyes,4,Advanced Engineering Mathematics for CpE,77.9,71.2,60.5,73.0
22-95141,Lucia Reyes,4,Cognate/Elective Course 1,69.6,76.9,76.6,74.1
22-95141,Lucia Reyes,4,Electronic Circuits: Devices and Analysis,75.3,66.3,69.3,65.6
22-95141,Lucia Reyes,4,Basic Occupational Health and Safety,75.0,83.1,66.8,71.9
22-95141,Lucia Reyes,4,Numerical Methods,77.5,80.1,70.4,72.2
22-95141,Lucia Reyes,4,Kontekstwalisadong Komunikasyon sa Filipino,78.6,79.9,65.1,60.0
22-95141,Lucia Reyes,5,Logic Circuits and Design,82.0,79.9,77.0,67.0
22-95141,Lucia Reyes,5,Data Structures and Algorithms,91.6,77.4,79.4,76.3
22-95141,Lucia Reyes,5,"Introduction to Networks, Data and Digital Communications (CISCO 1)",93.0,78.3,73.0,63.8
22-95141,Lucia Reyes,5,Fundamentals of Mixed Signals and Sensors,89.0,79.8,76.8,88.8
22-95141,Lucia Reyes,5,Feedback and Control Systems,78.5,66.5,70.1,61.6
22-95141,Lucia Reyes,5,Introduction to HDL,77.3,74.9,70.6,61.8
22-95141,Lucia Reyes,5,Research Methods,89.2,79.1,72.7,74.6
22-95141,Lucia Reyes,5,Filipino sa Iba't Ibang Disiplina,82.5,78.9,78.2,70.9
22-95141,Lucia Reyes,6,Microprocessors,83.7,81.8,75.1,68.8
22-95141,Lucia Reyes,6,Software Design,91.9,77.3,79.2,75.2
22-95141,Lucia Reyes,6,Routing and Switching (CISCO 2),79.0,75.4,74.8,69.8
22-95141,Lucia Reyes,6,Digital Signal Processing,67.8,70.4,72.8,75.0
22-95141,Lucia Reyes,6,Emerging Technologies in CpE,86.0,64.6,80.7,69.4
22-95141,Lucia Reyes,6,CpE Practice and Design 1,82.4,77.2,72.9,69.5
22-95141,Lucia Reyes,6,Cognate/Elective Course 2,82.5,88.3,76.8,79.3
22-95141,Lucia Reyes,7,Scaling Networks (CISCO 3),88.3,84.2,66.2,79.5
22-95141,Lucia Reyes,7,Operating Systems,79.9,84.5,71.1,65.6
22-95141,Lucia Reyes,7,Computer Architecture and Organization,91.6,71.6,81.0,70.9
22-95141,Lucia Reyes,7,Computer Engineering Drafting and Design,77.2,77.0,66.3,70.1
22-95141,Lucia Reyes,7,Connecting Networks and Security (CISCO 4),76.2,77.8,82.4,74.3
22-95141,Lucia Reyes,7,Embedded Systems,70.8,82.4,74.1,66.9
22-95141,Lucia Reyes,7,Seminars and Fieldtrips,84.1,76.3,67.1,81.2
22-95141,Lucia Reyes,7,Manufacturing and Quality Control,79.6,76.8,71.7,77.2
22-95141,Lucia Reyes,7,Cognate/Elective Course 3 (Data Mining / AI Track),79.5,70.9,72.8,80.7
22-95141,Lucia Reyes,7,ASEAN Literature,84.7,75.7,82.3,74.6
22-95141,Lucia Reyes,8,Technopreneurship,78.1,76.3,76.1,65.1
22-95141,Lucia Reyes,8,On-the-Job Training,79.7,79.1,64.0,69.0
22-95141,Lucia Reyes,8,CpE Practice and Design 2,77.8,83.4,63.0,67.8
22-18109,Marco Cruz,1,Introduction to Engineering,84.5,90.5,81.0,87.6
22-18109,Marco Cruz,1,Understanding the Self,91.3,82.3,82.7,74.7
22-18109,Marco Cruz,1,Mathematics in the Modern World,92.4,76.7,76.2,79.5
22-18109,Marco Cruz,1,Readings in Philippine History,94.7,71.5,89.5,76.0
22-18109,Marco Cruz,1,Purposive Communication,76.0,66.7,72.1,76.7
22-18109,Marco Cruz,1,Differential Calculus,86.9,88.4,77.9,70.1
22-18109,Marco Cruz,1,General Chemistry,84.8,84.8,82.5,72.1
22-18109,Marco Cruz,1,Computer Programming 1,95.0,83.2,78.1,75.6
22-18109,Marco Cruz,2,Engineering Drawing,91.6,81.8,75.1,80.5
22-18109,Marco Cruz,2,Contemporary World,98.0,86.0,88.6,83.1
22-18109,Marco Cruz,2,Art Appreciation,83.7,84.9,73.5,75.6
22-18109,Marco Cruz,2,"Science, Technology and Society",83.6,82.3,76.7,75.1
22-18109,Marco Cruz,2,Integral Calculus,90.5,83.9,70.0,72.3
22-18109,Marco Cruz,2,Physics 1,78.1,86.1,84.2,78.3
22-18109,Marco Cruz,3,Life and Works of Rizal,82.6,86.2,78.4,70.0
22-18109,Marco Cruz,3,Ethics,91.8,89.6,86.9,73.2
22-18109,Marco Cruz,3,Modern Biology,94.3,81.7,85.1,73.7
22-18109,Marco Cruz,3,Computer Engineering as a Discipline,86.0,70.2,79.4,77.4
22-18109,Marco Cruz,3,Programming Logic and Design,87.1,97.4,76.3,75.5
22-18109,Marco Cruz,3,Discrete Mathematics,81.8,81.3,87.3,85.7
22-18109,Marco Cruz,3,Fundamentals of Electrical Engineering,81.0,78.3,72.3,82.8
22-18109,Marco Cruz,3,Computer-Aided Design,91.9,82.0,70.8,67.1
22-18109,Marco Cruz,4,Engineering Economics,88.4,88.0,68.8,74.9
22-18109,Marco Cruz,4,Engineering Data Analysis,97.0,83.3,90.1,80.7
22-18109,Marco Cruz,4,Differential Equations,80.8,82.9,80.4,71.1
22-18109,Marco Cruz,4,Object Oriented Programming,83.8,95.9,77.4,85.3
22-18109,Marco Cruz,4,Advanced Engineering Mathematics for CpE,84.6,84.5,84.5,73.2
22-18109,Marco Cruz,4,Cognate/Elective Course 1,93.0,74.6,86.0,64.0
22-18109,Marco Cruz,4,Electronic Circuits: Devices and Analysis,83.8,87.8,83.0,67.2
22-18109,Marco Cruz,4,Basic Occupational Health and Safety,80.3,80.6,82.3,64.7
22-18109,Marco Cruz,4,Numerical Methods,87.2,86.5,79.5,79.9
22-18109,Marco Cruz,4,Kontekstwalisadong Komunikasyon sa Filipino,88.7,81.5,69.6,77.7
22-18109,Marco Cruz,5,Logic Circuits and Design,79.5,79.2,82.1,83.5
22-18109,Marco Cruz,5,Data Structures and Algorithms,89.4,90.2,74.6,80.3
22-18109,Marco Cruz,5,"Introduction to Networks, Data and Digital Communications (CISCO 1)",89.2,94.3,80.1,77.4
22-18109,Marco Cruz,5,Fundamentals of Mixed Signals and Sensors,91.5,82.1,72.6,90.3
22-18109,Marco Cruz,5,Feedback and Control Systems,80.8,84.3,83.2,78.4
22-18109,Marco Cruz,5,Introduction to HDL,84.0,81.5,77.8,68.3
22-18109,Marco Cruz,5,Research Methods,98.0,83.4,84.8,74.9
22-18109,Marco Cruz,5,Filipino sa Iba't Ibang Disiplina,85.2,82.0,71.9,75.9
22-18109,Marco Cruz,6,Microprocessors,82.7,89.7,72.0,71.5
22-18109,Marco Cruz,6,Software Design,84.2,95.6,78.1,82.2
22-18109,Marco Cruz,6,Routing and Switching (CISCO 2),95.4,86.0,75.1,70.6
22-18109,Marco Cruz,6,Digital Signal Processing,92.4,77.1,83.5,77.5
22-18109,Marco Cruz,6,Emerging Technologies in CpE,91.8,89.7,77.7,73.0
22-18109,Marco Cruz,6,CpE Practice and Design 1,91.6,80.9,64.7,80.8
22-18109,Marco Cruz,6,Cognate/Elective Course 2,83.4,89.7,91.7,78.9
22-18109,Marco Cruz,7,Scaling Networks (CISCO 3),95.6,87.8,92.8,72.5
22-18109,Marco Cruz,7,Operating Systems,89.5,90.9,82.2,85.7
22-18109,Marco Cruz,7,Computer Architecture and Organization,82.6,95.0,92.0,76.7
22-18109,Marco Cruz,7,Computer Engineering Drafting and Design,88.5,89.8,72.1,67.1
22-18109,Marco Cruz,7,Connecting Networks and Security (CISCO 4),97.1,88.5,82.0,78.9
22-18109,Marco Cruz,7,Embedded Systems,70.9,81.5,74.7,80.5
22-18109,Marco Cruz,7,Seminars and Fieldtrips,93.3,88.2,83.6,67.9
22-18109,Marco Cruz,7,Manufacturing and Quality Control,88.7,86.4,86.7,87.7
22-18109,Marco Cruz,7,Cognate/Elective Course 3 (Data Mining / AI Track),79.4,84.6,78.9,79.9
22-18109,Marco Cruz,7,ASEAN Literature,87.4,83.3,87.4,70.3
22-18109,Marco Cruz,8,Technopreneurship,81.1,78.6,79.1,69.5
22-18109,Marco Cruz,8,On-the-Job Training,87.1,83.7,76.5,82.1
22-18109,Marco Cruz,8,CpE Practice and Design 2,87.0,91.1,80.1,76.7
22-32804,Jose Dela Cruz,1,Introduction to Engineering,73.2,74.3,75.5,65.0
22-32804,Jose Dela Cruz,1,Understanding the Self,79.7,69.4,75.8,63.9
22-32804,Jose Dela Cruz,1,Mathematics in the Modern World,81.9,74.9,80.6,60.7
22-32804,Jose Dela Cruz,1,Readings in Philippine History,67.8,70.6,62.9,60.0
22-32804,Jose Dela Cruz,1,Purposive Communication,80.3,74.3,68.4,65.1
22-32804,Jose Dela Cruz,1,Differential Calculus,73.2,84.4,67.0,60.0
22-32804,Jose Dela Cruz,1,General Chemistry,81.6,73.2,83.7,64.4
22-32804,Jose Dela Cruz,1,Computer Programming 1,81.1,80.3,67.6,62.5
22-32804,Jose Dela Cruz,2,Engineering Drawing,81.4,78.1,63.1,61.0
22-32804,Jose Dela Cruz,2,Contemporary World,61.4,77.9,69.7,66.4
22-32804,Jose Dela Cruz,2,Art Appreciation,66.5,67.7,68.4,63.4
22-32804,Jose Dela Cruz,2,"Science, Technology and Society",77.3,77.8,84.9,67.3
22-32804,Jose Dela Cruz,2,Integral Calculus,83.5,69.5,61.4,65.5
22-32804,Jose Dela Cruz,2,Physics 1,67.2,74.6,66.8,60.0
22-32804,Jose Dela Cruz,3,Life and Works of Rizal,87.0,71.1,61.4,72.8
22-32804,Jose Dela Cruz,3,Ethics,72.2,80.9,66.9,64.2
22-32804,Jose Dela Cruz,3,Modern Biology,78.9,78.1,76.1,67.1
22-32804,Jose Dela Cruz,3,Computer Engineering as a Discipline,79.8,78.8,72.5,66.6
22-32804,Jose Dela Cruz,3,Programming Logic and Design,67.4,77.4,71.0,64.5
22-32804,Jose Dela Cruz,3,Discrete Mathematics,84.5,65.9,81.3,67.5
22-32804,Jose Dela Cruz,3,Fundamentals of Electrical Engineering,78.9,72.3,61.6,66.9
22-32804,Jose Dela Cruz,3,Computer-Aided Design,79.0,78.7,70.4,60.0
22-32804,Jose Dela Cruz,4,Engineering Economics,67.4,86.6,64.7,76.0
22-32804,Jose Dela Cruz,4,Engineering Data Analysis,71.2,73.4,75.2,62.7
22-32804,Jose Dela Cruz,4,Differential Equations,86.4,75.0,74.2,66.0
22-32804,Jose Dela Cruz,4,Object Oriented Programming,80.0,83.3,70.0,77.3
22-32804,Jose Dela Cruz,4,Advanced Engineering Mathematics for CpE,73.1,79.1,74.4,61.2
22-32804,Jose Dela Cruz,4,Cognate/Elective Course 1,77.4,73.8,65.6,69.1
22-32804,Jose Dela Cruz,4,Electronic Circuits: Devices and Analysis,77.8,74.2,71.2,67.2
22-32804,Jose Dela Cruz,4,Basic Occupational Health and Safety,74.4,75.2,67.4,83.4
22-32804,Jose Dela Cruz,4,Numerical Methods,68.4,71.0,68.4,79.8
22-32804,Jose Dela Cruz,4,Kontekstwalisadong Komunikasyon sa Filipino,68.7,76.9,72.7,69.4
22-32804,Jose Dela Cruz,5,Logic Circuits and Design,84.4,81.9,68.9,68.9
22-32804,Jose Dela Cruz,5,Data Structures and Algorithms,64.9,74.4,66.0,65.8
22-32804,Jose Dela Cruz,5,"Introduction to Networks, Data and Digital Communications (CISCO 1)",66.0,76.2,60.6,67.8
22-32804,Jose Dela Cruz,5,Fundamentals of Mixed Signals and Sensors,69.6,69.6,78.5,71.3
22-32804,Jose Dela Cruz,5,Feedback and Control Systems,83.7,83.9,66.8,76.6
22-32804,Jose Dela Cruz,5,Introduction to HDL,68.2,79.1,68.6,62.1
22-32804,Jose Dela Cruz,5,Research Methods,80.3,80.0,76.7,68.7
22-32804,Jose Dela Cruz,5,Filipino sa Iba't Ibang Disiplina,77.4,77.5,73.1,70.7
22-32804,Jose Dela Cruz,6,Microprocessors,78.2,79.7,61.8,66.9
22-32804,Jose Dela Cruz,6,Software Design,67.8,75.4,80.6,64.1
22-32804,Jose Dela Cruz,6,Routing and Switching (CISCO 2),76.8,78.3,60.0,63.8
22-32804,Jose Dela Cruz,6,Digital Signal Processing,79.0,60.0,65.6,74.2
22-32804,Jose Dela Cruz,6,Emerging Technologies in CpE,82.1,76.0,76.0,68.2
22-32804,Jose Dela Cruz,6,CpE Practice and Design 1,79.9,72.4,71.9,63.6
22-32804,Jose Dela Cruz,6,Cognate/Elective Course 2,83.6,82.9,79.0,64.5
22-32804,Jose Dela Cruz,7,Scaling Networks (CISCO 3),70.3,81.4,74.0,68.9
22-32804,Jose Dela Cruz,7,Operating Systems,72.3,76.3,64.2,70.7
22-32804,Jose Dela Cruz,7,Computer Architecture and Organization,85.2,84.4,75.8,60.0
22-32804,Jose Dela Cruz,7,Computer Engineering Drafting and Design,78.1,87.5,66.4,67.4
22-32804,Jose Dela Cruz,7,Connecting Networks and Security (CISCO 4),84.5,77.5,85.6,62.5
22-32804,Jose Dela Cruz,7,Embedded Systems,71.0,82.0,64.4,66.5
22-32804,Jose Dela Cruz,7,Seminars and Fieldtrips,76.2,80.5,74.9,70.2
22-32804,Jose Dela Cruz,7,Manufacturing and Quality Control,74.5,81.9,95.7,71.9
22-32804,Jose Dela Cruz,7,Cognate/Elective Course 3 (Data Mining / AI Track),76.7,66.0,66.9,65.7
22-32804,Jose Dela Cruz,7,ASEAN Literature,73.4,74.2,81.9,74.9
22-32804,Jose Dela Cruz,8,Technopreneurship,75.7,67.1,79.3,67.1
22-32804,Jose Dela Cruz,8,On-the-Job Training,66.3,78.6,77.4,60.0
22-32804,Jose Dela Cruz,8,CpE Practice and Design 2,71.7,73.7,75.7,64.3
22-74966,Diego Reyes,1,Introduction to Engineering,70.3,77.4,67.2,69.5
22-74966,Diego Reyes,1,Understanding the Self,68.7,65.0,74.6,67.8
22-74966,Diego Reyes,1,Mathematics in the Modern World,80.4,69.5,64.9,74.1
22-74966,Diego Reyes,1,Readings in Philippine History,66.2,80.6,78.0,71.4
22-74966,Diego Reyes,1,Purposive Communication,71.2,68.2,68.8,60.0
22-74966,Diego Reyes,1,Differential Calculus,69.1,76.5,73.6,60.0
22-74966,Diego Reyes,1,General Chemistry,79.0,75.4,78.7,69.3
22-74966,Diego Reyes,1,Computer Programming 1,81.6,75.9,75.9,60.0
22-74966,Diego Reyes,2,Engineering Drawing,75.1,73.3,69.0,69.4
22-74966,Diego Reyes,2,Contemporary World,79.1,75.4,69.0,61.9
22-74966,Diego Reyes,2,Art Appreciation,81.9,75.2,63.9,65.1
22-74966,Diego Reyes,2,"Science, Technology and Society",64.9,73.3,68.9,62.8
22-74966,Diego Reyes,2,Integral Calculus,84.4,65.7,73.9,79.0
22-74966,Diego Reyes,2,Physics 1,81.4,72.5,62.9,60.0
22-74966,Diego Reyes,3,Life and Works of Rizal,72.9,68.9,65.7,64.3
22-74966,Diego Reyes,3,Ethics,74.7,76.0,62.6,62.2
22-74966,Diego Reyes,3,Modern Biology,73.9,71.5,80.7,67.3
22-74966,Diego Reyes,3,Computer Engineering as a Discipline,65.6,75.6,73.3,65.5
22-74966,Diego Reyes,3,Programming Logic and Design,68.0,83.6,63.6,70.2
22-74966,Diego Reyes,3,Discrete Mathematics,76.1,76.3,79.9,69.3
22-74966,Diego Reyes,3,Fundamentals of Electrical Engineering,72.4,80.2,66.7,67.7
22-74966,Diego Reyes,3,Computer-Aided Design,68.0,67.3,70.8,68.9
22-74966,Diego Reyes,4,Engineering Economics,65.1,76.1,65.1,74.0
22-74966,Diego Reyes,4,Engineering Data Analysis,72.8,65.9,70.1,60.4
22-74966,Diego Reyes,4,Differential Equations,82.5,72.7,68.7,69.5
22-74966,Diego Reyes,4,Object Oriented Programming,69.3,65.3,72.5,60.0
22-74966,Diego Reyes,4,Advanced Engineering Mathematics for CpE,68.3,77.7,72.8,60.0
22-74966,Diego Reyes,4,Cognate/Elective Course 1,71.6,67.6,80.7,71.7
22-74966,Diego Reyes,4,Electronic Circuits: Devices and Analysis,73.3,77.0,62.4,62.7
22-74966,Diego Reyes,4,Basic Occupational Health and Safety,76.0,75.8,69.5,67.8
22-74966,Diego Reyes,4,Numerical Methods,75.4,71.7,67.9,63.4
22-74966,Diego Reyes,4,Kontekstwalisadong Komunikasyon sa Filipino,76.7,75.5,71.2,60.0
22-74966,Diego Reyes,5,Logic Circuits and Design,69.8,75.9,79.3,67.6
22-74966,Diego Reyes,5,Data Structures and Algorithms,72.8,74.4,63.2,74.1
22-74966,Diego Reyes,5,"Introduction to Networks, Data and Digital Communications (CISCO 1)",76.4,69.0,69.0,63.1
22-74966,Diego Reyes,5,Fundamentals of Mixed Signals and Sensors,83.7,72.3,71.4,70.1
22-74966,Diego Reyes,5,Feedback and Control Systems,70.5,73.8,71.3,60.0
22-74966,Diego Reyes,5,Introduction to HDL,77.3,73.2,71.3,66.9
22-74966,Diego Reyes,5,Research Methods,76.9,81.1,63.0,64.2
22-74966,Diego Reyes,5,Filipino sa Iba't Ibang Disiplina,79.3,76.0,72.8,82.8
22-74966,Diego Reyes,6,Microprocessors,79.5,80.3,68.6,60.7
22-74966,Diego Reyes,6,Software Design,73.4,77.3,72.5,68.7
22-74966,Diego Reyes,6,Routing and Switching (CISCO 2),74.0,70.8,68.9,70.6
22-74966,Diego Reyes,6,Digital Signal Processing,79.9,66.6,74.2,62.0
22-74966,Diego Reyes,6,Emerging Technologies in CpE,78.1,71.9,79.4,63.7
22-74966,Diego Reyes,6,CpE Practice and Design 1,76.4,76.7,64.8,65.9
22-74966,Diego Reyes,6,Cognate/Elective Course 2,73.7,69.9,67.4,72.9
22-74966,Diego Reyes,7,Scaling Networks (CISCO 3),71.7,76.4,71.9,60.0
22-74966,Diego Reyes,7,Operating Systems,78.4,64.5,73.8,63.2
22-74966,Diego Reyes,7,Computer Architecture and Organization,75.8,65.8,71.2,72.3
22-74966,Diego Reyes,7,Computer Engineering Drafting and Design,71.0,69.9,73.2,69.6
22-74966,Diego Reyes,7,Connecting Networks and Security (CISCO 4),60.7,85.1,73.2,70.4
22-74966,Diego Reyes,7,Embedded Systems,74.9,62.4,74.5,63.3
22-74966,Diego Reyes,7,Seminars and Fieldtrips,78.6,71.8,71.5,61.6
22-74966,Diego Reyes,7,Manufacturing and Quality Control,81.0,66.4,84.0,80.1
22-74966,Diego Reyes,7,Cognate/Elective Course 3 (Data Mining / AI Track),85.1,80.7,69.5,73.2
22-74966,Diego Reyes,7,ASEAN Literature,74.7,63.7,79.1,73.1
22-74966,Diego Reyes,8,Technopreneurship,75.1,65.7,66.5,60.0
22-74966,Diego Reyes,8,On-the-Job Training,81.0,63.4,71.8,61.2
22-74966,Diego Reyes,8,CpE Practice and Design 2,66.8,74.5,68.1,71.3
22-63106,Juan Santos,1,Introduction to Engineering,68.4,69.2,60.0,60.0
22-63106,Juan Santos,1,Understanding the Self,86.8,86.3,71.3,62.0
22-63106,Juan Santos,1,Mathematics in the Modern World,70.4,75.3,64.0,64.9
22-63106,Juan Santos,1,Readings in Philippine History,76.0,70.3,67.6,68.7
22-63106,Juan Santos,1,Purposive Communication,70.2,76.5,67.9,67.7
22-63106,Juan Santos,1,Differential Calculus,80.5,69.0,72.6,60.0
22-63106,Juan Santos,1,General Chemistry,69.4,70.2,78.7,60.0
22-63106,Juan Santos,1,Computer Programming 1,76.8,83.8,67.3,66.8
22-63106,Juan Santos,2,Engineering Drawing,80.5,77.3,82.4,71.8
22-63106,Juan Santos,2,Contemporary World,84.0,71.6,66.3,65.6
22-63106,Juan Santos,2,Art Appreciation,69.1,76.7,68.4,62.9
22-63106,Juan Santos,2,"Science, Technology and Society",79.0,66.9,75.3,64.0
22-63106,Juan Santos,2,Integral Calculus,79.1,67.7,70.9,64.6
22-63106,Juan Santos,2,Physics 1,76.6,70.7,60.0,69.6
22-63106,Juan Santos,3,Life and Works of Rizal,75.5,78.5,74.9,62.3
22-63106,Juan Santos,3,Ethics,70.6,77.7,68.9,72.5
22-63106,Juan Santos,3,Modern Biology,71.1,76.1,69.7,65.2
22-63106,Juan Santos,3,Computer Engineering as a Discipline,73.8,75.2,77.9,66.6
22-63106,Juan Santos,3,Programming Logic and Design,80.6,75.4,72.7,78.5
22-63106,Juan Santos,3,Discrete Mathematics,79.4,70.5,68.4,60.0
22-63106,Juan Santos,3,Fundamentals of Electrical Engineering,77.5,78.0,78.2,73.6
22-63106,Juan Santos,3,Computer-Aided Design,71.9,82.1,72.5,63.2
22-63106,Juan Santos,4,Engineering Economics,84.1,82.5,72.3,71.2
22-63106,Juan Santos,4,Engineering Data Analysis,76.8,78.4,71.5,60.0
22-63106,Juan Santos,4,Differential Equations,84.2,76.4,64.1,60.0
22-63106,Juan Santos,4,Object Oriented Programming,80.4,73.4,74.0,72.6
22-63106,Juan Santos,4,Advanced Engineering Mathematics for CpE,68.8,63.3,69.4,60.3
22-63106,Juan Santos,4,Cognate/Elective Course 1,78.3,67.0,70.5,72.4
22-63106,Juan Santos,4,Electronic Circuits: Devices and Analysis,82.2,71.5,66.0,69.2
22-63106,Juan Santos,4,Basic Occupational Health and Safety,79.4,76.2,67.6,68.7
22-63106,Juan Santos,4,Numerical Methods,81.2,71.2,60.0,64.7
22-63106,Juan Santos,4,Kontekstwalisadong Komunikasyon sa Filipino,88.3,66.0,70.9,65.6
22-63106,Juan Santos,5,Logic Circuits and Design,79.1,77.4,79.9,69.6
22-63106,Juan Santos,5,Data Structures and Algorithms,85.1,74.4,69.9,64.1
22-63106,Juan Santos,5,"Introduction to Networks, Data and Digital Communications (CISCO 1)",66.5,76.7,84.3,70.9
22-63106,Juan Santos,5,Fundamentals of Mixed Signals and Sensors,82.7,73.7,71.6,75.0
22-63106,Juan Santos,5,Feedback and Control Systems,84.2,78.9,72.0,63.7
22-63106,Juan Santos,5,Introduction to HDL,79.8,71.7,64.4,62.4
22-63106,Juan Santos,5,Research Methods,76.3,72.0,61.9,66.7
22-63106,Juan Santos,5,Filipino sa Iba't Ibang Disiplina,74.1,66.7,68.5,65.0
22-63106,Juan Santos,6,Microprocessors,74.8,81.7,61.6,60.0
22-63106,Juan Santos,6,Software Design,77.4,75.7,74.4,64.9
22-63106,Juan Santos,6,Routing and Switching (CISCO 2),71.9,75.0,69.3,77.4
22-63106,Juan Santos,6,Digital Signal Processing,70.2,69.7,82.0,62.3
22-63106,Juan Santos,6,Emerging Technologies in CpE,80.7,79.0,76.4,69.9
22-63106,Juan Santos,6,CpE Practice and Design 1,77.2,74.4,67.3,68.9
22-63106,Juan Santos,6,Cognate/Elective Course 2,89.6,82.3,73.8,73.3
22-63106,Juan Santos,7,Scaling Networks (CISCO 3),72.2,73.5,77.7,77.0
22-63106,Juan Santos,7,Operating Systems,72.8,72.2,85.1,68.7
22-63106,Juan Santos,7,Computer Architecture and Organization,89.5,77.4,74.5,67.3
22-63106,Juan Santos,7,Computer Engineering Drafting and Design,84.2,84.3,66.8,67.0
22-63106,Juan Santos,7,Connecting Networks and Security (CISCO 4),82.9,74.3,69.0,74.2
22-63106,Juan Santos,7,Embedded Systems,85.2,73.5,74.3,61.9
22-63106,Juan Santos,7,Seminars and Fieldtrips,70.7,74.5,70.9,61.1
22-63106,Juan Santos,7,Manufacturing and Quality Control,74.2,69.8,75.8,60.0
22-63106,Juan Santos,7,Cognate/Elective Course 3 (Data Mining / AI Track),71.3,63.9,74.5,60.0
22-63106,Juan Santos,7,ASEAN Literature,76.2,83.6,80.8,60.0
22-63106,Juan Santos,8,Technopreneurship,77.8,67.8,63.6,66.2
22-63106,Juan Santos,8,On-the-Job Training,83.4,77.4,66.4,71.1
22-63106,Juan Santos,8,CpE Practice and Design 2,62.6,69.2,65.8,67.4
22-14513,Miguel Ramos,1,Introduction to Engineering,79.5,77.5,74.1,71.2
22-14513,Miguel Ramos,1,Understanding the Self,84.0,79.2,73.4,73.5
22-14513,Miguel Ramos,1,Mathematics in the Modern World,85.5,74.8,74.6,77.9
22-14513,Miguel Ramos,1,Readings in Philippine History,74.1,89.2,67.1,69.0
22-14513,Miguel Ramos,1,Purposive Communication,75.1,91.5,72.1,68.1
22-14513,Miguel Ramos,1,Differential Calculus,78.3,78.7,73.0,70.1
22-14513,Miguel Ramos,1,General Chemistry,60.0,78.5,75.0,77.1
22-14513,Miguel Ramos,1,Computer Programming 1,86.3,75.0,77.9,62.4
22-14513,Miguel Ramos,2,Engineering Drawing,87.9,77.3,70.3,72.2
22-14513,Miguel Ramos,2,Contemporary World,89.2,79.4,84.1,66.6
22-14513,Miguel Ramos,2,Art Appreciation,87.0,74.4,76.5,72.4
22-14513,Miguel Ramos,2,"Science, Technology and Society",84.7,79.8,70.7,76.4
22-14513,Miguel Ramos,2,Integral Calculus,91.0,74.6,63.9,73.9
22-14513,Miguel Ramos,2,Physics 1,78.6,77.4,78.3,68.2
22-14513,Miguel Ramos,3,Life and Works of Rizal,79.1,77.7,83.9,71.3
22-14513,Miguel Ramos,3,Ethics,73.3,71.2,75.9,64.3
22-14513,Miguel Ramos,3,Modern Biology,71.2,82.0,79.0,68.7
22-14513,Miguel Ramos,3,Computer Engineering as a Discipline,82.5,79.5,78.7,74.7
22-14513,Miguel Ramos,3,Programming Logic and Design,62.8,74.7,76.1,66.6
22-14513,Miguel Ramos,3,Discrete Mathematics,80.8,82.7,75.4,79.9
22-14513,Miguel Ramos,3,Fundamentals of Electrical Engineering,90.0,80.1,76.3,60.0
22-14513,Miguel Ramos,3,Computer-Aided Design,81.3,72.7,78.8,74.2
22-14513,Miguel Ramos,4,Engineering Economics,84.9,86.7,75.0,84.8
22-14513,Miguel Ramos,4,Engineering Data Analysis,82.0,70.3,71.6,68.7
22-14513,Miguel Ramos,4,Differential Equations,84.1,72.5,73.1,69.9
22-14513,Miguel Ramos,4,Object Oriented Programming,75.8,81.0,76.8,76.0
22-14513,Miguel Ramos,4,Advanced Engineering Mathematics for CpE,78.6,85.4,66.7,62.6
22-14513,Miguel Ramos,4,Cognate/Elective Course 1,71.2,76.1,80.2,65.4
22-14513,Miguel Ramos,4,Electronic Circuits: Devices and Analysis,80.4,79.5,80.9,70.4
22-14513,Miguel Ramos,4,Basic Occupational Health and Safety,77.6,70.3,71.7,78.1
22-14513,Miguel Ramos,4,Numerical Methods,81.1,73.7,82.3,67.4
22-14513,Miguel Ramos,4,Kontekstwalisadong Komunikasyon sa Filipino,89.3,86.8,75.4,62.1
22-14513,Miguel Ramos,5,Logic Circuits and Design,97.0,83.1,75.5,79.0
22-14513,Miguel Ramos,5,Data Structures and Algorithms,82.7,84.0,69.0,70.9
22-14513,Miguel Ramos,5,"Introduction to Networks, Data and Digital Communications (CISCO 1)",71.3,80.1,72.8,70.7
22-14513,Miguel Ramos,5,Fundamentals of Mixed Signals and Sensors,82.4,79.3,72.2,78.0
22-14513,Miguel Ramos,5,Feedback and Control Systems,89.5,74.8,78.3,73.5
22-14513,Miguel Ramos,5,Introduction to HDL,83.3,71.6,69.6,68.6
22-14513,Miguel Ramos,5,Research Methods,67.9,86.8,77.3,70.9
22-14513,Miguel Ramos,5,Filipino sa Iba't Ibang Disiplina,67.6,67.4,75.1,82.9
22-14513,Miguel Ramos,6,Microprocessors,79.1,86.0,74.6,73.6
22-14513,Miguel Ramos,6,Software Design,85.7,74.0,68.8,77.5
22-14513,Miguel Ramos,6,Routing and Switching (CISCO 2),78.7,82.6,68.8,77.5
22-14513,Miguel Ramos,6,Digital Signal Processing,82.2,80.8,75.7,67.9
22-14513,Miguel Ramos,6,Emerging Technologies in CpE,78.4,73.4,78.7,67.8
22-14513,Miguel Ramos,6,CpE Practice and Design 1,71.8,68.3,64.7,74.8
22-14513,Miguel Ramos,6,Cognate/Elective Course 2,71.5,77.9,73.8,68.6
22-14513,Miguel Ramos,7,Scaling Networks (CISCO 3),81.1,77.0,60.0,67.1
22-14513,Miguel Ramos,7,Operating Systems,81.0,85.9,83.1,60.9
22-14513,Miguel Ramos,7,Computer Architecture and Organization,81.2,71.4,86.6,79.4
22-14513,Miguel Ramos,7,Computer Engineering Drafting and Design,85.4,81.8,85.7,80.5
22-14513,Miguel Ramos,7,Connecting Networks and Security (CISCO 4),85.4,78.8,70.9,73.6
22-14513,Miguel Ramos,7,Embedded Systems,88.2,79.6,75.3,80.1
22-14513,Miguel Ramos,7,Seminars and Fieldtrips,90.7,73.8,73.5,73.2
22-14513,Miguel Ramos,7,Manufacturing and Quality Control,86.2,77.6,88.7,75.8
22-14513,Miguel Ramos,7,Cognate/Elective Course 3 (Data Mining / AI Track),81.6,86.6,70.3,68.5
22-14513,Miguel Ramos,7,ASEAN Literature,73.2,77.3,66.2,75.6
22-14513,Miguel Ramos,8,Technopreneurship,83.3,76.7,74.5,75.6
22-14513,Miguel Ramos,8,On-the-Job Training,73.9,79.6,79.3,60.4
22-14513,Miguel Ramos,8,CpE Practice and Design 2,84.9,68.3,74.4,64.1
22-18554,Marco Castro,1,Introduction to Engineering,90.4,72.4,66.2,72.8
22-18554,Marco Castro,1,Understanding the Self,79.4,70.4,79.3,60.1
22-18554,Marco Castro,1,Mathematics in the Modern World,75.3,75.6,80.6,79.5
22-18554,Marco Castro,1,Readings in Philippine History,88.5,78.5,61.6,74.4
22-18554,Marco Castro,1,Purposive Communication,90.7,86.8,78.9,64.9
22-18554,Marco Castro,1,Differential Calculus,78.4,90.7,67.3,64.8
22-18554,Marco Castro,1,General Chemistry,87.2,76.5,68.7,80.9
22-18554,Marco Castro,1,Computer Programming 1,83.6,76.1,68.3,83.4
22-18554,Marco Castro,2,Engineering Drawing,83.0,89.1,82.7,70.1
22-18554,Marco Castro,2,Contemporary World,78.8,88.1,84.9,60.8
22-18554,Marco Castro,2,Art Appreciation,85.1,78.7,69.9,73.6
22-18554,Marco Castro,2,"Science, Technology and Society",73.8,76.6,71.3,69.0
22-18554,Marco Castro,2,Integral Calculus,81.1,73.0,85.3,74.7
22-18554,Marco Castro,2,Physics 1,92.3,78.1,72.5,82.3
22-18554,Marco Castro,3,Life and Works of Rizal,78.4,78.3,80.4,64.6
22-18554,Marco Castro,3,Ethics,86.1,82.9,83.7,77.4
22-18554,Marco Castro,3,Modern Biology,89.3,78.4,70.6,84.4
22-18554,Marco Castro,3,Computer Engineering as a Discipline,72.7,70.8,79.5,81.8
22-18554,Marco Castro,3,Programming Logic and Design,82.0,84.4,63.2,68.2
22-18554,Marco Castro,3,Discrete Mathematics,70.3,83.8,66.5,64.1
22-18554,Marco Castro,3,Fundamentals of Electrical Engineering,86.2,87.0,76.4,76.6
22-18554,Marco Castro,3,Computer-Aided Design,86.4,79.4,70.8,76.6
22-18554,Marco Castro,4,Engineering Economics,85.5,84.8,78.0,65.0
22-18554,Marco Castro,4,Engineering Data Analysis,85.7,79.1,72.9,70.0
22-18554,Marco Castro,4,Differential Equations,77.4,84.4,67.3,65.8
22-18554,Marco Castro,4,Object Oriented Programming,78.9,88.1,81.5,61.3
22-18554,Marco Castro,4,Advanced Engineering Mathematics for CpE,89.6,87.2,68.8,60.0
22-18554,Marco Castro,4,Cognate/Elective Course 1,80.4,85.2,84.7,65.9
22-18554,Marco Castro,4,Electronic Circuits: Devices and Analysis,93.7,67.3,75.1,70.7
22-18554,Marco Castro,4,Basic Occupational Health and Safety,88.8,87.2,81.8,63.9
22-18554,Marco Castro,4,Numerical Methods,86.7,82.1,65.8,60.0
22-18554,Marco Castro,4,Kontekstwalisadong Komunikasyon sa Filipino,88.1,78.3,68.4,70.8
22-18554,Marco Castro,5,Logic Circuits and Design,85.3,80.2,68.0,84.5
22-18554,Marco Castro,5,Data Structures and Algorithms,86.9,76.4,73.4,73.3
22-18554,Marco Castro,5,"Introduction to Networks, Data and Digital Communications (CISCO 1)",74.1,80.4,67.2,70.7
22-18554,Marco Castro,5,Fundamentals of Mixed Signals and Sensors,76.2,74.0,87.2,73.5
22-18554,Marco Castro,5,Feedback and Control Systems,82.8,67.0,72.2,74.5
22-18554,Marco Castro,5,Introduction to HDL,84.3,67.7,78.6,75.4
22-18554,Marco Castro,5,Research Methods,89.6,75.5,62.7,66.0
22-18554,Marco Castro,5,Filipino sa Iba't Ibang Disiplina,75.3,83.8,60.0,69.3
22-18554,Marco Castro,6,Microprocessors,91.7,80.7,82.7,63.3
22-18554,Marco Castro,6,Software Design,71.2,87.1,75.8,71.8
22-18554,Marco Castro,6,Routing and Switching (CISCO 2),74.2,79.0,68.3,78.3
22-18554,Marco Castro,6,Digital Signal Processing,97.9,82.0,72.0,60.0
22-18554,Marco Castro,6,Emerging Technologies in CpE,70.8,87.8,69.0,68.9
22-18554,Marco Castro,6,CpE Practice and Design 1,85.8,88.3,74.9,69.6
22-18554,Marco Castro,6,Cognate/Elective Course 2,81.3,74.7,71.8,73.6
22-18554,Marco Castro,7,Scaling Networks (CISCO 3),82.0,91.2,77.8,78.1
22-18554,Marco Castro,7,Operating Systems,74.4,81.6,70.9,73.5
22-18554,Marco Castro,7,Computer Architecture and Organization,87.3,81.0,91.8,81.8
22-18554,Marco Castro,7,Computer Engineering Drafting and Design,90.2,85.3,87.9,64.6
22-18554,Marco Castro,7,Connecting Networks and Security (CISCO 4),89.1,72.5,71.8,74.5
22-18554,Marco Castro,7,Embedded Systems,90.6,73.7,74.3,73.8
22-18554,Marco Castro,7,Seminars and Fieldtrips,80.7,84.5,96.7,74.5
22-18554,Marco Castro,7,Manufacturing and Quality Control,78.8,72.9,75.4,67.5
22-18554,Marco Castro,7,Cognate/Elective Course 3 (Data Mining / AI Track),83.7,81.1,72.4,83.1
22-18554,Marco Castro,7,ASEAN Literature,77.4,78.7,80.0,77.4
22-18554,Marco Castro,8,Technopreneurship,89.5,82.0,82.4,68.0
22-18554,Marco Castro,8,On-the-Job Training,87.4,84.8,85.2,62.0
22-18554,Marco Castro,8,CpE Practice and Design 2,76.4,84.3,60.2,75.0
22-56848,Aidan Bautista,1,Introduction to Engineering,84.0,71.8,69.6,61.9
22-56848,Aidan Bautista,1,Understanding the Self,74.5,72.3,68.1,63.9
22-56848,Aidan Bautista,1,Mathematics in the Modern World,76.3,73.9,83.8,66.2
22-56848,Aidan Bautista,1,Readings in Philippine History,79.7,71.8,68.6,60.0
22-56848,Aidan Bautista,1,Purposive Communication,68.2,68.0,73.3,74.8
22-56848,Aidan Bautista,1,Differential Calculus,67.2,72.3,64.3,67.0
22-56848,Aidan Bautista,1,General Chemistry,84.4,72.9,72.2,77.3
22-56848,Aidan Bautista,1,Computer Programming 1,81.5,71.8,74.2,64.3
22-56848,Aidan Bautista,2,Engineering Drawing,78.7,77.0,62.6,68.1
22-56848,Aidan Bautista,2,Contemporary World,76.9,78.6,77.2,71.2
22-56848,Aidan Bautista,2,Art Appreciation,75.8,80.9,66.9,60.4
22-56848,Aidan Bautista,2,"Science, Technology and Society",60.0,74.9,67.3,70.7
22-56848,Aidan Bautista,2,Integral Calculus,66.1,71.7,75.3,62.4
22-56848,Aidan Bautista,2,Physics 1,80.4,72.3,72.3,72.2
22-56848,Aidan Bautista,3,Life and Works of Rizal,83.3,75.8,67.3,65.6
22-56848,Aidan Bautista,3,Ethics,81.4,69.2,71.1,66.0
22-56848,Aidan Bautista,3,Modern Biology,77.3,69.6,61.4,71.7
22-56848,Aidan Bautista,3,Computer Engineering as a Discipline,83.4,64.5,74.4,74.8
22-56848,Aidan Bautista,3,Programming Logic and Design,82.3,73.8,67.5,69.7
22-56848,Aidan Bautista,3,Discrete Mathematics,79.5,76.2,71.4,62.1
22-56848,Aidan Bautista,3,Fundamentals of Electrical Engineering,78.7,76.7,72.0,67.7
22-56848,Aidan Bautista,3,Computer-Aided Design,86.3,70.1,78.5,62.6
22-56848,Aidan Bautista,4,Engineering Economics,84.3,82.7,70.4,78.3
22-56848,Aidan Bautista,4,Engineering Data Analysis,80.8,70.4,70.3,75.4
22-56848,Aidan Bautista,4,Differential Equations,83.5,69.3,71.7,69.8
22-56848,Aidan Bautista,4,Object Oriented Programming,75.7,90.5,74.6,68.9
22-56848,Aidan Bautista,4,Advanced Engineering Mathematics for CpE,85.1,73.4,78.6,60.0
22-56848,Aidan Bautista,4,Cognate/Elective Course 1,76.0,82.6,82.6,64.6
22-56848,Aidan Bautista,4,Electronic Circuits: Devices and Analysis,70.8,77.3,67.1,65.4
22-56848,Aidan Bautista,4,Basic Occupational Health and Safety,82.9,72.0,60.4,60.5
22-56848,Aidan Bautista,4,Numerical Methods,78.0,64.4,70.7,60.3
22-56848,Aidan Bautista,4,Kontekstwalisadong Komunikasyon sa Filipino,87.5,88.3,65.8,69.8
22-56848,Aidan Bautista,5,Logic Circuits and Design,70.4,72.0,81.7,64.2
22-56848,Aidan Bautista,5,Data Structures and Algorithms,77.0,70.7,80.1,60.0
22-56848,Aidan Bautista,5,"Introduction to Networks, Data and Digital Communications (CISCO 1)",76.0,76.1,69.2,74.4
22-56848,Aidan Bautista,5,Fundamentals of Mixed Signals and Sensors,83.4,65.4,83.4,60.0
22-56848,Aidan Bautista,5,Feedback and Control Systems,85.7,76.5,69.5,66.2
22-56848,Aidan Bautista,5,Introduction to HDL,76.0,75.1,65.3,65.6
22-56848,Aidan Bautista,5,Research Methods,73.0,68.0,67.3,61.4
22-56848,Aidan Bautista,5,Filipino sa Iba't Ibang Disiplina,75.1,77.9,72.9,80.1
22-56848,Aidan Bautista,6,Microprocessors,62.9,76.7,70.9,71.9
22-56848,Aidan Bautista,6,Software Design,83.0,75.4,74.2,64.8
22-56848,Aidan Bautista,6,Routing and Switching (CISCO 2),82.4,65.1,77.9,69.1
22-56848,Aidan Bautista,6,Digital Signal Processing,75.0,74.2,71.6,76.4
22-56848,Aidan Bautista,6,Emerging Technologies in CpE,98.0,83.7,69.8,73.0
22-56848,Aidan Bautista,6,CpE Practice and Design 1,81.7,69.7,64.6,67.9
22-56848,Aidan Bautista,6,Cognate/Elective Course 2,83.6,66.7,68.9,72.7
22-56848,Aidan Bautista,7,Scaling Networks (CISCO 3),79.0,84.8,64.7,83.4
22-56848,Aidan Bautista,7,Operating Systems,69.5,64.2,72.8,62.5
22-56848,Aidan Bautista,7,Computer Architecture and Organization,75.9,73.4,69.7,62.0
22-56848,Aidan Bautista,7,Computer Engineering Drafting and Design,78.8,72.0,77.5,66.0
22-56848,Aidan Bautista,7,Connecting Networks and Security (CISCO 4),72.9,66.2,72.2,61.6
22-56848,Aidan Bautista,7,Embedded Systems,68.1,77.1,60.2,75.5
22-56848,Aidan Bautista,7,Seminars and Fieldtrips,78.6,75.0,66.0,72.9
22-56848,Aidan Bautista,7,Manufacturing and Quality Control,76.2,69.8,72.0,60.0
22-56848,Aidan Bautista,7,Cognate/Elective Course 3 (Data Mining / AI Track),68.9,69.6,75.3,69.2
22-56848,Aidan Bautista,7,ASEAN Literature,83.9,69.8,75.6,67.6
22-56848,Aidan Bautista,8,Technopreneurship,72.0,77.6,71.8,64.5
22-56848,Aidan Bautista,8,On-the-Job Training,77.9,74.5,71.3,65.8
22-56848,Aidan Bautista,8,CpE Practice and Design 2,69.8,75.7,67.4,62.2
22-65454,Camila Bautista,1,Introduction to Engineering,72.3,76.0,69.7,61.7
22-65454,Camila Bautista,1,Understanding the Self,70.4,75.4,60.0,69.7
22-65454,Camila Bautista,1,Mathematics in the Modern World,63.5,64.0,66.4,78.8
22-65454,Camila Bautista,1,Readings in Philippine History,83.8,75.8,70.8,60.0
22-65454,Camila Bautista,1,Purposive Communication,74.7,68.3,63.7,65.9
22-65454,Camila Bautista,1,Differential Calculus,71.9,77.7,60.0,66.2
22-65454,Camila Bautista,1,General Chemistry,69.4,70.0,71.3,60.0
22-65454,Camila Bautista,1,Computer Programming 1,74.9,70.5,64.8,62.3
22-65454,Camila Bautista,2,Engineering Drawing,71.7,65.9,67.6,62.3
22-65454,Camila Bautista,2,Contemporary World,70.1,81.1,71.1,62.6
22-65454,Camila Bautista,2,Art Appreciation,74.7,65.4,66.0,63.0
22-65454,Camila Bautista,2,"Science, Technology and Society",66.3,73.9,65.6,62.8
22-65454,Camila Bautista,2,Integral Calculus,71.3,90.2,65.5,60.0
22-65454,Camila Bautista,2,Physics 1,65.1,77.0,77.5,61.7
22-65454,Camila Bautista,3,Life and Works of Rizal,81.5,76.0,67.5,63.4
22-65454,Camila Bautista,3,Ethics,74.9,76.8,71.0,60.9
22-65454,Camila Bautista,3,Modern Biology,73.7,84.4,71.0,71.0
22-65454,Camila Bautista,3,Computer Engineering as a Discipline,77.0,73.2,69.3,70.3
22-65454,Camila Bautista,3,Programming Logic and Design,78.3,73.3,64.6,67.4
22-65454,Camila Bautista,3,Discrete Mathematics,74.3,70.6,85.6,60.0
22-65454,Camila Bautista,3,Fundamentals of Electrical Engineering,78.4,65.3,68.4,79.4
22-65454,Camila Bautista,3,Computer-Aided Design,66.9,66.1,67.5,60.0
22-65454,Camila Bautista,4,Engineering Economics,79.1,68.4,72.5,60.0
22-65454,Camila Bautista,4,Engineering Data Analysis,63.9,71.1,60.1,74.9
22-65454,Camila Bautista,4,Differential Equations,65.5,66.2,72.0,62.2
22-65454,Camila Bautista,4,Object Oriented Programming,64.9,84.0,62.8,63.9
22-65454,Camila Bautista,4,Advanced Engineering Mathematics for CpE,73.5,76.7,72.3,60.8
22-65454,Camila Bautista,4,Cognate/Elective Course 1,72.0,70.4,73.3,60.0
22-65454,Camila Bautista,4,Electronic Circuits: Devices and Analysis,84.8,65.9,67.5,60.0
22-65454,Camila Bautista,4,Basic Occupational Health and Safety,66.0,66.3,62.8,62.4
22-65454,Camila Bautista,4,Numerical Methods,68.8,76.6,64.8,60.4
22-65454,Camila Bautista,4,Kontekstwalisadong Komunikasyon sa Filipino,71.4,77.5,69.9,64.3
22-65454,Camila Bautista,5,Logic Circuits and Design,64.1,63.6,60.0,71.8
22-65454,Camila Bautista,5,Data Structures and Algorithms,77.1,66.6,65.4,60.1
22-65454,Camila Bautista,5,"Introduction to Networks, Data and Digital Communications (CISCO 1)",68.6,74.5,67.1,77.6
22-65454,Camila Bautista,5,Fundamentals of Mixed Signals and Sensors,80.2,78.3,71.6,61.4
22-65454,Camila Bautista,5,Feedback and Control Systems,78.3,70.4,79.3,68.2
22-65454,Camila Bautista,5,Introduction to HDL,74.2,71.3,78.0,60.0
22-65454,Camila Bautista,5,Research Methods,84.8,70.5,60.2,60.4
22-65454,Camila Bautista,5,Filipino sa Iba't Ibang Disiplina,63.9,75.5,62.4,65.9
22-65454,Camila Bautista,6,Microprocessors,79.5,66.5,66.0,60.0
22-65454,Camila Bautista,6,Software Design,71.6,87.2,73.5,63.5
22-65454,Camila Bautista,6,Routing and Switching (CISCO 2),70.3,71.5,69.6,62.6
22-65454,Camila Bautista,6,Digital Signal Processing,77.9,66.8,63.7,68.0
22-65454,Camila Bautista,6,Emerging Technologies in CpE,67.0,76.1,68.7,60.0
22-65454,Camila Bautista,6,CpE Practice and Design 1,74.4,61.5,72.8,63.4
22-65454,Camila Bautista,6,Cognate/Elective Course 2,85.1,78.2,62.4,60.0
22-65454,Camila Bautista,7,Scaling Networks (CISCO 3),69.4,64.4,79.7,65.0
22-65454,Camila Bautista,7,Operating Systems,79.6,70.0,67.7,64.9
22-65454,Camila Bautista,7,Computer Architecture and Organization,79.3,72.4,61.2,73.7
22-65454,Camila Bautista,7,Computer Engineering Drafting and Design,70.9,67.8,60.0,67.8
22-65454,Camila Bautista,7,Connecting Networks and Security (CISCO 4),74.6,72.3,66.4,61.6
22-65454,Camila Bautista,7,Embedded Systems,70.5,73.3,71.4,62.6
22-65454,Camila Bautista,7,Seminars and Fieldtrips,79.5,71.1,65.6,66.1
22-65454,Camila Bautista,7,Manufacturing and Quality Control,64.5,71.9,60.0,60.0
22-65454,Camila Bautista,7,Cognate/Elective Course 3 (Data Mining / AI Track),61.9,70.7,78.4,64.4
22-65454,Camila Bautista,7,ASEAN Literature,77.6,85.7,71.0,60.3
22-65454,Camila Bautista,8,Technopreneurship,70.0,71.6,64.8,61.6
22-65454,Camila Bautista,8,On-the-Job Training,79.7,77.7,60.0,60.0
22-65454,Camila Bautista,8,CpE Practice and Design 2,71.0,75.2,75.5,81.1
22-25094,Juan Garcia,1,Introduction to Engineering,73.6,71.6,74.6,63.1
22-25094,Juan Garcia,1,Understanding the Self,75.6,71.6,60.0,68.0
22-25094,Juan Garcia,1,Mathematics in the Modern World,76.5,82.9,72.2,60.8
22-25094,Juan Garcia,1,Readings in Philippine History,74.9,61.6,63.8,71.1
22-25094,Juan Garcia,1,Purposive Communication,74.9,79.7,60.0,65.8
22-25094,Juan Garcia,1,Differential Calculus,74.8,81.0,76.2,72.2
22-25094,Juan Garcia,1,General Chemistry,86.9,73.1,80.2,62.0
22-25094,Juan Garcia,1,Computer Programming 1,68.2,77.0,60.5,69.2
22-25094,Juan Garcia,2,Engineering Drawing,77.5,81.0,71.1,68.0
22-25094,Juan Garcia,2,Contemporary World,79.5,70.1,66.8,70.1
22-25094,Juan Garcia,2,Art Appreciation,76.2,71.7,70.6,76.8
22-25094,Juan Garcia,2,"Science, Technology and Society",73.7,71.3,60.8,67.0
22-25094,Juan Garcia,2,Integral Calculus,81.6,80.3,72.8,74.0
22-25094,Juan Garcia,2,Physics 1,82.0,82.0,78.1,77.7
22-25094,Juan Garcia,3,Life and Works of Rizal,75.4,66.2,75.0,71.9
22-25094,Juan Garcia,3,Ethics,85.8,81.8,82.7,71.0
22-25094,Juan Garcia,3,Modern Biology,79.0,67.0,74.0,65.0
22-25094,Juan Garcia,3,Computer Engineering as a Discipline,77.7,74.4,73.9,66.7
22-25094,Juan Garcia,3,Programming Logic and Design,80.3,60.0,70.6,73.0
22-25094,Juan Garcia,3,Discrete Mathematics,88.8,79.7,82.3,69.3
22-25094,Juan Garcia,3,Fundamentals of Electrical Engineering,76.9,77.7,71.5,63.0
22-25094,Juan Garcia,3,Computer-Aided Design,73.8,67.9,74.7,67.7
22-25094,Juan Garcia,4,Engineering Economics,74.2,70.7,74.1,71.9
22-25094,Juan Garcia,4,Engineering Data Analysis,70.8,67.6,77.9,60.1
22-25094,Juan Garcia,4,Differential Equations,80.9,85.0,81.9,72.7
22-25094,Juan Garcia,4,Object Oriented Programming,79.0,86.0,60.0,63.0
22-25094,Juan Garcia,4,Advanced Engineering Mathematics for CpE,82.7,73.3,79.6,68.1
22-25094,Juan Garcia,4,Cognate/Elective Course 1,75.5,70.8,66.4,62.5
22-25094,Juan Garcia,4,Electronic Circuits: Devices and Analysis,78.5,69.9,77.2,71.6
22-25094,Juan Garcia,4,Basic Occupational Health and Safety,83.0,67.3,60.9,67.2
22-25094,Juan Garcia,4,Numerical Methods,95.0,82.9,68.9,70.9
22-25094,Juan Garcia,4,Kontekstwalisadong Komunikasyon sa Filipino,80.8,65.9,79.3,66.2
22-25094,Juan Garcia,5,Logic Circuits and Design,76.3,74.7,78.4,63.1
22-25094,Juan Garcia,5,Data Structures and Algorithms,64.5,74.4,60.0,64.0
22-25094,Juan Garcia,5,"Introduction to Networks, Data and Digital Communications (CISCO 1)",81.8,76.0,75.7,69.5
22-25094,Juan Garcia,5,Fundamentals of Mixed Signals and Sensors,91.3,71.0,73.9,65.0
22-25094,Juan Garcia,5,Feedback and Control Systems,83.4,74.9,82.5,65.1
22-25094,Juan Garcia,5,Introduction to HDL,85.3,78.1,71.3,70.9
22-25094,Juan Garcia,5,Research Methods,78.0,76.3,69.8,63.0
22-25094,Juan Garcia,5,Filipino sa Iba't Ibang Disiplina,74.4,64.0,76.1,60.0
22-25094,Juan Garcia,6,Microprocessors,75.6,78.5,76.5,60.0
22-25094,Juan Garcia,6,Software Design,74.2,75.2,69.8,73.8
22-25094,Juan Garcia,6,Routing and Switching (CISCO 2),69.8,60.2,74.4,62.5
22-25094,Juan Garcia,6,Digital Signal Processing,67.1,74.3,79.6,60.7
22-25094,Juan Garcia,6,Emerging Technologies in CpE,88.7,67.5,70.0,60.0
22-25094,Juan Garcia,6,CpE Practice and Design 1,76.7,73.3,62.1,84.2
22-25094,Juan Garcia,6,Cognate/Elective Course 2,71.8,69.5,75.3,76.6
22-25094,Juan Garcia,7,Scaling Networks (CISCO 3),81.5,65.3,70.8,60.0
22-25094,Juan Garcia,7,Operating Systems,80.1,62.7,64.7,65.7
22-25094,Juan Garcia,7,Computer Architecture and Organization,79.5,73.0,80.6,72.0
22-25094,Juan Garcia,7,Computer Engineering Drafting and Design,80.7,67.2,81.7,62.8
22-25094,Juan Garcia,7,Connecting Networks and Security (CISCO 4),85.2,84.6,72.6,72.0
22-25094,Juan Garcia,7,Embedded Systems,60.0,73.4,78.1,73.2
22-25094,Juan Garcia,7,Seminars and Fieldtrips,69.1,72.4,60.0,69.7
22-25094,Juan Garcia,7,Manufacturing and Quality Control,65.6,81.4,78.6,64.8
22-25094,Juan Garcia,7,Cognate/Elective Course 3 (Data Mining / AI Track),77.9,71.2,70.9,60.0
22-25094,Juan Garcia,7,ASEAN Literature,80.1,64.3,60.1,66.5
22-25094,Juan Garcia,8,Technopreneurship,75.1,75.7,67.2,78.6
22-25094,Juan Garcia,8,On-the-Job Training,77.4,75.5,72.2,73.3
22-25094,Juan Garcia,8,CpE Practice and Design 2,79.9,76.8,75.5,60.0
22-25416,Juan Castro,1,Introduction to Engineering,69.8,77.6,73.7,74.3
22-25416,Juan Castro,1,Understanding the Self,80.6,81.6,67.4,70.8
22-25416,Juan Castro,1,Mathematics in the Modern World,72.1,80.1,63.3,72.6
22-25416,Juan Castro,1,Readings in Philippine History,71.7,75.8,80.2,72.2
22-25416,Juan Castro,1,Purposive Communication,70.6,74.0,65.8,60.7
22-25416,Juan Castro,1,Differential Calculus,80.9,81.1,77.2,74.1
22-25416,Juan Castro,1,General Chemistry,80.1,76.1,68.1,67.9
22-25416,Juan Castro,1,Computer Programming 1,72.4,72.8,75.2,69.9
22-25416,Juan Castro,2,Engineering Drawing,98.0,70.5,74.6,62.8
22-25416,Juan Castro,2,Contemporary World,78.2,76.0,79.9,68.1
22-25416,Juan Castro,2,Art Appreciation,79.3,75.5,66.5,66.9
22-25416,Juan Castro,2,"Science, Technology and Society",78.2,78.5,78.2,69.4
22-25416,Juan Castro,2,Integral Calculus,78.6,67.4,77.8,66.4
22-25416,Juan Castro,2,Physics 1,84.6,85.6,73.4,64.4
22-25416,Juan Castro,3,Life and Works of Rizal,80.4,80.2,73.0,67.4
22-25416,Juan Castro,3,Ethics,83.9,81.1,72.8,60.9
22-25416,Juan Castro,3,Modern Biology,82.9,73.1,75.8,71.4
22-25416,Juan Castro,3,Computer Engineering as a Discipline,69.2,78.6,77.9,74.7
22-25416,Juan Castro,3,Programming Logic and Design,81.0,66.0,82.3,73.1
22-25416,Juan Castro,3,Discrete Mathematics,72.9,73.0,75.9,74.6
22-25416,Juan Castro,3,Fundamentals of Electrical Engineering,78.1,83.6,64.6,65.1
22-25416,Juan Castro,3,Computer-Aided Design,68.7,73.2,84.4,83.7
22-25416,Juan Castro,4,Engineering Economics,81.9,74.2,73.5,73.7
22-25416,Juan Castro,4,Engineering Data Analysis,70.8,74.3,83.1,64.3
22-25416,Juan Castro,4,Differential Equations,75.7,77.8,76.2,66.8
22-25416,Juan Castro,4,Object Oriented Programming,80.7,81.5,86.4,69.9
22-25416,Juan Castro,4,Advanced Engineering Mathematics for CpE,79.9,86.9,71.2,62.6
22-25416,Juan Castro,4,Cognate/Elective Course 1,81.8,84.3,76.8,70.1
22-25416,Juan Castro,4,Electronic Circuits: Devices and Analysis,72.4,78.3,82.8,63.9
22-25416,Juan Castro,4,Basic Occupational Health and Safety,79.0,75.8,70.7,72.3
22-25416,Juan Castro,4,Numerical Methods,82.8,80.3,68.7,60.7
22-25416,Juan Castro,4,Kontekstwalisadong Komunikasyon sa Filipino,82.1,75.0,85.9,82.1
22-25416,Juan Castro,5,Logic Circuits and Design,93.0,73.0,78.8,76.5
22-25416,Juan Castro,5,Data Structures and Algorithms,84.8,75.7,82.3,70.7
22-25416,Juan Castro,5,"Introduction to Networks, Data and Digital Communications (CISCO 1)",81.1,68.6,78.5,69.1
22-25416,Juan Castro,5,Fundamentals of Mixed Signals and Sensors,83.8,80.0,76.5,71.0
22-25416,Juan Castro,5,Feedback and Control Systems,84.9,76.5,65.8,73.9
22-25416,Juan Castro,5,Introduction to HDL,76.2,70.7,69.2,73.0
22-25416,Juan Castro,5,Research Methods,79.9,65.3,72.6,77.8
22-25416,Juan Castro,5,Filipino sa Iba't Ibang Disiplina,77.8,77.1,81.1,75.6
22-25416,Juan Castro,6,Microprocessors,87.2,62.0,85.8,75.1
22-25416,Juan Castro,6,Software Design,95.1,73.2,64.1,70.7
22-25416,Juan Castro,6,Routing and Switching (CISCO 2),78.6,81.8,81.1,70.1
22-25416,Juan Castro,6,Digital Signal Processing,78.7,80.9,73.0,68.5
22-25416,Juan Castro,6,Emerging Technologies in CpE,86.5,85.4,81.2,69.6
22-25416,Juan Castro,6,CpE Practice and Design 1,67.7,77.2,70.3,70.1
22-25416,Juan Castro,6,Cognate/Elective Course 2,76.3,77.7,68.4,63.0
22-25416,Juan Castro,7,Scaling Networks (CISCO 3),87.6,72.1,74.7,76.4
22-25416,Juan Castro,7,Operating Systems,85.8,82.6,76.5,75.0
22-25416,Juan Castro,7,Computer Architecture and Organization,89.3,81.2,64.4,68.2
22-25416,Juan Castro,7,Computer Engineering Drafting and Design,85.2,74.9,85.1,70.9
22-25416,Juan Castro,7,Connecting Networks and Security (CISCO 4),80.8,84.6,73.6,71.7
22-25416,Juan Castro,7,Embedded Systems,86.4,69.8,73.7,76.3
22-25416,Juan Castro,7,Seminars and Fieldtrips,80.9,86.9,65.4,60.7
22-25416,Juan Castro,7,Manufacturing and Quality Control,85.7,83.8,74.2,73.7
22-25416,Juan Castro,7,Cognate/Elective Course 3 (Data Mining / AI Track),84.8,73.0,70.4,71.8
22-25416,Juan Castro,7,ASEAN Literature,85.9,71.1,73.7,69.4
22-25416,Juan Castro,8,Technopreneurship,83.0,78.0,71.6,78.3
22-25416,Juan Castro,8,On-the-Job Training,77.3,76.3,65.3,66.6
22-25416,Juan Castro,8,CpE Practice and Design 2,83.6,80.0,78.5,74.1
22-21640,Elena Dela Cruz,1,Introduction to Engineering,93.3,73.9,65.4,64.8
22-21640,Elena Dela Cruz,1,Understanding the Self,76.6,72.5,75.7,78.6
22-21640,Elena Dela Cruz,1,Mathematics in the Modern World,88.3,79.8,86.4,67.5
22-21640,Elena Dela Cruz,1,Readings in Philippine History,71.0,84.7,64.1,66.6
22-21640,Elena Dela Cruz,1,Purposive Communication,83.9,77.8,74.0,64.0
22-21640,Elena Dela Cruz,1,Differential Calculus,79.0,82.7,73.7,64.6
22-21640,Elena Dela Cruz,1,General Chemistry,71.6,71.9,75.9,71.7
22-21640,Elena Dela Cruz,1,Computer Programming 1,76.7,65.8,78.4,66.4
22-21640,Elena Dela Cruz,2,Engineering Drawing,85.9,74.8,70.2,72.9
22-21640,Elena Dela Cruz,2,Contemporary World,95.0,82.9,76.0,73.3
22-21640,Elena Dela Cruz,2,Art Appreciation,70.3,71.7,60.1,81.5
22-21640,Elena Dela Cruz,2,"Science, Technology and Society",90.0,80.8,76.0,61.8
22-21640,Elena Dela Cruz,2,Integral Calculus,77.8,87.5,74.4,66.2
22-21640,Elena Dela Cruz,2,Physics 1,68.6,85.0,73.1,60.0
22-21640,Elena Dela Cruz,3,Life and Works of Rizal,75.3,70.7,74.4,72.4
22-21640,Elena Dela Cruz,3,Ethics,77.8,83.1,75.6,77.5
22-21640,Elena Dela Cruz,3,Modern Biology,77.0,95.0,70.2,64.2
22-21640,Elena Dela Cruz,3,Computer Engineering as a Discipline,74.7,77.1,64.8,72.9
22-21640,Elena Dela Cruz,3,Programming Logic and Design,70.1,80.1,67.7,69.5
22-21640,Elena Dela Cruz,3,Discrete Mathematics,82.7,90.6,67.1,68.7
22-21640,Elena Dela Cruz,3,Fundamentals of Electrical Engineering,77.5,74.1,71.8,76.9
22-21640,Elena Dela Cruz,3,Computer-Aided Design,78.9,92.8,78.6,65.9
22-21640,Elena Dela Cruz,4,Engineering Economics,78.6,73.6,80.0,61.3
22-21640,Elena Dela Cruz,4,Engineering Data Analysis,71.1,73.2,77.7,77.0
22-21640,Elena Dela Cruz,4,Differential Equations,87.4,79.9,73.1,74.4
22-21640,Elena Dela Cruz,4,Object Oriented Programming,74.7,68.0,78.5,65.7
22-21640,Elena Dela Cruz,4,Advanced Engineering Mathematics for CpE,78.7,77.4,75.1,75.2
22-21640,Elena Dela Cruz,4,Cognate/Elective Course 1,86.5,80.3,73.2,72.4
22-21640,Elena Dela Cruz,4,Electronic Circuits: Devices and Analysis,78.2,78.2,91.8,73.1
22-21640,Elena Dela Cruz,4,Basic Occupational Health and Safety,83.5,74.2,81.3,75.7
22-21640,Elena Dela Cruz,4,Numerical Methods,83.7,78.0,79.8,77.2
22-21640,Elena Dela Cruz,4,Kontekstwalisadong Komunikasyon sa Filipino,82.5,77.7,80.5,65.7
22-21640,Elena Dela Cruz,5,Logic Circuits and Design,77.5,79.0,65.6,77.0
22-21640,Elena Dela Cruz,5,Data Structures and Algorithms,75.8,76.3,74.6,72.0
22-21640,Elena Dela Cruz,5,"Introduction to Networks, Data and Digital Communications (CISCO 1)",79.5,78.7,75.5,69.1
22-21640,Elena Dela Cruz,5,Fundamentals of Mixed Signals and Sensors,77.2,85.8,63.5,70.8
22-21640,Elena Dela Cruz,5,Feedback and Control Systems,76.3,79.2,64.8,66.6
22-21640,Elena Dela Cruz,5,Introduction to HDL,81.2,85.8,78.1,64.9
22-21640,Elena Dela Cruz,5,Research Methods,77.9,83.7,68.0,70.6
22-21640,Elena Dela Cruz,5,Filipino sa Iba't Ibang Disiplina,80.8,76.1,91.3,68.6
22-21640,Elena Dela Cruz,6,Microprocessors,84.5,74.8,79.2,77.2
22-21640,Elena Dela Cruz,6,Software Design,78.0,78.8,70.5,64.9
22-21640,Elena Dela Cruz,6,Routing and Switching (CISCO 2),87.8,75.8,61.4,82.4
22-21640,Elena Dela Cruz,6,Digital Signal Processing,74.3,75.2,83.4,68.8
22-21640,Elena Dela Cruz,6,Emerging Technologies in CpE,80.6,71.7,66.0,70.8
22-21640,Elena Dela Cruz,6,CpE Practice and Design 1,83.0,80.2,72.3,71.2
22-21640,Elena Dela Cruz,6,Cognate/Elective Course 2,70.5,81.9,76.8,83.6
22-21640,Elena Dela Cruz,7,Scaling Networks (CISCO 3),81.6,73.4,75.5,69.8
22-21640,Elena Dela Cruz,7,Operating Systems,84.2,79.3,68.3,62.0
22-21640,Elena Dela Cruz,7,Computer Architecture and Organization,83.4,87.7,76.6,76.9
22-21640,Elena Dela Cruz,7,Computer Engineering Drafting and Design,87.9,81.0,71.2,73.2
22-21640,Elena Dela Cruz,7,Connecting Networks and Security (CISCO 4),88.8,82.3,80.3,69.0
22-21640,Elena Dela Cruz,7,Embedded Systems,80.6,78.6,75.8,79.0
22-21640,Elena Dela Cruz,7,Seminars and Fieldtrips,66.7,78.6,74.7,62.9
22-21640,Elena Dela Cruz,7,Manufacturing and Quality Control,85.8,75.0,73.9,83.1
22-21640,Elena Dela Cruz,7,Cognate/Elective Course 3 (Data Mining / AI Track),87.6,82.6,78.1,70.8
22-21640,Elena Dela Cruz,7,ASEAN Literature,92.8,83.2,70.7,62.7
22-21640,Elena Dela Cruz,8,Technopreneurship,84.2,78.1,66.6,73.7
22-21640,Elena Dela Cruz,8,On-the-Job Training,79.2,81.6,77.8,67.5
22-21640,Elena Dela Cruz,8,CpE Practice and Design 2,84.6,75.4,72.6,67.9
22-60844,Gabriel Ramos,1,Introduction to Engineering,86.8,76.0,82.7,81.2
22-60844,Gabriel Ramos,1,Understanding the Self,75.6,60.1,80.7,68.4
22-60844,Gabriel Ramos,1,Mathematics in the Modern World,75.3,74.5,72.4,78.6
22-60844,Gabriel Ramos,1,Readings in Philippine History,81.0,85.4,77.4,68.6
22-60844,Gabriel Ramos,1,Purposive Communication,77.7,81.0,79.4,76.4
22-60844,Gabriel Ramos,1,Differential Calculus,78.9,79.1,78.3,68.5
22-60844,Gabriel Ramos,1,General Chemistry,73.7,73.2,73.4,74.8
22-60844,Gabriel Ramos,1,Computer Programming 1,90.2,72.1,73.3,70.6
22-60844,Gabriel Ramos,2,Engineering Drawing,81.8,71.5,69.0,60.0
22-60844,Gabriel Ramos,2,Contemporary World,83.0,76.7,70.5,68.9
22-60844,Gabriel Ramos,2,Art Appreciation,86.8,71.6,69.4,78.0
22-60844,Gabriel Ramos,2,"Science, Technology and Society",80.5,81.7,76.9,70.2
22-60844,Gabriel Ramos,2,Integral Calculus,78.4,83.0,81.8,77.3
22-60844,Gabriel Ramos,2,Physics 1,73.4,85.9,72.7,66.3
22-60844,Gabriel Ramos,3,Life and Works of Rizal,79.0,82.6,77.7,68.9
22-60844,Gabriel Ramos,3,Ethics,85.1,78.5,71.0,66.2
22-60844,Gabriel Ramos,3,Modern Biology,82.9,77.6,66.6,75.9
22-60844,Gabriel Ramos,3,Computer Engineering as a Discipline,77.2,87.2,66.0,69.4
22-60844,Gabriel Ramos,3,Programming Logic and Design,78.5,74.4,74.0,83.4
22-60844,Gabriel Ramos,3,Discrete Mathematics,81.3,73.3,63.9,60.5
22-60844,Gabriel Ramos,3,Fundamentals of Electrical Engineering,73.8,70.9,70.3,60.0
22-60844,Gabriel Ramos,3,Computer-Aided Design,76.5,80.9,81.4,60.0
22-60844,Gabriel Ramos,4,Engineering Economics,75.2,72.5,75.3,63.1
22-60844,Gabriel Ramos,4,Engineering Data Analysis,90.6,78.3,74.1,80.4
22-60844,Gabriel Ramos,4,Differential Equations,80.4,80.5,70.3,62.6
22-60844,Gabriel Ramos,4,Object Oriented Programming,79.0,93.3,80.7,74.4
22-60844,Gabriel Ramos,4,Advanced Engineering Mathematics for CpE,74.6,83.5,66.7,61.4
22-60844,Gabriel Ramos,4,Cognate/Elective Course 1,79.3,91.9,88.3,70.1
22-60844,Gabriel Ramos,4,Electronic Circuits: Devices and Analysis,73.0,64.9,72.1,68.7
22-60844,Gabriel Ramos,4,Basic Occupational Health and Safety,84.8,83.1,73.3,73.8
22-60844,Gabriel Ramos,4,Numerical Methods,76.3,81.3,71.8,73.6
22-60844,Gabriel Ramos,4,Kontekstwalisadong Komunikasyon sa Filipino,82.3,78.1,79.2,61.0
22-60844,Gabriel Ramos,5,Logic Circuits and Design,70.6,73.1,63.0,65.3
22-60844,Gabriel Ramos,5,Data Structures and Algorithms,80.4,88.1,77.8,78.9
22-60844,Gabriel Ramos,5,"Introduction to Networks, Data and Digital Communications (CISCO 1)",84.5,77.0,77.7,77.1
22-60844,Gabriel Ramos,5,Fundamentals of Mixed Signals and Sensors,84.2,73.9,61.7,60.0
22-60844,Gabriel Ramos,5,Feedback and Control Systems,78.5,64.0,85.6,74.4
22-60844,Gabriel Ramos,5,Introduction to HDL,73.2,68.0,77.8,61.1
22-60844,Gabriel Ramos,5,Research Methods,73.9,73.1,75.1,74.2
22-60844,Gabriel Ramos,5,Filipino sa Iba't Ibang Disiplina,87.2,83.9,74.5,76.6
22-60844,Gabriel Ramos,6,Microprocessors,73.0,63.8,67.6,62.9
22-60844,Gabriel Ramos,6,Software Design,78.9,74.4,74.1,76.5
22-60844,Gabriel Ramos,6,Routing and Switching (CISCO 2),93.0,69.9,69.2,68.0
22-60844,Gabriel Ramos,6,Digital Signal Processing,85.1,76.8,70.5,75.1
22-60844,Gabriel Ramos,6,Emerging Technologies in CpE,88.4,80.1,72.0,74.4
22-60844,Gabriel Ramos,6,CpE Practice and Design 1,78.7,76.2,71.4,76.0
22-60844,Gabriel Ramos,6,Cognate/Elective Course 2,84.2,86.4,84.9,75.5
22-60844,Gabriel Ramos,7,Scaling Networks (CISCO 3),79.6,86.4,79.7,88.4
22-60844,Gabriel Ramos,7,Operating Systems,84.5,84.4,78.6,72.2
22-60844,Gabriel Ramos,7,Computer Architecture and Organization,75.5,76.5,74.7,74.7
22-60844,Gabriel Ramos,7,Computer Engineering Drafting and Design,78.9,71.9,69.7,60.0
22-60844,Gabriel Ramos,7,Connecting Networks and Security (CISCO 4),92.7,77.0,82.7,74.4
22-60844,Gabriel Ramos,7,Embedded Systems,78.8,74.0,66.9,62.0
22-60844,Gabriel Ramos,7,Seminars and Fieldtrips,90.4,78.3,81.2,78.8
22-60844,Gabriel Ramos,7,Manufacturing and Quality Control,74.5,77.2,71.9,60.8
22-60844,Gabriel Ramos,7,Cognate/Elective Course 3 (Data Mining / AI Track),81.6,83.7,73.9,70.8
22-60844,Gabriel Ramos,7,ASEAN Literature,79.0,90.3,63.4,73.5
22-60844,Gabriel Ramos,8,Technopreneurship,78.5,73.8,72.8,74.5
22-60844,Gabriel Ramos,8,On-the-Job Training,84.4,78.8,81.0,78.1
22-60844,Gabriel Ramos,8,CpE Practice and Design 2,85.0,74.4,77.4,73.4
22-10706,Alex Castro,1,Introduction to Engineering,71.2,64.4,60.0,67.4
22-10706,Alex Castro,1,Understanding the Self,77.9,66.7,77.1,67.9
22-10706,Alex Castro,1,Mathematics in the Modern World,83.9,75.7,64.1,69.4
22-10706,Alex Castro,1,Readings in Philippine History,80.1,70.5,62.1,67.6
22-10706,Alex Castro,1,Purposive Communication,70.1,80.5,68.3,77.3
22-10706,Alex Castro,1,Differential Calculus,63.0,74.3,79.0,61.3
22-10706,Alex Castro,1,General Chemistry,74.8,71.1,66.4,68.1
22-10706,Alex Castro,1,Computer Programming 1,67.8,72.6,73.3,65.2
22-10706,Alex Castro,2,Engineering Drawing,71.0,80.9,76.0,61.5
22-10706,Alex Castro,2,Contemporary World,68.3,68.1,74.1,68.6
22-10706,Alex Castro,2,Art Appreciation,80.8,71.9,65.2,72.5
22-10706,Alex Castro,2,"Science, Technology and Society",72.8,74.9,61.5,63.6
22-10706,Alex Castro,2,Integral Calculus,81.8,69.2,75.3,60.0
22-10706,Alex Castro,2,Physics 1,72.4,72.5,80.9,60.0
22-10706,Alex Castro,3,Life and Works of Rizal,80.1,80.2,66.5,64.7
22-10706,Alex Castro,3,Ethics,77.0,64.9,68.0,74.6
22-10706,Alex Castro,3,Modern Biology,78.9,72.5,71.1,70.2
22-10706,Alex Castro,3,Computer Engineering as a Discipline,80.7,70.5,80.0,74.9
22-10706,Alex Castro,3,Programming Logic and Design,79.6,68.2,64.1,64.5
22-10706,Alex Castro,3,Discrete Mathematics,76.1,62.9,73.4,74.4
22-10706,Alex Castro,3,Fundamentals of Electrical Engineering,80.5,70.7,66.9,69.6
22-10706,Alex Castro,3,Computer-Aided Design,76.1,77.4,75.3,74.3
22-10706,Alex Castro,4,Engineering Economics,69.3,75.2,68.6,66.4
22-10706,Alex Castro,4,Engineering Data Analysis,80.9,79.3,78.8,69.2
22-10706,Alex Castro,4,Differential Equations,75.1,72.0,60.0,74.7
22-10706,Alex Castro,4,Object Oriented Programming,73.6,76.3,74.3,60.0
22-10706,Alex Castro,4,Advanced Engineering Mathematics for CpE,70.2,82.8,72.2,63.2
22-10706,Alex Castro,4,Cognate/Elective Course 1,74.8,79.8,75.8,60.0
22-10706,Alex Castro,4,Electronic Circuits: Devices and Analysis,86.8,80.5,70.7,60.6
22-10706,Alex Castro,4,Basic Occupational Health and Safety,82.4,76.7,62.0,65.6
22-10706,Alex Castro,4,Numerical Methods,94.5,73.6,66.0,60.6
22-10706,Alex Castro,4,Kontekstwalisadong Komunikasyon sa Filipino,86.7,78.9,79.2,68.5
22-10706,Alex Castro,5,Logic Circuits and Design,84.6,69.6,72.6,69.5
22-10706,Alex Castro,5,Data Structures and Algorithms,83.8,75.2,66.5,66.8
22-10706,Alex Castro,5,"Introduction to Networks, Data and Digital Communications (CISCO 1)",65.5,60.0,75.2,64.2
22-10706,Alex Castro,5,Fundamentals of Mixed Signals and Sensors,75.5,79.7,80.0,71.0
22-10706,Alex Castro,5,Feedback and Control Systems,87.3,76.5,72.3,68.1
22-10706,Alex Castro,5,Introduction to HDL,69.3,80.5,60.0,64.3
22-10706,Alex Castro,5,Research Methods,76.2,69.1,68.1,78.0
22-10706,Alex Castro,5,Filipino sa Iba't Ibang Disiplina,82.7,69.7,68.0,60.0
22-10706,Alex Castro,6,Microprocessors,81.3,73.2,60.0,68.4
22-10706,Alex Castro,6,Software Design,78.2,79.0,69.8,64.2
22-10706,Alex Castro,6,Routing and Switching (CISCO 2),87.4,73.3,74.6,63.2
22-10706,Alex Castro,6,Digital Signal Processing,79.9,64.8,67.7,60.0
22-10706,Alex Castro,6,Emerging Technologies in CpE,71.9,80.8,66.6,70.8
22-10706,Alex Castro,6,CpE Practice and Design 1,85.2,73.7,76.7,70.2
22-10706,Alex Castro,6,Cognate/Elective Course 2,76.2,77.8,81.3,62.6
22-10706,Alex Castro,7,Scaling Networks (CISCO 3),69.8,67.2,76.2,73.2
22-10706,Alex Castro,7,Operating Systems,72.3,60.4,66.2,69.8
22-10706,Alex Castro,7,Computer Architecture and Organization,76.6,75.8,68.5,73.9
22-10706,Alex Castro,7,Computer Engineering Drafting and Design,79.1,78.2,72.6,70.9
22-10706,Alex Castro,7,Connecting Networks and Security (CISCO 4),78.3,67.7,72.5,71.2
22-10706,Alex Castro,7,Embedded Systems,84.0,77.2,65.9,62.9
22-10706,Alex Castro,7,Seminars and Fieldtrips,73.5,75.0,70.0,60.2
22-10706,Alex Castro,7,Manufacturing and Quality Control,70.3,62.1,60.0,67.0
22-10706,Alex Castro,7,Cognate/Elective Course 3 (Data Mining / AI Track),89.4,84.0,64.4,67.4
22-10706,Alex Castro,7,ASEAN Literature,67.3,66.0,63.6,65.6
22-10706,Alex Castro,8,Technopreneurship,75.0,75.3,74.8,65.0
22-10706,Alex Castro,8,On-the-Job Training,76.3,67.3,62.7,60.0
22-10706,Alex Castro,8,CpE Practice and Design 2,80.0,71.8,60.0,66.6
22-61518,Andres Dela Cruz,1,Introduction to Engineering,72.9,87.9,71.3,74.8
22-61518,Andres Dela Cruz,1,Understanding the Self,86.9,72.3,75.2,74.1
22-61518,Andres Dela Cruz,1,Mathematics in the Modern World,82.1,81.1,67.7,74.9
22-61518,Andres Dela Cruz,1,Readings in Philippine History,77.5,80.1,80.3,74.8
22-61518,Andres Dela Cruz,1,Purposive Communication,82.5,81.8,78.9,79.7
22-61518,Andres Dela Cruz,1,Differential Calculus,81.2,79.9,81.3,68.7
22-61518,Andres Dela Cruz,1,General Chemistry,73.4,81.9,74.4,64.4
22-61518,Andres Dela Cruz,1,Computer Programming 1,83.1,86.3,64.7,76.6
22-61518,Andres Dela Cruz,2,Engineering Drawing,64.5,74.9,85.2,68.2
22-61518,Andres Dela Cruz,2,Contemporary World,80.9,82.6,64.5,71.2
22-61518,Andres Dela Cruz,2,Art Appreciation,80.8,89.2,67.4,68.5
22-61518,Andres Dela Cruz,2,"Science, Technology and Society",74.8,71.8,81.5,70.9
22-61518,Andres Dela Cruz,2,Integral Calculus,78.0,75.8,72.3,68.8
22-61518,Andres Dela Cruz,2,Physics 1,73.8,77.4,73.5,67.1
22-61518,Andres Dela Cruz,3,Life and Works of Rizal,81.3,79.4,71.4,69.9
22-61518,Andres Dela Cruz,3,Ethics,93.3,90.7,68.4,65.3
22-61518,Andres Dela Cruz,3,Modern Biology,75.0,85.3,73.3,73.0
22-61518,Andres Dela Cruz,3,Computer Engineering as a Discipline,92.4,77.9,79.0,73.9
22-61518,Andres Dela Cruz,3,Programming Logic and Design,76.5,84.0,69.4,78.5
22-61518,Andres Dela Cruz,3,Discrete Mathematics,77.8,76.1,69.1,66.1
22-61518,Andres Dela Cruz,3,Fundamentals of Electrical Engineering,77.2,62.8,72.8,67.1
22-61518,Andres Dela Cruz,3,Computer-Aided Design,84.5,79.9,69.9,67.4
22-61518,Andres Dela Cruz,4,Engineering Economics,79.0,86.9,69.8,66.4
22-61518,Andres Dela Cruz,4,Engineering Data Analysis,74.6,70.0,77.5,72.8
22-61518,Andres Dela Cruz,4,Differential Equations,89.1,85.2,90.1,71.2
22-61518,Andres Dela Cruz,4,Object Oriented Programming,78.5,69.9,78.7,71.2
22-61518,Andres Dela Cruz,4,Advanced Engineering Mathematics for CpE,85.3,72.1,77.8,72.8
22-61518,Andres Dela Cruz,4,Cognate/Elective Course 1,80.9,73.6,81.6,82.8
22-61518,Andres Dela Cruz,4,Electronic Circuits: Devices and Analysis,73.1,81.7,60.0,74.2
22-61518,Andres Dela Cruz,4,Basic Occupational Health and Safety,69.2,74.8,66.9,69.5
22-61518,Andres Dela Cruz,4,Numerical Methods,86.4,67.8,73.5,68.5
22-61518,Andres Dela Cruz,4,Kontekstwalisadong Komunikasyon sa Filipino,89.9,80.6,67.7,67.9
22-61518,Andres Dela Cruz,5,Logic Circuits and Design,89.1,81.6,68.6,68.6
22-61518,Andres Dela Cruz,5,Data Structures and Algorithms,78.7,74.4,64.2,66.4
22-61518,Andres Dela Cruz,5,"Introduction to Networks, Data and Digital Communications (CISCO 1)",88.4,75.4,73.9,71.3
22-61518,Andres Dela Cruz,5,Fundamentals of Mixed Signals and Sensors,93.0,77.4,80.7,66.6
22-61518,Andres Dela Cruz,5,Feedback and Control Systems,79.8,79.0,71.0,70.4
22-61518,Andres Dela Cruz,5,Introduction to HDL,85.1,72.5,74.2,74.4
22-61518,Andres Dela Cruz,5,Research Methods,75.4,84.6,75.2,69.8
22-61518,Andres Dela Cruz,5,Filipino sa Iba't Ibang Disiplina,68.3,75.7,77.0,81.2
22-61518,Andres Dela Cruz,6,Microprocessors,83.1,84.1,66.9,69.4
22-61518,Andres Dela Cruz,6,Software Design,87.4,72.3,80.3,74.9
22-61518,Andres Dela Cruz,6,Routing and Switching (CISCO 2),81.7,75.7,68.6,81.1
22-61518,Andres Dela Cruz,6,Digital Signal Processing,85.2,81.0,73.2,71.8
22-61518,Andres Dela Cruz,6,Emerging Technologies in CpE,81.1,80.1,78.9,65.8
22-61518,Andres Dela Cruz,6,CpE Practice and Design 1,71.6,78.5,64.3,68.8
22-61518,Andres Dela Cruz,6,Cognate/Elective Course 2,77.0,80.6,86.4,60.0
22-61518,Andres Dela Cruz,7,Scaling Networks (CISCO 3),93.7,76.3,76.6,62.0
22-61518,Andres Dela Cruz,7,Operating Systems,86.1,77.9,74.1,60.0
22-61518,Andres Dela Cruz,7,Computer Architecture and Organization,80.2,82.4,72.7,77.2
22-61518,Andres Dela Cruz,7,Computer Engineering Drafting and Design,86.5,73.5,83.7,70.4
22-61518,Andres Dela Cruz,7,Connecting Networks and Security (CISCO 4),80.4,78.3,74.9,60.0
22-61518,Andres Dela Cruz,7,Embedded Systems,78.6,69.2,83.9,79.7
22-61518,Andres Dela Cruz,7,Seminars and Fieldtrips,85.5,76.6,68.7,66.8
22-61518,Andres Dela Cruz,7,Manufacturing and Quality Control,91.4,73.2,60.0,76.3
22-61518,Andres Dela Cruz,7,Cognate/Elective Course 3 (Data Mining / AI Track),89.1,87.6,80.7,77.7
22-61518,Andres Dela Cruz,7,ASEAN Literature,80.7,65.5,74.9,74.5
22-61518,Andres Dela Cruz,8,Technopreneurship,79.6,76.9,69.0,64.7
22-61518,Andres Dela Cruz,8,On-the-Job Training,91.4,89.2,74.8,72.4
22-61518,Andres Dela Cruz,8,CpE Practice and Design 2,74.5,81.8,85.3,61.6
22-52833,Isabel Mendoza,1,Introduction to Engineering,79.9,78.0,74.8,77.7
22-52833,Isabel Mendoza,1,Understanding the Self,89.3,73.4,75.7,68.3
22-52833,Isabel Mendoza,1,Mathematics in the Modern World,76.2,79.2,78.4,71.7
22-52833,Isabel Mendoza,1,Readings in Philippine History,71.8,72.0,68.9,62.8
22-52833,Isabel Mendoza,1,Purposive Communication,78.9,77.3,77.5,62.7
22-52833,Isabel Mendoza,1,Differential Calculus,76.5,86.9,73.4,70.6
22-52833,Isabel Mendoza,1,General Chemistry,78.9,84.4,81.4,77.0
22-52833,Isabel Mendoza,1,Computer Programming 1,74.9,67.3,81.1,70.9
22-52833,Isabel Mendoza,2,Engineering Drawing,73.7,82.7,67.9,75.8
22-52833,Isabel Mendoza,2,Contemporary World,85.9,69.2,75.2,72.5
22-52833,Isabel Mendoza,2,Art Appreciation,92.8,70.3,80.3,67.9
22-52833,Isabel Mendoza,2,"Science, Technology and Society",69.6,74.0,71.7,61.5
22-52833,Isabel Mendoza,2,Integral Calculus,81.8,83.3,75.8,67.1
22-52833,Isabel Mendoza,2,Physics 1,79.1,77.5,75.7,77.0
22-52833,Isabel Mendoza,3,Life and Works of Rizal,78.7,66.3,68.3,68.8
22-52833,Isabel Mendoza,3,Ethics,83.8,82.5,82.3,68.6
22-52833,Isabel Mendoza,3,Modern Biology,84.5,68.8,76.9,63.9
22-52833,Isabel Mendoza,3,Computer Engineering as a Discipline,76.7,92.9,73.5,62.6
22-52833,Isabel Mendoza,3,Programming Logic and Design,77.2,69.4,63.8,78.4
22-52833,Isabel Mendoza,3,Discrete Mathematics,86.4,79.6,72.0,68.5
22-52833,Isabel Mendoza,3,Fundamentals of Electrical Engineering,85.7,76.0,60.0,81.8
22-52833,Isabel Mendoza,3,Computer-Aided Design,77.6,76.2,77.6,70.1
22-52833,Isabel Mendoza,4,Engineering Economics,81.5,72.2,64.3,69.5
22-52833,Isabel Mendoza,4,Engineering Data Analysis,88.6,73.7,70.0,77.7
22-52833,Isabel Mendoza,4,Differential Equations,77.2,75.1,72.1,70.0
22-52833,Isabel Mendoza,4,Object Oriented Programming,65.3,69.3,70.9,67.1
22-52833,Isabel Mendoza,4,Advanced Engineering Mathematics for CpE,86.9,88.6,83.4,75.9
22-52833,Isabel Mendoza,4,Cognate/Elective Course 1,73.9,68.8,69.6,69.3
22-52833,Isabel Mendoza,4,Electronic Circuits: Devices and Analysis,81.4,77.9,70.4,72.0
22-52833,Isabel Mendoza,4,Basic Occupational Health and Safety,84.6,80.0,71.5,62.8
22-52833,Isabel Mendoza,4,Numerical Methods,74.8,73.5,75.9,73.5
22-52833,Isabel Mendoza,4,Kontekstwalisadong Komunikasyon sa Filipino,68.6,71.7,73.1,62.4
22-52833,Isabel Mendoza,5,Logic Circuits and Design,79.1,72.3,66.8,67.6
22-52833,Isabel Mendoza,5,Data Structures and Algorithms,77.1,67.4,68.1,68.6
22-52833,Isabel Mendoza,5,"Introduction to Networks, Data and Digital Communications (CISCO 1)",70.2,62.6,60.3,63.3
22-52833,Isabel Mendoza,5,Fundamentals of Mixed Signals and Sensors,68.6,72.1,81.1,60.0
22-52833,Isabel Mendoza,5,Feedback and Control Systems,78.3,90.4,76.8,68.2
22-52833,Isabel Mendoza,5,Introduction to HDL,75.5,76.7,81.3,64.1
22-52833,Isabel Mendoza,5,Research Methods,72.5,66.5,72.3,60.0
22-52833,Isabel Mendoza,5,Filipino sa Iba't Ibang Disiplina,74.3,69.3,78.1,64.8
22-52833,Isabel Mendoza,6,Microprocessors,78.8,64.5,71.9,60.1
22-52833,Isabel Mendoza,6,Software Design,72.2,85.8,75.1,65.0
22-52833,Isabel Mendoza,6,Routing and Switching (CISCO 2),94.0,67.0,76.5,60.0
22-52833,Isabel Mendoza,6,Digital Signal Processing,78.5,69.5,75.9,70.7
22-52833,Isabel Mendoza,6,Emerging Technologies in CpE,72.9,79.1,66.1,67.8
22-52833,Isabel Mendoza,6,CpE Practice and Design 1,82.0,65.9,67.2,68.1
22-52833,Isabel Mendoza,6,Cognate/Elective Course 2,78.6,81.1,68.2,63.9
22-52833,Isabel Mendoza,7,Scaling Networks (CISCO 3),69.5,74.5,67.8,64.2
22-52833,Isabel Mendoza,7,Operating Systems,74.2,75.8,66.2,61.2
22-52833,Isabel Mendoza,7,Computer Architecture and Organization,79.1,60.0,67.5,60.4
22-52833,Isabel Mendoza,7,Computer Engineering Drafting and Design,83.7,71.5,67.7,67.0
22-52833,Isabel Mendoza,7,Connecting Networks and Security (CISCO 4),71.2,70.1,70.1,63.3
22-52833,Isabel Mendoza,7,Embedded Systems,73.9,68.1,64.2,67.7
22-52833,Isabel Mendoza,7,Seminars and Fieldtrips,78.9,66.2,76.2,72.4
22-52833,Isabel Mendoza,7,Manufacturing and Quality Control,82.3,76.0,74.9,80.4
22-52833,Isabel Mendoza,7,Cognate/Elective Course 3 (Data Mining / AI Track),73.0,66.3,60.3,76.3
22-52833,Isabel Mendoza,7,ASEAN Literature,87.7,69.2,67.3,65.9
22-52833,Isabel Mendoza,8,Technopreneurship,84.4,67.0,60.0,80.8
22-52833,Isabel Mendoza,8,On-the-Job Training,78.9,77.5,70.4,70.6
22-52833,Isabel Mendoza,8,CpE Practice and Design 2,68.0,69.7,72.3,60.0
22-51938,Alex Santos,1,Introduction to Engineering,77.0,74.2,71.4,66.0
22-51938,Alex Santos,1,Understanding the Self,72.8,65.5,74.1,67.5
22-51938,Alex Santos,1,Mathematics in the Modern World,71.3,77.5,72.2,67.2
22-51938,Alex Santos,1,Readings in Philippine History,65.8,80.5,65.9,69.7
22-51938,Alex Santos,1,Purposive Communication,73.9,74.1,80.2,72.5
22-51938,Alex Santos,1,Differential Calculus,86.3,79.1,76.3,60.0
22-51938,Alex Santos,1,General Chemistry,77.6,75.8,81.3,66.9
22-51938,Alex Santos,1,Computer Programming 1,80.4,77.8,80.2,68.5
22-51938,Alex Santos,2,Engineering Drawing,83.0,65.4,62.9,60.0
22-51938,Alex Santos,2,Contemporary World,83.5,80.4,78.6,65.3
22-51938,Alex Santos,2,Art Appreciation,75.4,75.7,81.9,79.5
22-51938,Alex Santos,2,"Science, Technology and Society",83.5,78.4,81.3,67.8
22-51938,Alex Santos,2,Integral Calculus,77.2,76.3,68.1,68.9
22-51938,Alex Santos,2,Physics 1,72.8,83.3,77.2,78.5
22-51938,Alex Santos,3,Life and Works of Rizal,69.0,87.8,63.8,62.1
22-51938,Alex Santos,3,Ethics,75.0,84.3,74.6,67.9
22-51938,Alex Santos,3,Modern Biology,74.8,68.9,80.7,74.8
22-51938,Alex Santos,3,Computer Engineering as a Discipline,86.9,78.8,60.0,61.8
22-51938,Alex Santos,3,Programming Logic and Design,81.6,74.2,69.9,62.7
22-51938,Alex Santos,3,Discrete Mathematics,85.2,79.9,76.9,66.2
22-51938,Alex Santos,3,Fundamentals of Electrical Engineering,79.1,67.7,71.8,60.0
22-51938,Alex Santos,3,Computer-Aided Design,68.6,73.7,86.8,60.0
22-51938,Alex Santos,4,Engineering Economics,71.3,77.7,83.9,70.5
22-51938,Alex Santos,4,Engineering Data Analysis,83.7,75.1,70.9,70.5
22-51938,Alex Santos,4,Differential Equations,75.6,81.5,64.3,75.3
22-51938,Alex Santos,4,Object Oriented Programming,79.0,75.1,63.4,63.4
22-51938,Alex Santos,4,Advanced Engineering Mathematics for CpE,86.7,75.9,75.6,64.7
22-51938,Alex Santos,4,Cognate/Elective Course 1,78.6,68.2,73.9,71.5
22-51938,Alex Santos,4,Electronic Circuits: Devices and Analysis,79.9,70.3,70.5,71.9
22-51938,Alex Santos,4,Basic Occupational Health and Safety,77.5,74.7,84.7,63.6
22-51938,Alex Santos,4,Numerical Methods,86.0,70.2,77.9,74.2
22-51938,Alex Santos,4,Kontekstwalisadong Komunikasyon sa Filipino,75.7,69.1,61.4,65.6
22-51938,Alex Santos,5,Logic Circuits and Design,81.2,69.2,73.1,60.0
22-51938,Alex Santos,5,Data Structures and Algorithms,77.4,69.5,72.8,66.3
22-51938,Alex Santos,5,"Introduction to Networks, Data and Digital Communications (CISCO 1)",71.6,72.5,67.7,61.4
22-51938,Alex Santos,5,Fundamentals of Mixed Signals and Sensors,84.5,73.5,60.0,64.9
22-51938,Alex Santos,5,Feedback and Control Systems,85.0,72.6,82.9,64.8
22-51938,Alex Santos,5,Introduction to HDL,81.0,81.9,75.3,60.4
22-51938,Alex Santos,5,Research Methods,73.1,83.4,68.4,75.2
22-51938,Alex Santos,5,Filipino sa Iba't Ibang Disiplina,76.2,77.3,64.9,65.7
22-51938,Alex Santos,6,Microprocessors,72.8,77.0,73.1,71.4
22-51938,Alex Santos,6,Software Design,75.8,70.8,74.4,63.1
22-51938,Alex Santos,6,Routing and Switching (CISCO 2),85.2,75.7,71.3,72.1
22-51938,Alex Santos,6,Digital Signal Processing,79.1,67.2,67.6,76.3
22-51938,Alex Santos,6,Emerging Technologies in CpE,79.3,66.3,75.4,66.0
22-51938,Alex Santos,6,CpE Practice and Design 1,73.5,69.5,79.3,60.0
22-51938,Alex Santos,6,Cognate/Elective Course 2,73.8,77.1,82.7,72.6
22-51938,Alex Santos,7,Scaling Networks (CISCO 3),73.7,85.6,65.1,70.9
22-51938,Alex Santos,7,Operating Systems,81.7,71.1,77.4,66.2
22-51938,Alex Santos,7,Computer Architecture and Organization,82.2,64.6,74.6,66.2
22-51938,Alex Santos,7,Computer Engineering Drafting and Design,84.9,75.4,80.1,71.7
22-51938,Alex Santos,7,Connecting Networks and Security (CISCO 4),78.0,81.1,78.0,72.2
22-51938,Alex Santos,7,Embedded Systems,64.3,69.8,80.9,61.1
22-51938,Alex Santos,7,Seminars and Fieldtrips,84.1,80.6,68.9,60.0
22-51938,Alex Santos,7,Manufacturing and Quality Control,74.6,88.1,67.4,63.9
22-51938,Alex Santos,7,Cognate/Elective Course 3 (Data Mining / AI Track),72.8,83.7,71.8,65.6
22-51938,Alex Santos,7,ASEAN Literature,87.2,79.9,67.7,62.0
22-51938,Alex Santos,8,Technopreneurship,85.7,76.5,64.0,60.0
22-51938,Alex Santos,8,On-the-Job Training,72.1,69.0,61.0,62.7
22-51938,Alex Santos,8,CpE Practice and Design 2,73.3,73.6,83.4,67.7
22-71134,Juan Mendoza,1,Introduction to Engineering,81.0,82.6,74.8,74.5
22-71134,Juan Mendoza,1,Understanding the Self,83.7,80.3,92.8,77.6
22-71134,Juan Mendoza,1,Mathematics in the Modern World,77.6,83.8,73.4,76.7
22-71134,Juan Mendoza,1,Readings in Philippine History,73.7,72.9,78.3,78.1
22-71134,Juan Mendoza,1,Purposive Communication,85.0,84.6,78.5,73.2
22-71134,Juan Mendoza,1,Differential Calculus,81.1,86.4,84.3,73.6
22-71134,Juan Mendoza,1,General Chemistry,83.4,91.1,78.1,74.4
22-71134,Juan Mendoza,1,Computer Programming 1,82.8,76.9,69.4,72.6
22-71134,Juan Mendoza,2,Engineering Drawing,81.7,90.5,80.9,68.5
22-71134,Juan Mendoza,2,Contemporary World,86.4,81.4,84.1,69.0
22-71134,Juan Mendoza,2,Art Appreciation,83.1,78.9,76.6,66.8
22-71134,Juan Mendoza,2,"Science, Technology and Society",85.4,82.0,84.0,72.1
22-71134,Juan Mendoza,2,Integral Calculus,81.6,86.3,73.4,80.5
22-71134,Juan Mendoza,2,Physics 1,90.6,89.1,80.5,71.1
22-71134,Juan Mendoza,3,Life and Works of Rizal,82.6,81.8,72.9,80.1
22-71134,Juan Mendoza,3,Ethics,85.5,74.2,87.5,72.7
22-71134,Juan Mendoza,3,Modern Biology,77.5,76.6,87.1,84.9
22-71134,Juan Mendoza,3,Computer Engineering as a Discipline,88.0,87.4,83.5,75.5
22-71134,Juan Mendoza,3,Programming Logic and Design,81.9,80.8,78.8,65.9
22-71134,Juan Mendoza,3,Discrete Mathematics,88.5,90.3,77.0,72.1
22-71134,Juan Mendoza,3,Fundamentals of Electrical Engineering,84.8,75.6,68.3,79.0
22-71134,Juan Mendoza,3,Computer-Aided Design,79.2,79.6,72.5,79.8
22-71134,Juan Mendoza,4,Engineering Economics,87.1,78.1,69.2,70.1
22-71134,Juan Mendoza,4,Engineering Data Analysis,87.5,82.7,78.9,75.3
22-71134,Juan Mendoza,4,Differential Equations,88.6,81.3,80.9,68.1
22-71134,Juan Mendoza,4,Object Oriented Programming,95.3,75.8,75.6,73.7
22-71134,Juan Mendoza,4,Advanced Engineering Mathematics for CpE,81.6,81.6,78.2,68.5
22-71134,Juan Mendoza,4,Cognate/Elective Course 1,82.6,67.6,84.9,75.1
22-71134,Juan Mendoza,4,Electronic Circuits: Devices and Analysis,85.8,69.0,71.4,80.4
22-71134,Juan Mendoza,4,Basic Occupational Health and Safety,98.0,86.7,82.5,75.3
22-71134,Juan Mendoza,4,Numerical Methods,79.0,87.5,71.6,66.7
22-71134,Juan Mendoza,4,Kontekstwalisadong Komunikasyon sa Filipino,74.3,85.4,75.9,72.7
22-71134,Juan Mendoza,5,Logic Circuits and Design,81.8,72.7,72.2,68.4
22-71134,Juan Mendoza,5,Data Structures and Algorithms,71.5,74.5,67.8,73.8
22-71134,Juan Mendoza,5,"Introduction to Networks, Data and Digital Communications (CISCO 1)",83.9,69.8,72.6,81.5
22-71134,Juan Mendoza,5,Fundamentals of Mixed Signals and Sensors,76.0,82.0,76.8,78.7
22-71134,Juan Mendoza,5,Feedback and Control Systems,85.9,79.0,78.6,74.5
22-71134,Juan Mendoza,5,Introduction to HDL,81.4,71.6,83.6,78.5
22-71134,Juan Mendoza,5,Research Methods,75.7,77.7,74.9,65.2
22-71134,Juan Mendoza,5,Filipino sa Iba't Ibang Disiplina,70.8,75.5,74.1,63.5
22-71134,Juan Mendoza,6,Microprocessors,83.0,86.4,81.2,71.3
22-71134,Juan Mendoza,6,Software Design,68.9,81.8,75.2,72.9
22-71134,Juan Mendoza,6,Routing and Switching (CISCO 2),91.5,72.6,60.0,64.0
22-71134,Juan Mendoza,6,Digital Signal Processing,87.0,81.7,70.9,65.5
22-71134,Juan Mendoza,6,Emerging Technologies in CpE,77.8,70.1,77.5,67.9
22-71134,Juan Mendoza,6,CpE Practice and Design 1,78.2,75.0,77.8,72.4
22-71134,Juan Mendoza,6,Cognate/Elective Course 2,81.1,78.6,73.9,64.1
22-71134,Juan Mendoza,7,Scaling Networks (CISCO 3),75.6,75.2,86.7,62.2
22-71134,Juan Mendoza,7,Operating Systems,77.4,78.1,72.5,76.8
22-71134,Juan Mendoza,7,Computer Architecture and Organization,80.1,78.1,81.1,83.0
22-71134,Juan Mendoza,7,Computer Engineering Drafting and Design,90.4,78.6,75.9,72.4
22-71134,Juan Mendoza,7,Connecting Networks and Security (CISCO 4),80.8,72.5,80.0,71.6
22-71134,Juan Mendoza,7,Embedded Systems,81.7,71.8,76.6,60.7
22-71134,Juan Mendoza,7,Seminars and Fieldtrips,78.5,76.1,78.0,83.4
22-71134,Juan Mendoza,7,Manufacturing and Quality Control,85.4,88.2,80.1,78.8
22-71134,Juan Mendoza,7,Cognate/Elective Course 3 (Data Mining / AI Track),91.1,73.1,69.6,74.4
22-71134,Juan Mendoza,7,ASEAN Literature,82.0,80.8,74.8,68.6
22-71134,Juan Mendoza,8,Technopreneurship,91.7,72.9,80.4,75.3
22-71134,Juan Mendoza,8,On-the-Job Training,72.5,74.5,72.3,75.5
22-71134,Juan Mendoza,8,CpE Practice and Design 2,79.8,79.0,67.5,86.1
22-57036,Diego Reyes,1,Introduction to Engineering,77.9,78.1,68.8,64.3
22-57036,Diego Reyes,1,Understanding the Self,88.9,63.6,73.7,60.9
22-57036,Diego Reyes,1,Mathematics in the Modern World,74.3,70.6,65.5,67.7
22-57036,Diego Reyes,1,Readings in Philippine History,62.1,73.3,71.5,60.0
22-57036,Diego Reyes,1,Purposive Communication,86.6,71.6,70.6,64.6
22-57036,Diego Reyes,1,Differential Calculus,76.3,82.3,86.2,72.0
22-57036,Diego Reyes,1,General Chemistry,83.3,84.7,72.9,77.0
22-57036,Diego Reyes,1,Computer Programming 1,81.4,75.3,73.4,60.0
22-57036,Diego Reyes,2,Engineering Drawing,80.7,67.3,63.7,70.7
22-57036,Diego Reyes,2,Contemporary World,70.8,75.1,72.9,69.3
22-57036,Diego Reyes,2,Art Appreciation,72.0,80.5,71.5,70.8
22-57036,Diego Reyes,2,"Science, Technology and Society",70.3,74.1,78.6,74.0
22-57036,Diego Reyes,2,Integral Calculus,72.0,71.2,65.4,63.6
22-57036,Diego Reyes,2,Physics 1,68.4,73.6,75.2,62.8
22-57036,Diego Reyes,3,Life and Works of Rizal,76.9,73.8,78.4,64.5
22-57036,Diego Reyes,3,Ethics,74.0,70.1,65.2,71.4
22-57036,Diego Reyes,3,Modern Biology,75.9,74.8,79.0,75.5
22-57036,Diego Reyes,3,Computer Engineering as a Discipline,67.6,79.0,73.4,65.4
22-57036,Diego Reyes,3,Programming Logic and Design,78.7,64.0,80.1,70.6
22-57036,Diego Reyes,3,Discrete Mathematics,71.6,70.9,61.2,65.7
22-57036,Diego Reyes,3,Fundamentals of Electrical Engineering,76.1,68.7,78.1,77.2
22-57036,Diego Reyes,3,Computer-Aided Design,78.8,74.8,76.1,69.4
22-57036,Diego Reyes,4,Engineering Economics,71.0,71.2,70.3,69.7
22-57036,Diego Reyes,4,Engineering Data Analysis,76.8,75.7,62.2,71.5
22-57036,Diego Reyes,4,Differential Equations,76.8,89.8,69.0,69.5
22-57036,Diego Reyes,4,Object Oriented Programming,93.7,75.6,70.9,61.6
22-57036,Diego Reyes,4,Advanced Engineering Mathematics for CpE,85.9,67.5,73.9,64.7
22-57036,Diego Reyes,4,Cognate/Elective Course 1,75.6,65.8,79.4,65.8
22-57036,Diego Reyes,4,Electronic Circuits: Devices and Analysis,71.7,84.1,70.4,71.5
22-57036,Diego Reyes,4,Basic Occupational Health and Safety,82.5,78.0,60.0,72.3
22-57036,Diego Reyes,4,Numerical Methods,76.1,72.5,70.7,60.0
22-57036,Diego Reyes,4,Kontekstwalisadong Komunikasyon sa Filipino,78.6,67.0,70.3,69.1
22-57036,Diego Reyes,5,Logic Circuits and Design,85.4,71.7,82.2,75.2
22-57036,Diego Reyes,5,Data Structures and Algorithms,74.1,67.7,62.7,69.1
22-57036,Diego Reyes,5,"Introduction to Networks, Data and Digital Communications (CISCO 1)",72.3,81.6,67.2,62.1
22-57036,Diego Reyes,5,Fundamentals of Mixed Signals and Sensors,80.4,72.5,73.5,75.4
22-57036,Diego Reyes,5,Feedback and Control Systems,77.4,75.2,72.6,60.0
22-57036,Diego Reyes,5,Introduction to HDL,81.3,77.6,78.8,73.1
22-57036,Diego Reyes,5,Research Methods,76.3,81.3,70.3,69.7
22-57036,Diego Reyes,5,Filipino sa Iba't Ibang Disiplina,75.6,77.9,69.8,78.1
22-57036,Diego Reyes,6,Microprocessors,91.1,81.9,82.7,60.3
22-57036,Diego Reyes,6,Software Design,68.2,72.5,71.6,66.3
22-57036,Diego Reyes,6,Routing and Switching (CISCO 2),66.8,81.3,84.2,75.2
22-57036,Diego Reyes,6,Digital Signal Processing,83.3,75.8,66.3,68.0
22-57036,Diego Reyes,6,Emerging Technologies in CpE,89.3,72.3,68.6,74.1
22-57036,Diego Reyes,6,CpE Practice and Design 1,84.5,70.1,70.5,65.2
22-57036,Diego Reyes,6,Cognate/Elective Course 2,77.1,81.0,66.5,74.0
22-57036,Diego Reyes,7,Scaling Networks (CISCO 3),77.3,88.3,73.2,66.9
22-57036,Diego Reyes,7,Operating Systems,80.1,72.4,60.6,66.0
22-57036,Diego Reyes,7,Computer Architecture and Organization,77.4,67.1,73.0,60.0
22-57036,Diego Reyes,7,Computer Engineering Drafting and Design,76.9,78.1,74.0,67.0
22-57036,Diego Reyes,7,Connecting Networks and Security (CISCO 4),76.2,69.7,71.4,67.8
22-57036,Diego Reyes,7,Embedded Systems,73.6,78.2,75.0,68.5
22-57036,Diego Reyes,7,Seminars and Fieldtrips,92.0,74.3,70.4,65.6
22-57036,Diego Reyes,7,Manufacturing and Quality Control,73.2,80.7,69.3,66.1
22-57036,Diego Reyes,7,Cognate/Elective Course 3 (Data Mining / AI Track),73.5,68.5,60.8,64.7
22-57036,Diego Reyes,7,ASEAN Literature,82.7,76.3,81.4,72.7
22-57036,Diego Reyes,8,Technopreneurship,80.6,86.4,71.5,68.6
22-57036,Diego Reyes,8,On-the-Job Training,77.4,84.4,72.1,64.3
22-57036,Diego Reyes,8,CpE Practice and Design 2,81.0,70.3,75.3,70.7
22-75496,Lucia Garcia,1,Introduction to Engineering,78.5,80.6,65.1,71.0
22-75496,Lucia Garcia,1,Understanding the Self,76.8,94.4,75.0,66.5
22-75496,Lucia Garcia,1,Mathematics in the Modern World,71.3,85.0,71.9,65.2
22-75496,Lucia Garcia,1,Readings in Philippine History,81.6,81.1,77.8,70.2
22-75496,Lucia Garcia,1,Purposive Communication,80.6,78.6,76.0,72.6
22-75496,Lucia Garcia,1,Differential Calculus,86.1,77.5,69.1,69.1
22-75496,Lucia Garcia,1,General Chemistry,84.1,66.4,63.3,75.5
22-75496,Lucia Garcia,1,Computer Programming 1,88.2,69.1,74.2,67.2
22-75496,Lucia Garcia,2,Engineering Drawing,78.6,79.6,66.8,63.9
22-75496,Lucia Garcia,2,Contemporary World,77.8,76.3,67.3,74.8
22-75496,Lucia Garcia,2,Art Appreciation,77.1,74.7,75.7,69.3
22-75496,Lucia Garcia,2,"Science, Technology and Society",84.6,71.6,65.6,68.2
22-75496,Lucia Garcia,2,Integral Calculus,79.9,69.7,65.6,71.1
22-75496,Lucia Garcia,2,Physics 1,75.0,68.4,79.8,66.2
22-75496,Lucia Garcia,3,Life and Works of Rizal,86.5,77.4,75.8,68.8
22-75496,Lucia Garcia,3,Ethics,63.7,70.4,73.3,72.2
22-75496,Lucia Garcia,3,Modern Biology,68.8,76.8,67.2,71.4
22-75496,Lucia Garcia,3,Computer Engineering as a Discipline,79.5,81.7,80.4,72.8
22-75496,Lucia Garcia,3,Programming Logic and Design,84.3,74.6,90.5,62.3
22-75496,Lucia Garcia,3,Discrete Mathematics,76.4,82.6,78.5,72.9
22-75496,Lucia Garcia,3,Fundamentals of Electrical Engineering,84.2,65.3,84.1,69.3
22-75496,Lucia Garcia,3,Computer-Aided Design,87.6,65.6,76.1,67.2
22-75496,Lucia Garcia,4,Engineering Economics,83.0,79.1,76.2,63.7
22-75496,Lucia Garcia,4,Engineering Data Analysis,79.2,76.1,76.9,75.9
22-75496,Lucia Garcia,4,Differential Equations,80.4,69.5,74.6,85.7
22-75496,Lucia Garcia,4,Object Oriented Programming,89.0,60.0,74.0,75.2
22-75496,Lucia Garcia,4,Advanced Engineering Mathematics for CpE,78.4,74.4,72.4,73.3
22-75496,Lucia Garcia,4,Cognate/Elective Course 1,72.2,83.9,73.2,64.0
22-75496,Lucia Garcia,4,Electronic Circuits: Devices and Analysis,86.9,68.5,71.2,67.1
22-75496,Lucia Garcia,4,Basic Occupational Health and Safety,92.5,73.1,61.1,66.6
22-75496,Lucia Garcia,4,Numerical Methods,82.3,81.9,87.6,78.4
22-75496,Lucia Garcia,4,Kontekstwalisadong Komunikasyon sa Filipino,80.7,71.9,83.8,67.8
22-75496,Lucia Garcia,5,Logic Circuits and Design,76.2,75.3,67.0,67.8
22-75496,Lucia Garcia,5,Data Structures and Algorithms,77.7,81.1,71.2,62.0
22-75496,Lucia Garcia,5,"Introduction to Networks, Data and Digital Communications (CISCO 1)",69.5,78.0,74.0,66.3
22-75496,Lucia Garcia,5,Fundamentals of Mixed Signals and Sensors,77.4,80.1,82.9,65.9
22-75496,Lucia Garcia,5,Feedback and Control Systems,80.1,82.9,69.3,69.9
22-75496,Lucia Garcia,5,Introduction to HDL,79.9,69.9,75.6,70.7
22-75496,Lucia Garcia,5,Research Methods,82.9,70.1,74.1,78.3
22-75496,Lucia Garcia,5,Filipino sa Iba't Ibang Disiplina,92.1,84.9,67.0,72.8
22-75496,Lucia Garcia,6,Microprocessors,77.3,79.5,69.9,60.3
22-75496,Lucia Garcia,6,Software Design,77.0,81.1,75.3,72.0
22-75496,Lucia Garcia,6,Routing and Switching (CISCO 2),80.4,79.2,76.7,68.0
22-75496,Lucia Garcia,6,Digital Signal Processing,80.0,87.6,74.8,70.2
22-75496,Lucia Garcia,6,Emerging Technologies in CpE,79.7,75.4,71.0,70.9
22-75496,Lucia Garcia,6,CpE Practice and Design 1,76.6,76.3,69.3,70.7
22-75496,Lucia Garcia,6,Cognate/Elective Course 2,82.6,75.5,61.5,73.2
22-75496,Lucia Garcia,7,Scaling Networks (CISCO 3),79.8,70.8,78.2,61.2
22-75496,Lucia Garcia,7,Operating Systems,85.4,76.4,60.0,70.7
22-75496,Lucia Garcia,7,Computer Architecture and Organization,77.7,74.4,70.1,69.8
22-75496,Lucia Garcia,7,Computer Engineering Drafting and Design,77.3,66.6,82.2,69.1
22-75496,Lucia Garcia,7,Connecting Networks and Security (CISCO 4),74.7,70.0,78.2,61.8
22-75496,Lucia Garcia,7,Embedded Systems,81.0,74.3,71.4,63.9
22-75496,Lucia Garcia,7,Seminars and Fieldtrips,75.9,77.3,75.4,65.3
22-75496,Lucia Garcia,7,Manufacturing and Quality Control,79.6,83.1,64.6,70.5
22-75496,Lucia Garcia,7,Cognate/Elective Course 3 (Data Mining / AI Track),73.4,70.4,75.1,66.3
22-75496,Lucia Garcia,7,ASEAN Literature,72.3,85.2,79.6,60.0
22-75496,Lucia Garcia,8,Technopreneurship,70.8,80.8,72.3,79.1
22-75496,Lucia Garcia,8,On-the-Job Training,83.3,79.0,67.9,73.0
22-75496,Lucia Garcia,8,CpE Practice and Design 2,71.9,85.0,76.6,65.1
22-78752,Valentina Garcia,1,Introduction to Engineering,82.3,88.6,70.7,71.5
22-78752,Valentina Garcia,1,Understanding the Self,74.9,75.6,63.0,68.2
22-78752,Valentina Garcia,1,Mathematics in the Modern World,76.9,85.1,60.5,65.7
22-78752,Valentina Garcia,1,Readings in Philippine History,85.2,73.7,71.0,63.2
22-78752,Valentina Garcia,1,Purposive Communication,71.9,64.2,68.3,62.2
22-78752,Valentina Garcia,1,Differential Calculus,77.3,69.6,68.4,64.7
22-78752,Valentina Garcia,1,General Chemistry,76.3,71.1,64.9,67.9
22-78752,Valentina Garcia,1,Computer Programming 1,84.1,76.1,68.6,67.6
22-78752,Valentina Garcia,2,Engineering Drawing,65.8,74.9,70.2,63.1
22-78752,Valentina Garcia,2,Contemporary World,72.9,72.7,78.0,74.7
22-78752,Valentina Garcia,2,Art Appreciation,71.9,72.0,69.1,73.0
22-78752,Valentina Garcia,2,"Science, Technology and Society",78.3,75.7,75.2,64.6
22-78752,Valentina Garcia,2,Integral Calculus,84.8,74.3,66.1,66.0
22-78752,Valentina Garcia,2,Physics 1,84.0,71.8,76.9,63.7
22-78752,Valentina Garcia,3,Life and Works of Rizal,72.9,79.1,66.8,73.1
22-78752,Valentina Garcia,3,Ethics,79.6,69.9,71.6,64.9
22-78752,Valentina Garcia,3,Modern Biology,78.7,85.6,69.0,70.6
22-78752,Valentina Garcia,3,Computer Engineering as a Discipline,77.6,75.3,71.0,63.0
22-78752,Valentina Garcia,3,Programming Logic and Design,79.7,73.6,66.8,74.4
22-78752,Valentina Garcia,3,Discrete Mathematics,77.2,72.9,79.3,60.0
22-78752,Valentina Garcia,3,Fundamentals of Electrical Engineering,85.7,70.5,73.9,65.2
22-78752,Valentina Garcia,3,Computer-Aided Design,72.5,83.6,83.8,67.4
22-78752,Valentina Garcia,4,Engineering Economics,79.5,75.5,82.4,60.0
22-78752,Valentina Garcia,4,Engineering Data Analysis,78.9,69.9,60.0,65.2
22-78752,Valentina Garcia,4,Differential Equations,87.7,70.4,76.0,74.6
22-78752,Valentina Garcia,4,Object Oriented Programming,77.6,76.1,61.9,64.0
22-78752,Valentina Garcia,4,Advanced Engineering Mathematics for CpE,82.0,74.7,73.4,68.2
22-78752,Valentina Garcia,4,Cognate/Elective Course 1,90.8,72.8,81.9,69.1
22-78752,Valentina Garcia,4,Electronic Circuits: Devices and Analysis,88.2,68.4,73.7,66.3
22-78752,Valentina Garcia,4,Basic Occupational Health and Safety,78.3,82.5,74.3,75.5
22-78752,Valentina Garcia,4,Numerical Methods,72.6,69.4,71.3,67.2
22-78752,Valentina Garcia,4,Kontekstwalisadong Komunikasyon sa Filipino,76.3,69.4,79.2,66.0
22-78752,Valentina Garcia,5,Logic Circuits and Design,86.6,75.8,76.5,72.1
22-78752,Valentina Garcia,5,Data Structures and Algorithms,72.7,77.5,83.8,69.9
22-78752,Valentina Garcia,5,"Introduction to Networks, Data and Digital Communications (CISCO 1)",83.1,79.5,74.1,69.5
22-78752,Valentina Garcia,5,Fundamentals of Mixed Signals and Sensors,81.4,80.3,64.5,70.2
22-78752,Valentina Garcia,5,Feedback and Control Systems,75.5,72.0,79.0,63.0
22-78752,Valentina Garcia,5,Introduction to HDL,69.7,80.5,64.1,60.0
22-78752,Valentina Garcia,5,Research Methods,82.9,76.1,74.9,65.5
22-78752,Valentina Garcia,5,Filipino sa Iba't Ibang Disiplina,69.1,68.0,70.4,60.5
22-78752,Valentina Garcia,6,Microprocessors,79.9,73.0,73.7,69.6
22-78752,Valentina Garcia,6,Software Design,80.0,78.3,70.2,69.5
22-78752,Valentina Garcia,6,Routing and Switching (CISCO 2),79.1,60.8,76.1,69.2
22-78752,Valentina Garcia,6,Digital Signal Processing,80.0,66.6,69.3,60.9
22-78752,Valentina Garcia,6,Emerging Technologies in CpE,82.1,66.9,66.7,71.6
22-78752,Valentina Garcia,6,CpE Practice and Design 1,73.7,69.6,77.5,73.8
22-78752,Valentina Garcia,6,Cognate/Elective Course 2,82.0,80.4,70.8,67.1
22-78752,Valentina Garcia,7,Scaling Networks (CISCO 3),73.8,76.3,69.1,65.7
22-78752,Valentina Garcia,7,Operating Systems,81.3,82.4,74.6,79.1
22-78752,Valentina Garcia,7,Computer Architecture and Organization,73.8,64.7,76.9,64.1
22-78752,Valentina Garcia,7,Computer Engineering Drafting and Design,76.4,65.1,67.2,60.0
22-78752,Valentina Garcia,7,Connecting Networks and Security (CISCO 4),75.1,73.0,72.8,75.8
22-78752,Valentina Garcia,7,Embedded Systems,82.1,66.0,76.3,69.4
22-78752,Valentina Garcia,7,Seminars and Fieldtrips,76.9,75.0,73.3,64.0
22-78752,Valentina Garcia,7,Manufacturing and Quality Control,77.0,82.8,68.4,62.5
22-78752,Valentina Garcia,7,Cognate/Elective Course 3 (Data Mining / AI Track),77.3,68.6,61.9,66.3
22-78752,Valentina Garcia,7,ASEAN Literature,86.1,74.9,73.1,60.0
22-78752,Valentina Garcia,8,Technopreneurship,80.1,75.7,68.0,69.2
22-78752,Valentina Garcia,8,On-the-Job Training,78.5,68.8,74.0,75.3
22-78752,Valentina Garcia,8,CpE Practice and Design 2,76.1,69.9,71.0,73.3
22-92809,Diego Ramos,1,Introduction to Engineering,72.0,80.4,69.7,71.2
22-92809,Diego Ramos,1,Understanding the Self,75.9,73.5,82.9,61.3
22-92809,Diego Ramos,1,Mathematics in the Modern World,81.4,86.5,77.1,61.0
22-92809,Diego Ramos,1,Readings in Philippine History,71.6,72.4,74.7,71.1
22-92809,Diego Ramos,1,Purposive Communication,71.7,71.7,68.9,68.7
22-92809,Diego Ramos,1,Differential Calculus,90.4,70.5,67.1,62.2
22-92809,Diego Ramos,1,General Chemistry,82.3,75.8,67.6,66.9
22-92809,Diego Ramos,1,Computer Programming 1,76.0,80.1,91.2,74.4
22-92809,Diego Ramos,2,Engineering Drawing,78.1,72.3,65.1,73.7
22-92809,Diego Ramos,2,Contemporary World,83.4,74.1,81.0,69.9
22-92809,Diego Ramos,2,Art Appreciation,84.0,78.7,72.7,64.1
22-92809,Diego Ramos,2,"Science, Technology and Society",78.4,82.0,70.7,72.4
22-92809,Diego Ramos,2,Integral Calculus,71.9,80.8,74.8,61.8
22-92809,Diego Ramos,2,Physics 1,77.1,81.7,65.4,62.6
22-92809,Diego Ramos,3,Life and Works of Rizal,78.9,89.7,69.7,72.8
22-92809,Diego Ramos,3,Ethics,80.9,73.4,74.7,67.1
22-92809,Diego Ramos,3,Modern Biology,76.3,66.1,72.8,74.4
22-92809,Diego Ramos,3,Computer Engineering as a Discipline,79.7,83.5,77.2,69.4
22-92809,Diego Ramos,3,Programming Logic and Design,77.0,75.5,66.3,69.5
22-92809,Diego Ramos,3,Discrete Mathematics,79.3,86.4,76.1,63.8
22-92809,Diego Ramos,3,Fundamentals of Electrical Engineering,70.1,75.1,78.1,67.9
22-92809,Diego Ramos,3,Computer-Aided Design,81.9,75.2,77.5,60.0
22-92809,Diego Ramos,4,Engineering Economics,88.9,70.3,78.5,68.2
22-92809,Diego Ramos,4,Engineering Data Analysis,77.7,74.6,74.5,71.8
22-92809,Diego Ramos,4,Differential Equations,84.8,84.5,74.9,79.3
22-92809,Diego Ramos,4,Object Oriented Programming,81.4,84.8,77.7,67.8
22-92809,Diego Ramos,4,Advanced Engineering Mathematics for CpE,79.5,79.1,72.8,71.5
22-92809,Diego Ramos,4,Cognate/Elective Course 1,86.0,78.2,60.0,81.2
22-92809,Diego Ramos,4,Electronic Circuits: Devices and Analysis,76.9,71.4,66.4,67.2
22-92809,Diego Ramos,4,Basic Occupational Health and Safety,75.9,72.5,69.7,73.0
22-92809,Diego Ramos,4,Numerical Methods,90.6,81.0,79.7,66.8
22-92809,Diego Ramos,4,Kontekstwalisadong Komunikasyon sa Filipino,79.9,79.5,69.8,67.2
22-92809,Diego Ramos,5,Logic Circuits and Design,83.8,82.9,73.6,62.1
22-92809,Diego Ramos,5,Data Structures and Algorithms,79.0,69.7,75.6,72.6
22-92809,Diego Ramos,5,"Introduction to Networks, Data and Digital Communications (CISCO 1)",79.2,79.8,77.6,72.6
22-92809,Diego Ramos,5,Fundamentals of Mixed Signals and Sensors,71.5,74.8,75.6,78.7
22-92809,Diego Ramos,5,Feedback and Control Systems,76.8,79.4,78.2,67.9
22-92809,Diego Ramos,5,Introduction to HDL,85.6,83.5,81.5,72.0
22-92809,Diego Ramos,5,Research Methods,93.5,73.2,86.5,74.4
22-92809,Diego Ramos,5,Filipino sa Iba't Ibang Disiplina,87.4,75.0,78.8,78.4
22-92809,Diego Ramos,6,Microprocessors,72.2,75.4,60.3,68.2
22-92809,Diego Ramos,6,Software Design,75.9,77.1,92.7,81.4
22-92809,Diego Ramos,6,Routing and Switching (CISCO 2),72.2,81.7,79.9,69.1
22-92809,Diego Ramos,6,Digital Signal Processing,79.5,77.7,64.9,62.8
22-92809,Diego Ramos,6,Emerging Technologies in CpE,81.8,79.0,70.9,66.3
22-92809,Diego Ramos,6,CpE Practice and Design 1,78.8,82.2,73.3,79.5
22-92809,Diego Ramos,6,Cognate/Elective Course 2,76.6,79.5,73.0,74.6
22-92809,Diego Ramos,7,Scaling Networks (CISCO 3),76.1,89.9,65.0,81.4
22-92809,Diego Ramos,7,Operating Systems,81.3,81.7,83.1,76.2
22-92809,Diego Ramos,7,Computer Architecture and Organization,74.3,79.9,84.4,63.9
22-92809,Diego Ramos,7,Computer Engineering Drafting and Design,91.4,78.6,70.6,63.9
22-92809,Diego Ramos,7,Connecting Networks and Security (CISCO 4),79.5,66.6,72.6,69.5
22-92809,Diego Ramos,7,Embedded Systems,72.2,80.8,71.9,65.4
22-92809,Diego Ramos,7,Seminars and Fieldtrips,77.4,79.1,74.2,65.6
22-92809,Diego Ramos,7,Manufacturing and Quality Control,79.4,76.0,66.3,67.5
22-92809,Diego Ramos,7,Cognate/Elective Course 3 (Data Mining / AI Track),84.3,81.8,73.8,75.2
22-92809,Diego Ramos,7,ASEAN Literature,73.4,71.2,72.3,78.8
22-92809,Diego Ramos,8,Technopreneurship,80.3,75.3,83.0,68.1
22-92809,Diego Ramos,8,On-the-Job Training,92.7,73.9,67.7,68.8
22-92809,Diego Ramos,8,CpE Practice and Design 2,77.8,72.1,89.4,71.7
22-81931,Carla Flores,1,Introduction to Engineering,81.8,73.8,70.0,75.6
22-81931,Carla Flores,1,Understanding the Self,68.9,69.7,72.0,77.6
22-81931,Carla Flores,1,Mathematics in the Modern World,75.8,78.2,72.7,76.4
22-81931,Carla Flores,1,Readings in Philippine History,69.5,81.0,72.2,75.0
22-81931,Carla Flores,1,Purposive Communication,74.1,76.7,72.8,63.5
22-81931,Carla Flores,1,Differential Calculus,70.3,72.2,73.3,64.1
22-81931,Carla Flores,1,General Chemistry,76.0,64.4,70.3,74.8
22-81931,Carla Flores,1,Computer Programming 1,82.3,75.2,74.1,63.8
22-81931,Carla Flores,2,Engineering Drawing,90.5,90.8,76.1,86.6
22-81931,Carla Flores,2,Contemporary World,74.9,69.1,69.2,68.2
22-81931,Carla Flores,2,Art Appreciation,92.8,74.9,68.3,64.1
22-81931,Carla Flores,2,"Science, Technology and Society",85.8,82.6,70.5,60.0
22-81931,Carla Flores,2,Integral Calculus,71.3,86.0,76.7,69.1
22-81931,Carla Flores,2,Physics 1,89.2,87.4,72.3,68.6
22-81931,Carla Flores,3,Life and Works of Rizal,75.5,74.9,64.5,60.6
22-81931,Carla Flores,3,Ethics,68.6,83.1,64.1,81.2
22-81931,Carla Flores,3,Modern Biology,73.6,86.1,70.4,60.0
22-81931,Carla Flores,3,Computer Engineering as a Discipline,86.7,85.0,68.0,67.5
22-81931,Carla Flores,3,Programming Logic and Design,72.7,75.0,73.3,66.6
22-81931,Carla Flores,3,Discrete Mathematics,67.1,72.2,76.8,67.4
22-81931,Carla Flores,3,Fundamentals of Electrical Engineering,78.8,72.8,71.5,79.5
22-81931,Carla Flores,3,Computer-Aided Design,73.9,82.7,75.4,72.6
22-81931,Carla Flores,4,Engineering Economics,74.6,74.5,73.4,66.4
22-81931,Carla Flores,4,Engineering Data Analysis,80.0,78.4,85.6,70.3
22-81931,Carla Flores,4,Differential Equations,66.5,82.7,71.3,80.7
22-81931,Carla Flores,4,Object Oriented Programming,86.9,72.7,77.0,65.2
22-81931,Carla Flores,4,Advanced Engineering Mathematics for CpE,78.0,79.7,79.2,74.0
22-81931,Carla Flores,4,Cognate/Elective Course 1,78.6,90.7,70.5,60.0
22-81931,Carla Flores,4,Electronic Circuits: Devices and Analysis,72.3,87.2,74.7,72.0
22-81931,Carla Flores,4,Basic Occupational Health and Safety,75.7,73.9,68.7,72.3
22-81931,Carla Flores,4,Numerical Methods,77.4,78.3,74.6,66.1
22-81931,Carla Flores,4,Kontekstwalisadong Komunikasyon sa Filipino,70.2,67.3,91.6,78.4
22-81931,Carla Flores,5,Logic Circuits and Design,88.8,74.3,75.2,66.2
22-81931,Carla Flores,5,Data Structures and Algorithms,70.2,72.2,80.6,73.8
22-81931,Carla Flores,5,"Introduction to Networks, Data and Digital Communications (CISCO 1)",72.3,73.9,77.1,65.3
22-81931,Carla Flores,5,Fundamentals of Mixed Signals and Sensors,81.3,80.8,77.5,72.6
22-81931,Carla Flores,5,Feedback and Control Systems,74.1,72.4,65.8,60.0
22-81931,Carla Flores,5,Introduction to HDL,80.1,83.2,66.8,72.7
22-81931,Carla Flores,5,Research Methods,83.7,65.6,71.8,79.4
22-81931,Carla Flores,5,Filipino sa Iba't Ibang Disiplina,82.3,65.4,77.4,65.0
22-81931,Carla Flores,6,Microprocessors,84.9,74.2,74.8,67.9
22-81931,Carla Flores,6,Software Design,78.1,72.4,71.3,61.7
22-81931,Carla Flores,6,Routing and Switching (CISCO 2),81.1,76.8,62.9,74.7
22-81931,Carla Flores,6,Digital Signal Processing,77.0,76.7,77.1,70.6
22-81931,Carla Flores,6,Emerging Technologies in CpE,85.1,74.0,78.9,69.5
22-81931,Carla Flores,6,CpE Practice and Design 1,82.0,79.0,80.9,73.8
22-81931,Carla Flores,6,Cognate/Elective Course 2,75.5,71.9,72.3,64.2
22-81931,Carla Flores,7,Scaling Networks (CISCO 3),71.8,63.0,63.3,80.7
22-81931,Carla Flores,7,Operating Systems,74.2,87.2,75.1,68.4
22-81931,Carla Flores,7,Computer Architecture and Organization,71.8,78.4,86.5,80.4
22-81931,Carla Flores,7,Computer Engineering Drafting and Design,82.4,71.5,69.4,66.0
22-81931,Carla Flores,7,Connecting Networks and Security (CISCO 4),85.8,85.6,73.8,66.9
22-81931,Carla Flores,7,Embedded Systems,90.1,72.5,75.4,73.9
22-81931,Carla Flores,7,Seminars and Fieldtrips,73.8,72.8,69.2,78.0
22-81931,Carla Flores,7,Manufacturing and Quality Control,92.3,79.0,73.5,67.5
22-81931,Carla Flores,7,Cognate/Elective Course 3 (Data Mining / AI Track),78.1,72.5,72.1,71.2
22-81931,Carla Flores,7,ASEAN Literature,76.5,75.5,72.3,67.6
22-81931,Carla Flores,8,Technopreneurship,76.3,81.2,62.8,78.9
22-81931,Carla Flores,8,On-the-Job Training,79.8,80.3,77.8,65.2
22-81931,Carla Flores,8,CpE Practice and Design 2,73.5,70.4,72.0,73.7
22-56593,Mia Flores,1,Introduction to Engineering,70.0,75.0,60.0,62.4
22-56593,Mia Flores,1,Understanding the Self,80.5,70.3,63.4,60.7
22-56593,Mia Flores,1,Mathematics in the Modern World,60.0,65.1,74.6,61.1
22-56593,Mia Flores,1,Readings in Philippine History,70.7,60.0,60.0,71.8
22-56593,Mia Flores,1,Purposive Communication,77.2,63.5,64.6,64.5
22-56593,Mia Flores,1,Differential Calculus,66.2,60.0,67.3,68.0
22-56593,Mia Flores,1,General Chemistry,76.9,76.4,60.0,64.9
22-56593,Mia Flores,1,Computer Programming 1,70.7,69.6,66.0,60.0
22-56593,Mia Flores,2,Engineering Drawing,60.0,79.6,71.6,60.0
22-56593,Mia Flores,2,Contemporary World,76.4,68.6,65.9,60.1
22-56593,Mia Flores,2,Art Appreciation,76.7,66.5,61.8,71.5
22-56593,Mia Flores,2,"Science, Technology and Society",72.4,70.4,72.5,60.7
22-56593,Mia Flores,2,Integral Calculus,70.6,73.0,60.0,65.9
22-56593,Mia Flores,2,Physics 1,68.8,76.3,71.5,67.1
22-56593,Mia Flores,3,Life and Works of Rizal,63.9,70.7,61.3,64.5
22-56593,Mia Flores,3,Ethics,60.0,62.1,75.5,66.9
22-56593,Mia Flores,3,Modern Biology,71.3,65.7,61.7,65.8
22-56593,Mia Flores,3,Computer Engineering as a Discipline,71.5,80.6,67.3,65.0
22-56593,Mia Flores,3,Programming Logic and Design,64.0,68.0,68.3,61.4
22-56593,Mia Flores,3,Discrete Mathematics,70.5,73.1,77.3,65.4
22-56593,Mia Flores,3,Fundamentals of Electrical Engineering,81.7,76.4,76.1,62.2
22-56593,Mia Flores,3,Computer-Aided Design,73.6,71.4,72.9,70.6
22-56593,Mia Flores,4,Engineering Economics,74.3,76.6,65.0,70.0
22-56593,Mia Flores,4,Engineering Data Analysis,79.5,75.2,69.0,68.8
22-56593,Mia Flores,4,Differential Equations,68.0,72.4,70.0,60.0
22-56593,Mia Flores,4,Object Oriented Programming,75.1,62.6,64.7,63.8
22-56593,Mia Flores,4,Advanced Engineering Mathematics for CpE,69.0,71.7,68.6,60.0
22-56593,Mia Flores,4,Cognate/Elective Course 1,75.7,65.5,81.0,63.0
22-56593,Mia Flores,4,Electronic Circuits: Devices and Analysis,67.9,66.7,76.5,63.4
22-56593,Mia Flores,4,Basic Occupational Health and Safety,65.3,76.4,65.9,68.6
22-56593,Mia Flores,4,Numerical Methods,79.0,72.8,82.6,60.0
22-56593,Mia Flores,4,Kontekstwalisadong Komunikasyon sa Filipino,68.6,69.8,81.9,75.5
22-56593,Mia Flores,5,Logic Circuits and Design,82.6,67.9,65.6,60.9
22-56593,Mia Flores,5,Data Structures and Algorithms,67.6,79.1,65.8,62.9
22-56593,Mia Flores,5,"Introduction to Networks, Data and Digital Communications (CISCO 1)",76.9,60.1,67.5,60.0
22-56593,Mia Flores,5,Fundamentals of Mixed Signals and Sensors,73.1,69.1,65.8,67.2
22-56593,Mia Flores,5,Feedback and Control Systems,74.7,69.9,70.5,60.0
22-56593,Mia Flores,5,Introduction to HDL,79.0,71.4,66.7,61.1
22-56593,Mia Flores,5,Research Methods,72.1,82.5,68.0,60.0
22-56593,Mia Flores,5,Filipino sa Iba't Ibang Disiplina,79.0,68.5,70.1,61.1
22-56593,Mia Flores,6,Microprocessors,82.6,69.1,78.0,60.0
22-56593,Mia Flores,6,Software Design,70.5,78.5,68.2,77.2
22-56593,Mia Flores,6,Routing and Switching (CISCO 2),70.7,71.7,78.7,60.0
22-56593,Mia Flores,6,Digital Signal Processing,63.5,66.4,73.1,60.0
22-56593,Mia Flores,6,Emerging Technologies in CpE,75.9,73.3,79.3,69.9
22-56593,Mia Flores,6,CpE Practice and Design 1,75.7,79.5,71.6,61.9
22-56593,Mia Flores,6,Cognate/Elective Course 2,65.4,66.7,67.0,64.7
22-56593,Mia Flores,7,Scaling Networks (CISCO 3),60.0,68.8,67.4,66.9
22-56593,Mia Flores,7,Operating Systems,82.0,71.2,61.8,60.0
22-56593,Mia Flores,7,Computer Architecture and Organization,79.0,67.4,74.8,74.3
22-56593,Mia Flores,7,Computer Engineering Drafting and Design,65.6,76.0,77.4,72.0
22-56593,Mia Flores,7,Connecting Networks and Security (CISCO 4),60.0,65.0,60.0,66.8
22-56593,Mia Flores,7,Embedded Systems,77.4,60.0,67.8,70.7
22-56593,Mia Flores,7,Seminars and Fieldtrips,74.4,72.2,66.2,60.0
22-56593,Mia Flores,7,Manufacturing and Quality Control,74.8,72.9,73.3,70.1
22-56593,Mia Flores,7,Cognate/Elective Course 3 (Data Mining / AI Track),72.8,76.7,65.0,60.0
22-56593,Mia Flores,7,ASEAN Literature,76.4,72.1,71.3,60.0
22-56593,Mia Flores,8,Technopreneurship,84.3,75.6,66.6,60.0
22-56593,Mia Flores,8,On-the-Job Training,80.0,64.7,81.9,61.0
22-56593,Mia Flores,8,CpE Practice and Design 2,83.8,70.2,77.9,60.3
22-54293,Elena Ramos,1,Introduction to Engineering,75.1,77.6,73.7,72.6
22-54293,Elena Ramos,1,Understanding the Self,72.1,73.2,77.2,61.7
22-54293,Elena Ramos,1,Mathematics in the Modern World,79.8,72.7,72.2,67.7
22-54293,Elena Ramos,1,Readings in Philippine History,70.2,71.2,70.6,65.4
22-54293,Elena Ramos,1,Purposive Communication,84.4,78.8,71.5,61.4
22-54293,Elena Ramos,1,Differential Calculus,71.4,85.9,64.9,67.9
22-54293,Elena Ramos,1,General Chemistry,78.5,72.2,65.0,62.5
22-54293,Elena Ramos,1,Computer Programming 1,72.6,69.3,78.5,66.7
22-54293,Elena Ramos,2,Engineering Drawing,69.6,71.2,71.7,61.9
22-54293,Elena Ramos,2,Contemporary World,80.4,65.1,76.8,65.9
22-54293,Elena Ramos,2,Art Appreciation,74.7,68.6,62.4,60.0
22-54293,Elena Ramos,2,"Science, Technology and Society",70.4,76.3,64.0,60.0
22-54293,Elena Ramos,2,Integral Calculus,70.9,71.7,68.9,66.4
22-54293,Elena Ramos,2,Physics 1,82.5,81.5,83.0,60.0
22-54293,Elena Ramos,3,Life and Works of Rizal,69.8,76.9,67.0,71.1
22-54293,Elena Ramos,3,Ethics,76.2,82.2,76.0,72.3
22-54293,Elena Ramos,3,Modern Biology,73.9,73.5,69.2,60.0
22-54293,Elena Ramos,3,Computer Engineering as a Discipline,83.8,77.2,67.7,73.8
22-54293,Elena Ramos,3,Programming Logic and Design,72.1,62.6,76.6,60.0
22-54293,Elena Ramos,3,Discrete Mathematics,75.2,75.3,73.3,72.3
22-54293,Elena Ramos,3,Fundamentals of Electrical Engineering,76.2,73.9,62.9,65.8
22-54293,Elena Ramos,3,Computer-Aided Design,63.7,79.9,60.0,61.9
22-54293,Elena Ramos,4,Engineering Economics,67.1,68.3,69.8,62.8
22-54293,Elena Ramos,4,Engineering Data Analysis,83.2,75.4,68.2,66.4
22-54293,Elena Ramos,4,Differential Equations,83.7,79.5,64.2,63.1
22-54293,Elena Ramos,4,Object Oriented Programming,78.7,75.7,64.2,71.3
22-54293,Elena Ramos,4,Advanced Engineering Mathematics for CpE,71.0,81.9,74.2,60.4
22-54293,Elena Ramos,4,Cognate/Elective Course 1,72.7,70.3,71.5,65.5
22-54293,Elena Ramos,4,Electronic Circuits: Devices and Analysis,65.9,62.2,70.9,65.7
22-54293,Elena Ramos,4,Basic Occupational Health and Safety,75.6,74.4,66.0,67.1
22-54293,Elena Ramos,4,Numerical Methods,91.6,81.1,69.3,64.0
22-54293,Elena Ramos,4,Kontekstwalisadong Komunikasyon sa Filipino,60.0,79.1,74.4,62.7
22-54293,Elena Ramos,5,Logic Circuits and Design,64.1,63.6,70.3,63.5
22-54293,Elena Ramos,5,Data Structures and Algorithms,80.0,74.1,76.4,69.0
22-54293,Elena Ramos,5,"Introduction to Networks, Data and Digital Communications (CISCO 1)",80.8,61.0,63.1,64.6
22-54293,Elena Ramos,5,Fundamentals of Mixed Signals and Sensors,79.2,81.8,66.7,60.3
22-54293,Elena Ramos,5,Feedback and Control Systems,64.6,79.2,67.7,84.9
22-54293,Elena Ramos,5,Introduction to HDL,68.3,83.2,72.1,60.0
22-54293,Elena Ramos,5,Research Methods,76.4,77.4,68.4,71.0
22-54293,Elena Ramos,5,Filipino sa Iba't Ibang Disiplina,79.9,76.3,69.6,60.0
22-54293,Elena Ramos,6,Microprocessors,72.3,71.6,60.0,65.0
22-54293,Elena Ramos,6,Software Design,75.3,65.8,68.6,64.9
22-54293,Elena Ramos,6,Routing and Switching (CISCO 2),87.4,74.9,76.8,66.1
22-54293,Elena Ramos,6,Digital Signal Processing,65.1,78.1,67.0,65.2
22-54293,Elena Ramos,6,Emerging Technologies in CpE,69.5,74.0,76.9,72.4
22-54293,Elena Ramos,6,CpE Practice and Design 1,84.5,83.1,60.0,60.0
22-54293,Elena Ramos,6,Cognate/Elective Course 2,65.0,77.4,66.4,63.8
22-54293,Elena Ramos,7,Scaling Networks (CISCO 3),74.6,75.9,61.6,60.0
22-54293,Elena Ramos,7,Operating Systems,75.9,80.8,70.4,62.0
22-54293,Elena Ramos,7,Computer Architecture and Organization,60.0,76.3,63.2,60.0
22-54293,Elena Ramos,7,Computer Engineering Drafting and Design,62.4,61.9,61.9,62.6
22-54293,Elena Ramos,7,Connecting Networks and Security (CISCO 4),68.6,74.7,69.1,80.1
22-54293,Elena Ramos,7,Embedded Systems,62.5,71.5,68.7,60.0
22-54293,Elena Ramos,7,Seminars and Fieldtrips,75.5,77.3,70.3,74.3
22-54293,Elena Ramos,7,Manufacturing and Quality Control,60.0,65.5,76.5,69.5
22-54293,Elena Ramos,7,Cognate/Elective Course 3 (Data Mining / AI Track),79.1,81.0,60.0,71.5
22-54293,Elena Ramos,7,ASEAN Literature,81.4,68.8,85.5,67.2
22-54293,Elena Ramos,8,Technopreneurship,61.8,75.0,65.4,73.0
22-54293,Elena Ramos,8,On-the-Job Training,78.3,69.1,78.7,71.6
22-54293,Elena Ramos,8,CpE Practice and Design 2,70.0,71.8,72.8,63.8
22-31213,Carla Flores,1,Introduction to Engineering,72.9,72.9,63.3,60.0
22-31213,Carla Flores,1,Understanding the Self,76.4,60.7,63.7,60.0
22-31213,Carla Flores,1,Mathematics in the Modern World,63.6,73.8,67.0,63.1
22-31213,Carla Flores,1,Readings in Philippine History,67.0,68.7,71.9,65.6
22-31213,Carla Flores,1,Purposive Communication,79.9,78.5,68.2,60.0
22-31213,Carla Flores,1,Differential Calculus,69.0,70.7,63.7,60.0
22-31213,Carla Flores,1,General Chemistry,73.9,85.9,65.4,64.7
22-31213,Carla Flores,1,Computer Programming 1,67.7,80.7,75.5,71.3
22-31213,Carla Flores,2,Engineering Drawing,83.9,70.9,68.6,76.9
22-31213,Carla Flores,2,Contemporary World,78.7,60.0,72.4,62.4
22-31213,Carla Flores,2,Art Appreciation,80.3,75.1,60.0,67.5
22-31213,Carla Flores,2,"Science, Technology and Society",76.2,74.8,73.1,74.9
22-31213,Carla Flores,2,Integral Calculus,76.0,71.4,75.2,78.1
22-31213,Carla Flores,2,Physics 1,79.0,72.5,70.9,66.2
22-31213,Carla Flores,3,Life and Works of Rizal,75.0,85.7,65.2,72.9
22-31213,Carla Flores,3,Ethics,74.2,63.8,68.5,62.6
22-31213,Carla Flores,3,Modern Biology,77.0,71.8,62.2,73.5
22-31213,Carla Flores,3,Computer Engineering as a Discipline,81.5,82.2,71.1,65.7
22-31213,Carla Flores,3,Programming Logic and Design,79.8,69.8,71.0,65.4
22-31213,Carla Flores,3,Discrete Mathematics,64.7,72.0,65.7,63.2
22-31213,Carla Flores,3,Fundamentals of Electrical Engineering,77.9,81.1,65.3,64.6
22-31213,Carla Flores,3,Computer-Aided Design,71.1,68.5,66.8,65.4
22-31213,Carla Flores,4,Engineering Economics,78.4,74.6,63.3,73.7
22-31213,Carla Flores,4,Engineering Data Analysis,79.2,65.9,75.7,66.6
22-31213,Carla Flores,4,Differential Equations,72.6,73.4,68.2,67.9
22-31213,Carla Flores,4,Object Oriented Programming,76.7,71.3,60.0,69.6
22-31213,Carla Flores,4,Advanced Engineering Mathematics for CpE,71.2,76.0,71.2,62.6
22-31213,Carla Flores,4,Cognate/Elective Course 1,81.7,74.5,71.2,65.7
22-31213,Carla Flores,4,Electronic Circuits: Devices and Analysis,85.8,69.2,68.5,60.0
22-31213,Carla Flores,4,Basic Occupational Health and Safety,79.3,69.2,66.9,62.8
22-31213,Carla Flores,4,Numerical Methods,73.9,63.8,60.0,67.4
22-31213,Carla Flores,4,Kontekstwalisadong Komunikasyon sa Filipino,62.2,77.8,79.0,64.9
22-31213,Carla Flores,5,Logic Circuits and Design,83.5,73.3,80.0,63.9
22-31213,Carla Flores,5,Data Structures and Algorithms,61.4,72.8,80.5,69.7
22-31213,Carla Flores,5,"Introduction to Networks, Data and Digital Communications (CISCO 1)",72.5,75.3,76.1,66.0
22-31213,Carla Flores,5,Fundamentals of Mixed Signals and Sensors,91.5,70.3,76.4,71.2
22-31213,Carla Flores,5,Feedback and Control Systems,69.3,68.7,74.5,65.5
22-31213,Carla Flores,5,Introduction to HDL,77.7,63.6,74.3,68.3
22-31213,Carla Flores,5,Research Methods,74.5,74.8,67.2,62.4
22-31213,Carla Flores,5,Filipino sa Iba't Ibang Disiplina,73.5,69.9,82.8,71.4
22-31213,Carla Flores,6,Microprocessors,69.9,85.7,67.8,66.8
22-31213,Carla Flores,6,Software Design,80.9,61.5,68.8,63.0
22-31213,Carla Flores,6,Routing and Switching (CISCO 2),76.8,75.5,69.8,65.7
22-31213,Carla Flores,6,Digital Signal Processing,79.9,73.1,68.6,65.6
22-31213,Carla Flores,6,Emerging Technologies in CpE,86.6,74.3,67.2,60.0
22-31213,Carla Flores,6,CpE Practice and Design 1,66.3,69.9,69.0,62.6
22-31213,Carla Flores,6,Cognate/Elective Course 2,77.7,69.9,64.8,70.2
22-31213,Carla Flores,7,Scaling Networks (CISCO 3),83.8,66.6,71.7,60.0
22-31213,Carla Flores,7,Operating Systems,66.7,69.7,77.1,61.8
22-31213,Carla Flores,7,Computer Architecture and Organization,70.8,73.7,70.6,61.9
22-31213,Carla Flores,7,Computer Engineering Drafting and Design,87.6,71.8,71.1,64.2
22-31213,Carla Flores,7,Connecting Networks and Security (CISCO 4),78.2,80.7,80.2,61.9
22-31213,Carla Flores,7,Embedded Systems,82.3,76.7,76.3,66.1
22-31213,Carla Flores,7,Seminars and Fieldtrips,73.8,78.3,75.4,75.3
22-31213,Carla Flores,7,Manufacturing and Quality Control,76.9,72.8,60.0,60.0
22-31213,Carla Flores,7,Cognate/Elective Course 3 (Data Mining / AI Track),73.2,66.7,75.1,60.0
22-31213,Carla Flores,7,ASEAN Literature,71.9,69.9,76.9,62.3
22-31213,Carla Flores,8,Technopreneurship,77.6,73.8,75.1,71.0
22-31213,Carla Flores,8,On-the-Job Training,74.7,62.5,68.3,65.8
22-31213,Carla Flores,8,CpE Practice and Design 2,76.6,68.2,76.5,66.0
22-63962,Diego Aquino,1,Introduction to Engineering,70.0,70.6,81.8,70.5
22-63962,Diego Aquino,1,Understanding the Self,81.9,67.1,66.1,62.4
22-63962,Diego Aquino,1,Mathematics in the Modern World,74.7,70.4,65.6,62.6
22-63962,Diego Aquino,1,Readings in Philippine History,70.8,72.2,77.0,60.0
22-63962,Diego Aquino,1,Purposive Communication,77.6,81.6,69.2,63.3
22-63962,Diego Aquino,1,Differential Calculus,79.2,65.5,68.4,60.0
22-63962,Diego Aquino,1,General Chemistry,62.4,70.5,60.9,64.7
22-63962,Diego Aquino,1,Computer Programming 1,84.0,86.1,72.4,74.1
22-63962,Diego Aquino,2,Engineering Drawing,78.2,71.2,60.0,76.5
22-63962,Diego Aquino,2,Contemporary World,69.3,81.6,73.5,60.6
22-63962,Diego Aquino,2,Art Appreciation,77.4,86.1,79.5,63.4
22-63962,Diego Aquino,2,"Science, Technology and Society",71.3,73.9,69.3,73.7
22-63962,Diego Aquino,2,Integral Calculus,78.1,61.3,71.2,63.7
22-63962,Diego Aquino,2,Physics 1,73.9,72.9,75.7,70.7
22-63962,Diego Aquino,3,Life and Works of Rizal,71.1,72.9,67.6,60.0
22-63962,Diego Aquino,3,Ethics,74.9,84.4,60.0,66.4
22-63962,Diego Aquino,3,Modern Biology,73.3,73.2,62.7,60.0
22-63962,Diego Aquino,3,Computer Engineering as a Discipline,67.3,81.3,64.4,63.5
22-63962,Diego Aquino,3,Programming Logic and Design,89.9,70.6,73.9,74.4
22-63962,Diego Aquino,3,Discrete Mathematics,79.7,63.4,64.2,66.6
22-63962,Diego Aquino,3,Fundamentals of Electrical Engineering,87.4,68.9,67.5,69.2
22-63962,Diego Aquino,3,Computer-Aided Design,79.5,77.6,65.4,63.5
22-63962,Diego Aquino,4,Engineering Economics,76.9,80.9,68.8,66.4
22-63962,Diego Aquino,4,Engineering Data Analysis,67.5,82.6,69.4,71.3
22-63962,Diego Aquino,4,Differential Equations,73.8,71.9,60.0,60.0
22-63962,Diego Aquino,4,Object Oriented Programming,84.8,75.4,73.1,60.5
22-63962,Diego Aquino,4,Advanced Engineering Mathematics for CpE,68.2,77.8,78.9,61.1
22-63962,Diego Aquino,4,Cognate/Elective Course 1,81.3,76.1,71.1,79.1
22-63962,Diego Aquino,4,Electronic Circuits: Devices and Analysis,73.1,81.0,72.8,66.6
22-63962,Diego Aquino,4,Basic Occupational Health and Safety,83.8,75.0,69.7,74.8
22-63962,Diego Aquino,4,Numerical Methods,81.1,78.6,60.0,67.4
22-63962,Diego Aquino,4,Kontekstwalisadong Komunikasyon sa Filipino,76.8,73.1,73.9,68.1
22-63962,Diego Aquino,5,Logic Circuits and Design,79.9,71.9,79.5,71.4
22-63962,Diego Aquino,5,Data Structures and Algorithms,80.5,77.9,78.8,74.1
22-63962,Diego Aquino,5,"Introduction to Networks, Data and Digital Communications (CISCO 1)",76.6,80.9,72.9,79.5
22-63962,Diego Aquino,5,Fundamentals of Mixed Signals and Sensors,82.4,69.8,84.5,60.0
22-63962,Diego Aquino,5,Feedback and Control Systems,77.5,67.3,79.8,66.3
22-63962,Diego Aquino,5,Introduction to HDL,71.0,71.9,66.2,64.9
22-63962,Diego Aquino,5,Research Methods,73.6,68.8,71.9,68.8
22-63962,Diego Aquino,5,Filipino sa Iba't Ibang Disiplina,69.6,63.4,72.1,69.7
22-63962,Diego Aquino,6,Microprocessors,80.2,76.8,79.9,72.7
22-63962,Diego Aquino,6,Software Design,93.4,93.6,61.3,60.0
22-63962,Diego Aquino,6,Routing and Switching (CISCO 2),77.2,78.0,71.4,72.2
22-63962,Diego Aquino,6,Digital Signal Processing,72.0,67.3,65.2,63.6
22-63962,Diego Aquino,6,Emerging Technologies in CpE,82.3,72.0,70.1,71.4
22-63962,Diego Aquino,6,CpE Practice and Design 1,74.4,80.0,64.8,60.0
22-63962,Diego Aquino,6,Cognate/Elective Course 2,79.1,77.4,66.7,76.1
22-63962,Diego Aquino,7,Scaling Networks (CISCO 3),88.8,71.2,80.8,60.0
22-63962,Diego Aquino,7,Operating Systems,83.7,69.8,77.7,62.2
22-63962,Diego Aquino,7,Computer Architecture and Organization,75.4,68.7,69.2,77.7
22-63962,Diego Aquino,7,Computer Engineering Drafting and Design,75.1,86.2,68.2,75.6
22-63962,Diego Aquino,7,Connecting Networks and Security (CISCO 4),67.5,73.2,68.6,77.2
22-63962,Diego Aquino,7,Embedded Systems,76.9,61.0,62.6,60.6
22-63962,Diego Aquino,7,Seminars and Fieldtrips,81.2,78.1,68.5,63.2
22-63962,Diego Aquino,7,Manufacturing and Quality Control,80.1,66.7,73.2,68.9
22-63962,Diego Aquino,7,Cognate/Elective Course 3 (Data Mining / AI Track),75.6,77.3,72.5,71.0
22-63962,Diego Aquino,7,ASEAN Literature,67.6,77.0,76.4,68.4
22-63962,Diego Aquino,8,Technopreneurship,79.2,72.6,75.6,66.9
22-63962,Diego Aquino,8,On-the-Job Training,68.7,78.2,60.5,68.2
22-63962,Diego Aquino,8,CpE Practice and Design 2,73.3,70.6,71.3,62.2
22-22522,Alex Garcia,1,Introduction to Engineering,80.7,75.6,68.5,76.3
22-22522,Alex Garcia,1,Understanding the Self,78.8,79.1,80.7,76.7
22-22522,Alex Garcia,1,Mathematics in the Modern World,81.0,73.3,63.5,69.4
22-22522,Alex Garcia,1,Readings in Philippine History,84.2,77.4,60.0,73.5
22-22522,Alex Garcia,1,Purposive Communication,83.2,73.5,78.1,72.1
22-22522,Alex Garcia,1,Differential Calculus,73.4,82.8,64.4,67.8
22-22522,Alex Garcia,1,General Chemistry,76.5,70.2,73.9,76.0
22-22522,Alex Garcia,1,Computer Programming 1,85.4,79.9,62.3,60.5
22-22522,Alex Garcia,2,Engineering Drawing,78.4,74.9,69.0,79.6
22-22522,Alex Garcia,2,Contemporary World,78.2,78.5,78.1,68.6
22-22522,Alex Garcia,2,Art Appreciation,93.1,69.6,68.5,62.6
22-22522,Alex Garcia,2,"Science, Technology and Society",87.0,80.1,68.9,63.1
22-22522,Alex Garcia,2,Integral Calculus,85.8,77.3,80.5,67.8
22-22522,Alex Garcia,2,Physics 1,80.5,77.0,68.3,67.3
22-22522,Alex Garcia,3,Life and Works of Rizal,70.5,78.2,76.7,74.2
22-22522,Alex Garcia,3,Ethics,81.6,74.5,81.5,73.6
22-22522,Alex Garcia,3,Modern Biology,85.8,83.9,71.3,70.5
22-22522,Alex Garcia,3,Computer Engineering as a Discipline,82.2,68.4,65.4,60.5
22-22522,Alex Garcia,3,Programming Logic and Design,77.2,73.5,63.8,69.4
22-22522,Alex Garcia,3,Discrete Mathematics,76.9,82.2,84.1,70.9
22-22522,Alex Garcia,3,Fundamentals of Electrical Engineering,73.3,79.0,72.1,66.7
22-22522,Alex Garcia,3,Computer-Aided Design,72.3,72.3,71.0,73.0
22-22522,Alex Garcia,4,Engineering Economics,80.7,86.2,76.2,70.8
22-22522,Alex Garcia,4,Engineering Data Analysis,75.6,68.9,68.6,64.0
22-22522,Alex Garcia,4,Differential Equations,62.1,69.1,81.7,70.4
22-22522,Alex Garcia,4,Object Oriented Programming,75.6,77.9,60.7,70.2
22-22522,Alex Garcia,4,Advanced Engineering Mathematics for CpE,85.1,74.4,61.4,65.7
22-22522,Alex Garcia,4,Cognate/Elective Course 1,85.6,77.1,63.9,82.7
22-22522,Alex Garcia,4,Electronic Circuits: Devices and Analysis,69.9,73.7,65.8,61.9
22-22522,Alex Garcia,4,Basic Occupational Health and Safety,74.9,79.1,79.9,66.0
22-22522,Alex Garcia,4,Numerical Methods,71.4,78.0,75.1,69.6
22-22522,Alex Garcia,4,Kontekstwalisadong Komunikasyon sa Filipino,79.3,74.6,72.8,67.2
22-22522,Alex Garcia,5,Logic Circuits and Design,83.9,88.5,73.1,68.1
22-22522,Alex Garcia,5,Data Structures and Algorithms,79.4,71.6,77.0,71.2
22-22522,Alex Garcia,5,"Introduction to Networks, Data and Digital Communications (CISCO 1)",75.4,81.0,72.5,62.7
22-22522,Alex Garcia,5,Fundamentals of Mixed Signals and Sensors,79.6,76.5,77.8,73.1
22-22522,Alex Garcia,5,Feedback and Control Systems,76.8,72.3,72.1,70.4
22-22522,Alex Garcia,5,Introduction to HDL,80.3,76.9,71.5,74.1
22-22522,Alex Garcia,5,Research Methods,73.6,90.1,76.7,61.5
22-22522,Alex Garcia,5,Filipino sa Iba't Ibang Disiplina,78.7,79.9,70.1,60.0
22-22522,Alex Garcia,6,Microprocessors,71.2,78.4,61.5,60.0
22-22522,Alex Garcia,6,Software Design,81.1,74.2,68.3,65.6
22-22522,Alex Garcia,6,Routing and Switching (CISCO 2),69.1,78.4,67.6,65.3
22-22522,Alex Garcia,6,Digital Signal Processing,79.6,73.6,67.8,60.0
22-22522,Alex Garcia,6,Emerging Technologies in CpE,80.1,76.0,69.3,62.3
22-22522,Alex Garcia,6,CpE Practice and Design 1,77.7,78.2,72.8,78.1
22-22522,Alex Garcia,6,Cognate/Elective Course 2,82.1,74.9,76.9,68.8
22-22522,Alex Garcia,7,Scaling Networks (CISCO 3),78.2,83.3,67.0,68.7
22-22522,Alex Garcia,7,Operating Systems,85.0,77.4,70.2,60.0
22-22522,Alex Garcia,7,Computer Architecture and Organization,63.8,87.6,73.9,64.6
22-22522,Alex Garcia,7,Computer Engineering Drafting and Design,79.5,69.4,70.0,62.5
22-22522,Alex Garcia,7,Connecting Networks and Security (CISCO 4),69.4,62.9,62.8,74.7
22-22522,Alex Garcia,7,Embedded Systems,71.5,78.3,77.8,68.2
22-22522,Alex Garcia,7,Seminars and Fieldtrips,75.8,76.1,69.7,75.5
22-22522,Alex Garcia,7,Manufacturing and Quality Control,88.7,83.8,60.0,65.5
22-22522,Alex Garcia,7,Cognate/Elective Course 3 (Data Mining / AI Track),77.9,78.3,62.1,60.0
22-22522,Alex Garcia,7,ASEAN Literature,85.4,71.9,63.2,61.7
22-22522,Alex Garcia,8,Technopreneurship,79.9,70.3,73.6,62.4
22-22522,Alex Garcia,8,On-the-Job Training,67.1,83.8,74.6,66.3
22-22522,Alex Garcia,8,CpE Practice and Design 2,74.5,84.1,75.7,75.2
22-93810,Carla Dela Cruz,1,Introduction to Engineering,81.5,82.8,81.5,71.5
22-93810,Carla Dela Cruz,1,Understanding the Self,84.4,79.0,81.4,66.9
22-93810,Carla Dela Cruz,1,Mathematics in the Modern World,88.9,84.7,78.2,77.9
22-93810,Carla Dela Cruz,1,Readings in Philippine History,82.8,78.4,82.3,78.3
22-93810,Carla Dela Cruz,1,Purposive Communication,82.0,78.9,78.0,71.5
22-93810,Carla Dela Cruz,1,Differential Calculus,94.6,84.8,79.5,69.6
22-93810,Carla Dela Cruz,1,General Chemistry,89.9,79.2,75.5,79.8
22-93810,Carla Dela Cruz,1,Computer Programming 1,88.7,68.7,79.3,76.7
22-93810,Carla Dela Cruz,2,Engineering Drawing,81.2,81.7,66.6,60.0
22-93810,Carla Dela Cruz,2,Contemporary World,79.1,84.1,60.0,69.7
22-93810,Carla Dela Cruz,2,Art Appreciation,73.5,81.0,90.8,73.5
22-93810,Carla Dela Cruz,2,"Science, Technology and Society",84.4,87.5,79.2,73.5
22-93810,Carla Dela Cruz,2,Integral Calculus,91.0,85.7,81.2,74.3
22-93810,Carla Dela Cruz,2,Physics 1,83.4,88.4,77.4,82.6
22-93810,Carla Dela Cruz,3,Life and Works of Rizal,78.7,91.1,81.9,69.0
22-93810,Carla Dela Cruz,3,Ethics,88.1,78.6,79.3,71.9
22-93810,Carla Dela Cruz,3,Modern Biology,84.6,88.5,82.6,68.4
22-93810,Carla Dela Cruz,3,Computer Engineering as a Discipline,78.6,84.1,81.1,70.8
22-93810,Carla Dela Cruz,3,Programming Logic and Design,95.9,88.6,76.5,71.6
22-93810,Carla Dela Cruz,3,Discrete Mathematics,84.1,80.9,87.0,81.1
22-93810,Carla Dela Cruz,3,Fundamentals of Electrical Engineering,83.5,84.8,82.4,73.6
22-93810,Carla Dela Cruz,3,Computer-Aided Design,85.7,84.3,80.3,68.6
22-93810,Carla Dela Cruz,4,Engineering Economics,80.9,80.7,74.8,66.0
22-93810,Carla Dela Cruz,4,Engineering Data Analysis,89.5,84.9,71.4,73.7
22-93810,Carla Dela Cruz,4,Differential Equations,84.3,84.0,73.0,67.1
22-93810,Carla Dela Cruz,4,Object Oriented Programming,89.4,74.5,78.9,74.0
22-93810,Carla Dela Cruz,4,Advanced Engineering Mathematics for CpE,84.7,84.4,89.0,65.6
22-93810,Carla Dela Cruz,4,Cognate/Elective Course 1,91.6,68.7,88.6,63.7
22-93810,Carla Dela Cruz,4,Electronic Circuits: Devices and Analysis,97.9,78.4,85.2,79.8
22-93810,Carla Dela Cruz,4,Basic Occupational Health and Safety,82.4,80.3,74.0,79.5
22-93810,Carla Dela Cruz,4,Numerical Methods,82.9,78.0,82.7,69.8
22-93810,Carla Dela Cruz,4,Kontekstwalisadong Komunikasyon sa Filipino,83.0,83.1,75.2,71.9
22-93810,Carla Dela Cruz,5,Logic Circuits and Design,92.5,79.5,75.3,72.2
22-93810,Carla Dela Cruz,5,Data Structures and Algorithms,89.1,77.5,82.8,77.5
22-93810,Carla Dela Cruz,5,"Introduction to Networks, Data and Digital Communications (CISCO 1)",75.6,94.5,89.0,71.2
22-93810,Carla Dela Cruz,5,Fundamentals of Mixed Signals and Sensors,76.5,82.1,68.9,81.4
22-93810,Carla Dela Cruz,5,Feedback and Control Systems,82.6,92.6,74.5,74.5
22-93810,Carla Dela Cruz,5,Introduction to HDL,90.9,78.8,79.1,79.8
22-93810,Carla Dela Cruz,5,Research Methods,81.7,74.9,70.3,78.3
22-93810,Carla Dela Cruz,5,Filipino sa Iba't Ibang Disiplina,87.3,88.8,77.4,66.2
22-93810,Carla Dela Cruz,6,Microprocessors,69.1,98.0,80.6,74.1
22-93810,Carla Dela Cruz,6,Software Design,88.0,75.1,75.5,86.4
22-93810,Carla Dela Cruz,6,Routing and Switching (CISCO 2),90.3,79.2,72.9,72.9
22-93810,Carla Dela Cruz,6,Digital Signal Processing,83.5,95.2,78.3,68.0
22-93810,Carla Dela Cruz,6,Emerging Technologies in CpE,86.0,85.3,72.6,78.4
22-93810,Carla Dela Cruz,6,CpE Practice and Design 1,92.3,83.3,74.3,71.6
22-93810,Carla Dela Cruz,6,Cognate/Elective Course 2,76.4,82.9,82.1,70.6
22-93810,Carla Dela Cruz,7,Scaling Networks (CISCO 3),98.0,88.5,69.5,65.3
22-93810,Carla Dela Cruz,7,Operating Systems,80.4,93.2,85.6,85.7
22-93810,Carla Dela Cruz,7,Computer Architecture and Organization,83.3,79.5,69.9,75.4
22-93810,Carla Dela Cruz,7,Computer Engineering Drafting and Design,82.1,79.3,87.1,72.5
22-93810,Carla Dela Cruz,7,Connecting Networks and Security (CISCO 4),94.3,74.2,96.4,73.7
22-93810,Carla Dela Cruz,7,Embedded Systems,87.5,86.0,74.4,78.2
22-93810,Carla Dela Cruz,7,Seminars and Fieldtrips,90.2,78.2,74.8,75.1
22-93810,Carla Dela Cruz,7,Manufacturing and Quality Control,82.6,89.1,81.6,72.8
22-93810,Carla Dela Cruz,7,Cognate/Elective Course 3 (Data Mining / AI Track),90.0,71.5,76.6,77.7
22-93810,Carla Dela Cruz,7,ASEAN Literature,91.7,83.7,87.8,80.0
22-93810,Carla Dela Cruz,8,Technopreneurship,82.1,81.6,81.5,72.1
22-93810,Carla Dela Cruz,8,On-the-Job Training,94.2,75.8,80.9,79.2
22-93810,Carla Dela Cruz,8,CpE Practice and Design 2,83.1,79.2,78.6,79.7
22-86053,Pedro Mendoza,1,Introduction to Engineering,71.6,66.0,76.3,68.1
22-86053,Pedro Mendoza,1,Understanding the Self,80.7,76.9,82.5,72.4
22-86053,Pedro Mendoza,1,Mathematics in the Modern World,73.8,78.6,69.3,66.1
22-86053,Pedro Mendoza,1,Readings in Philippine History,66.1,70.7,72.7,65.3
22-86053,Pedro Mendoza,1,Purposive Communication,68.0,63.2,82.1,67.6
22-86053,Pedro Mendoza,1,Differential Calculus,73.2,78.6,85.8,72.5
22-86053,Pedro Mendoza,1,General Chemistry,61.4,91.7,61.6,67.5
22-86053,Pedro Mendoza,1,Computer Programming 1,67.5,67.6,70.8,60.0
22-86053,Pedro Mendoza,2,Engineering Drawing,70.9,76.2,61.4,60.0
22-86053,Pedro Mendoza,2,Contemporary World,73.8,70.4,65.8,60.0
22-86053,Pedro Mendoza,2,Art Appreciation,77.7,76.0,63.0,60.1
22-86053,Pedro Mendoza,2,"Science, Technology and Society",75.4,66.6,70.5,74.5
22-86053,Pedro Mendoza,2,Integral Calculus,77.8,68.5,75.0,67.7
22-86053,Pedro Mendoza,2,Physics 1,77.3,78.7,76.8,69.0
22-86053,Pedro Mendoza,3,Life and Works of Rizal,74.3,84.8,76.6,70.7
22-86053,Pedro Mendoza,3,Ethics,75.4,66.3,76.2,66.5
22-86053,Pedro Mendoza,3,Modern Biology,74.7,74.4,66.9,75.1
22-86053,Pedro Mendoza,3,Computer Engineering as a Discipline,78.7,73.5,69.1,61.6
22-86053,Pedro Mendoza,3,Programming Logic and Design,61.5,63.6,64.6,60.0
22-86053,Pedro Mendoza,3,Discrete Mathematics,79.9,80.7,71.9,77.2
22-86053,Pedro Mendoza,3,Fundamentals of Electrical Engineering,66.7,68.5,66.1,69.4
22-86053,Pedro Mendoza,3,Computer-Aided Design,72.0,70.1,60.0,60.0
22-86053,Pedro Mendoza,4,Engineering Economics,81.2,60.0,77.5,68.7
22-86053,Pedro Mendoza,4,Engineering Data Analysis,73.7,70.8,84.1,77.3
22-86053,Pedro Mendoza,4,Differential Equations,77.4,76.6,68.8,69.6
22-86053,Pedro Mendoza,4,Object Oriented Programming,70.2,71.6,80.0,64.8
22-86053,Pedro Mendoza,4,Advanced Engineering Mathematics for CpE,71.9,67.6,73.5,64.2
22-86053,Pedro Mendoza,4,Cognate/Elective Course 1,75.8,62.3,73.2,60.0
22-86053,Pedro Mendoza,4,Electronic Circuits: Devices and Analysis,71.7,67.2,76.7,63.9
22-86053,Pedro Mendoza,4,Basic Occupational Health and Safety,86.3,75.7,78.0,64.4
22-86053,Pedro Mendoza,4,Numerical Methods,80.2,83.1,78.1,72.0
22-86053,Pedro Mendoza,4,Kontekstwalisadong Komunikasyon sa Filipino,72.7,71.4,76.2,73.7
22-86053,Pedro Mendoza,5,Logic Circuits and Design,67.9,64.8,61.0,67.8
22-86053,Pedro Mendoza,5,Data Structures and Algorithms,68.7,77.0,72.4,62.1
22-86053,Pedro Mendoza,5,"Introduction to Networks, Data and Digital Communications (CISCO 1)",83.7,63.3,79.0,67.3
22-86053,Pedro Mendoza,5,Fundamentals of Mixed Signals and Sensors,60.0,78.8,72.2,60.3
22-86053,Pedro Mendoza,5,Feedback and Control Systems,72.4,66.4,87.2,63.2
22-86053,Pedro Mendoza,5,Introduction to HDL,63.8,70.9,60.0,60.0
22-86053,Pedro Mendoza,5,Research Methods,80.6,75.2,67.1,65.8
22-86053,Pedro Mendoza,5,Filipino sa Iba't Ibang Disiplina,72.0,72.0,64.8,62.2
22-86053,Pedro Mendoza,6,Microprocessors,67.7,64.9,72.7,67.5
22-86053,Pedro Mendoza,6,Software Design,68.7,64.9,68.1,78.3
22-86053,Pedro Mendoza,6,Routing and Switching (CISCO 2),68.1,71.1,69.6,64.7
22-86053,Pedro Mendoza,6,Digital Signal Processing,75.4,82.8,75.4,73.9
22-86053,Pedro Mendoza,6,Emerging Technologies in CpE,77.8,77.4,78.6,73.4
22-86053,Pedro Mendoza,6,CpE Practice and Design 1,88.6,79.7,65.4,70.8
22-86053,Pedro Mendoza,6,Cognate/Elective Course 2,78.6,83.6,63.3,68.7
22-86053,Pedro Mendoza,7,Scaling Networks (CISCO 3),70.2,75.1,67.8,68.3
22-86053,Pedro Mendoza,7,Operating Systems,65.8,76.8,70.3,66.3
22-86053,Pedro Mendoza,7,Computer Architecture and Organization,83.1,67.0,68.5,63.4
22-86053,Pedro Mendoza,7,Computer Engineering Drafting and Design,72.6,82.6,66.8,60.0
22-86053,Pedro Mendoza,7,Connecting Networks and Security (CISCO 4),85.5,70.2,60.0,60.9
22-86053,Pedro Mendoza,7,Embedded Systems,63.9,60.0,64.2,62.4
22-86053,Pedro Mendoza,7,Seminars and Fieldtrips,81.7,76.2,72.9,60.3
22-86053,Pedro Mendoza,7,Manufacturing and Quality Control,76.7,77.6,68.8,65.4
22-86053,Pedro Mendoza,7,Cognate/Elective Course 3 (Data Mining / AI Track),66.7,78.4,79.8,67.3
22-86053,Pedro Mendoza,7,ASEAN Literature,71.1,71.4,66.9,63.5
22-86053,Pedro Mendoza,8,Technopreneurship,78.5,74.1,75.4,67.9
22-86053,Pedro Mendoza,8,On-the-Job Training,69.4,69.4,66.0,64.5
22-86053,Pedro Mendoza,8,CpE Practice and Design 2,85.4,84.1,74.4,66.4
22-20775,Jose Garcia,1,Introduction to Engineering,74.8,81.8,72.4,82.8
22-20775,Jose Garcia,1,Understanding the Self,73.3,82.8,71.9,72.9
22-20775,Jose Garcia,1,Mathematics in the Modern World,89.8,89.4,79.5,80.1
22-20775,Jose Garcia,1,Readings in Philippine History,79.0,81.9,83.2,75.0
22-20775,Jose Garcia,1,Purposive Communication,79.8,78.8,83.2,66.4
22-20775,Jose Garcia,1,Differential Calculus,80.2,86.9,77.2,66.8
22-20775,Jose Garcia,1,General Chemistry,93.9,76.7,78.6,71.8
22-20775,Jose Garcia,1,Computer Programming 1,78.8,72.9,79.2,71.6
22-20775,Jose Garcia,2,Engineering Drawing,88.3,76.3,89.5,61.1
22-20775,Jose Garcia,2,Contemporary World,73.4,91.0,80.0,75.0
22-20775,Jose Garcia,2,Art Appreciation,85.5,83.9,78.9,67.2
22-20775,Jose Garcia,2,"Science, Technology and Society",87.9,84.4,85.7,83.6
22-20775,Jose Garcia,2,Integral Calculus,87.8,75.9,90.5,69.4
22-20775,Jose Garcia,2,Physics 1,87.9,81.7,77.2,80.1
22-20775,Jose Garcia,3,Life and Works of Rizal,84.4,83.5,72.2,71.9
22-20775,Jose Garcia,3,Ethics,78.3,79.3,76.4,84.1
22-20775,Jose Garcia,3,Modern Biology,84.3,70.5,88.2,78.2
22-20775,Jose Garcia,3,Computer Engineering as a Discipline,82.2,77.8,71.5,84.6
22-20775,Jose Garcia,3,Programming Logic and Design,80.9,67.7,76.9,78.1
22-20775,Jose Garcia,3,Discrete Mathematics,86.8,77.8,73.9,70.0
22-20775,Jose Garcia,3,Fundamentals of Electrical Engineering,91.6,79.5,66.6,74.8
22-20775,Jose Garcia,3,Computer-Aided Design,83.3,77.3,70.5,66.2
22-20775,Jose Garcia,4,Engineering Economics,89.5,81.9,80.0,74.5
22-20775,Jose Garcia,4,Engineering Data Analysis,87.8,80.4,78.6,82.5
22-20775,Jose Garcia,4,Differential Equations,94.3,75.9,78.6,80.6
22-20775,Jose Garcia,4,Object Oriented Programming,91.9,88.9,70.2,78.6
22-20775,Jose Garcia,4,Advanced Engineering Mathematics for CpE,86.2,89.5,84.6,68.0
22-20775,Jose Garcia,4,Cognate/Elective Course 1,83.9,84.2,74.8,69.4
22-20775,Jose Garcia,4,Electronic Circuits: Devices and Analysis,73.0,84.1,77.9,67.0
22-20775,Jose Garcia,4,Basic Occupational Health and Safety,81.0,81.4,73.8,73.0
22-20775,Jose Garcia,4,Numerical Methods,75.3,91.4,79.9,68.9
22-20775,Jose Garcia,4,Kontekstwalisadong Komunikasyon sa Filipino,68.2,86.6,80.5,74.3
22-20775,Jose Garcia,5,Logic Circuits and Design,87.6,85.1,77.8,71.0
22-20775,Jose Garcia,5,Data Structures and Algorithms,78.1,80.7,83.3,70.3
22-20775,Jose Garcia,5,"Introduction to Networks, Data and Digital Communications (CISCO 1)",89.4,80.4,77.2,85.3
22-20775,Jose Garcia,5,Fundamentals of Mixed Signals and Sensors,92.3,90.0,71.9,85.7
22-20775,Jose Garcia,5,Feedback and Control Systems,85.3,81.9,66.9,77.5
22-20775,Jose Garcia,5,Introduction to HDL,75.9,82.4,69.7,83.3
22-20775,Jose Garcia,5,Research Methods,86.3,94.1,71.0,82.3
22-20775,Jose Garcia,5,Filipino sa Iba't Ibang Disiplina,72.1,81.7,73.4,70.3
22-20775,Jose Garcia,6,Microprocessors,79.3,74.5,69.1,69.9
22-20775,Jose Garcia,6,Software Design,81.3,85.1,76.7,77.9
22-20775,Jose Garcia,6,Routing and Switching (CISCO 2),71.7,75.6,79.2,73.0
22-20775,Jose Garcia,6,Digital Signal Processing,80.7,88.9,76.6,70.9
22-20775,Jose Garcia,6,Emerging Technologies in CpE,83.5,78.2,71.8,67.6
22-20775,Jose Garcia,6,CpE Practice and Design 1,76.5,78.1,83.7,74.5
22-20775,Jose Garcia,6,Cognate/Elective Course 2,86.3,81.3,71.3,61.0
22-20775,Jose Garcia,7,Scaling Networks (CISCO 3),75.0,74.1,70.4,76.8
22-20775,Jose Garcia,7,Operating Systems,86.4,91.4,70.4,80.5
22-20775,Jose Garcia,7,Computer Architecture and Organization,92.0,78.6,79.5,80.0
22-20775,Jose Garcia,7,Computer Engineering Drafting and Design,82.1,79.1,72.9,60.0
22-20775,Jose Garcia,7,Connecting Networks and Security (CISCO 4),81.0,73.9,68.5,73.4
22-20775,Jose Garcia,7,Embedded Systems,73.7,84.8,79.6,70.1
22-20775,Jose Garcia,7,Seminars and Fieldtrips,82.6,73.3,81.6,74.1
22-20775,Jose Garcia,7,Manufacturing and Quality Control,84.0,83.0,72.8,63.4
22-20775,Jose Garcia,7,Cognate/Elective Course 3 (Data Mining / AI Track),86.3,82.3,71.7,73.4
22-20775,Jose Garcia,7,ASEAN Literature,90.5,87.3,73.8,64.1
22-20775,Jose Garcia,8,Technopreneurship,75.0,78.6,85.9,68.6
22-20775,Jose Garcia,8,On-the-Job Training,79.4,76.8,74.0,72.9
22-20775,Jose Garcia,8,CpE Practice and Design 2,75.3,87.0,76.3,87.9
22-80735,Lucia Castro,1,Introduction to Engineering,65.4,79.9,75.8,61.3
22-80735,Lucia Castro,1,Understanding the Self,70.1,64.8,62.0,63.8
22-80735,Lucia Castro,1,Mathematics in the Modern World,72.2,60.3,80.8,61.9
22-80735,Lucia Castro,1,Readings in Philippine History,72.9,66.6,65.8,61.6
22-80735,Lucia Castro,1,Purposive Communication,72.5,70.2,72.2,65.2
22-80735,Lucia Castro,1,Differential Calculus,76.3,69.9,68.4,62.0
22-80735,Lucia Castro,1,General Chemistry,78.1,71.9,66.1,62.3
22-80735,Lucia Castro,1,Computer Programming 1,70.3,69.0,65.6,60.0
22-80735,Lucia Castro,2,Engineering Drawing,79.0,77.2,79.9,61.9
22-80735,Lucia Castro,2,Contemporary World,76.5,60.0,72.4,60.0
22-80735,Lucia Castro,2,Art Appreciation,66.6,72.3,63.7,60.0
22-80735,Lucia Castro,2,"Science, Technology and Society",69.6,74.7,61.8,63.5
22-80735,Lucia Castro,2,Integral Calculus,69.8,74.8,72.1,60.0
22-80735,Lucia Castro,2,Physics 1,78.4,66.3,68.5,60.0
22-80735,Lucia Castro,3,Life and Works of Rizal,74.7,85.6,68.2,61.0
22-80735,Lucia Castro,3,Ethics,71.1,61.5,76.1,65.7
22-80735,Lucia Castro,3,Modern Biology,65.8,63.8,67.1,69.0
22-80735,Lucia Castro,3,Computer Engineering as a Discipline,65.6,77.0,66.9,60.0
22-80735,Lucia Castro,3,Programming Logic and Design,68.1,79.3,60.0,60.0
22-80735,Lucia Castro,3,Discrete Mathematics,77.8,71.2,62.3,69.2
22-80735,Lucia Castro,3,Fundamentals of Electrical Engineering,80.5,74.2,65.6,62.8
22-80735,Lucia Castro,3,Computer-Aided Design,76.2,64.3,77.2,75.7
22-80735,Lucia Castro,4,Engineering Economics,71.1,72.4,74.5,75.5
22-80735,Lucia Castro,4,Engineering Data Analysis,81.4,60.0,65.1,66.4
22-80735,Lucia Castro,4,Differential Equations,69.1,80.6,76.8,60.0
22-80735,Lucia Castro,4,Object Oriented Programming,70.0,64.3,64.8,61.1
22-80735,Lucia Castro,4,Advanced Engineering Mathematics for CpE,77.8,64.6,60.0,60.0
22-80735,Lucia Castro,4,Cognate/Elective Course 1,64.8,64.9,67.1,60.0
22-80735,Lucia Castro,4,Electronic Circuits: Devices and Analysis,67.2,66.6,62.5,62.2
22-80735,Lucia Castro,4,Basic Occupational Health and Safety,68.9,74.4,61.5,61.6
22-80735,Lucia Castro,4,Numerical Methods,68.8,74.8,66.1,69.7
22-80735,Lucia Castro,4,Kontekstwalisadong Komunikasyon sa Filipino,65.6,70.0,64.0,60.0
22-80735,Lucia Castro,5,Logic Circuits and Design,74.0,82.6,64.1,64.7
22-80735,Lucia Castro,5,Data Structures and Algorithms,63.1,60.0,61.2,60.0
22-80735,Lucia Castro,5,"Introduction to Networks, Data and Digital Communications (CISCO 1)",68.5,67.4,60.0,60.0
22-80735,Lucia Castro,5,Fundamentals of Mixed Signals and Sensors,77.5,64.1,67.1,67.3
22-80735,Lucia Castro,5,Feedback and Control Systems,67.4,72.0,60.0,68.8
22-80735,Lucia Castro,5,Introduction to HDL,76.6,72.5,76.0,63.5
22-80735,Lucia Castro,5,Research Methods,68.8,78.5,78.5,60.0
22-80735,Lucia Castro,5,Filipino sa Iba't Ibang Disiplina,71.8,76.6,66.9,67.4
22-80735,Lucia Castro,6,Microprocessors,79.1,68.8,71.7,65.5
22-80735,Lucia Castro,6,Software Design,63.6,62.9,62.1,68.0
22-80735,Lucia Castro,6,Routing and Switching (CISCO 2),76.7,73.3,68.6,64.9
22-80735,Lucia Castro,6,Digital Signal Processing,73.7,72.4,69.9,60.0
22-80735,Lucia Castro,6,Emerging Technologies in CpE,66.2,62.6,72.6,72.3
22-80735,Lucia Castro,6,CpE Practice and Design 1,60.0,79.7,67.9,69.9
22-80735,Lucia Castro,6,Cognate/Elective Course 2,74.0,77.4,67.2,60.0
22-80735,Lucia Castro,7,Scaling Networks (CISCO 3),70.3,71.9,64.7,66.4
22-80735,Lucia Castro,7,Operating Systems,70.5,65.2,60.0,60.1
22-80735,Lucia Castro,7,Computer Architecture and Organization,75.7,60.5,64.6,60.0
22-80735,Lucia Castro,7,Computer Engineering Drafting and Design,70.7,79.4,62.1,69.7
22-80735,Lucia Castro,7,Connecting Networks and Security (CISCO 4),88.0,77.5,66.8,67.6
22-80735,Lucia Castro,7,Embedded Systems,66.2,62.8,69.4,67.9
22-80735,Lucia Castro,7,Seminars and Fieldtrips,79.1,66.9,68.6,64.7
22-80735,Lucia Castro,7,Manufacturing and Quality Control,73.7,71.8,64.1,67.2
22-80735,Lucia Castro,7,Cognate/Elective Course 3 (Data Mining / AI Track),72.1,66.2,70.0,68.6
22-80735,Lucia Castro,7,ASEAN Literature,76.6,64.1,68.0,60.0
22-80735,Lucia Castro,8,Technopreneurship,73.1,64.9,75.1,68.5
22-80735,Lucia Castro,8,On-the-Job Training,79.4,76.6,65.8,61.2
22-80735,Lucia Castro,8,CpE Practice and Design 2,82.9,69.3,60.0,69.8
22-20539,Rafael Ramos,1,Introduction to Engineering,76.2,82.1,71.5,66.1
22-20539,Rafael Ramos,1,Understanding the Self,84.5,63.8,66.5,60.9
22-20539,Rafael Ramos,1,Mathematics in the Modern World,61.7,77.9,66.3,71.3
22-20539,Rafael Ramos,1,Readings in Philippine History,77.6,76.7,67.3,61.7
22-20539,Rafael Ramos,1,Purposive Communication,75.8,78.6,69.7,62.1
22-20539,Rafael Ramos,1,Differential Calculus,67.7,73.9,66.3,65.5
22-20539,Rafael Ramos,1,General Chemistry,73.5,70.0,71.4,69.2
22-20539,Rafael Ramos,1,Computer Programming 1,88.9,79.3,81.3,62.9
22-20539,Rafael Ramos,2,Engineering Drawing,64.3,71.6,73.9,69.3
22-20539,Rafael Ramos,2,Contemporary World,82.6,60.0,77.6,68.3
22-20539,Rafael Ramos,2,Art Appreciation,66.0,77.4,71.1,68.6
22-20539,Rafael Ramos,2,"Science, Technology and Society",81.3,75.6,61.2,65.4
22-20539,Rafael Ramos,2,Integral Calculus,65.2,76.5,78.0,60.0
22-20539,Rafael Ramos,2,Physics 1,70.9,67.4,66.9,68.4
22-20539,Rafael Ramos,3,Life and Works of Rizal,72.6,77.0,76.4,72.9
22-20539,Rafael Ramos,3,Ethics,68.6,81.4,78.8,75.6
22-20539,Rafael Ramos,3,Modern Biology,73.9,68.1,63.7,60.0
22-20539,Rafael Ramos,3,Computer Engineering as a Discipline,75.4,78.1,77.9,63.4
22-20539,Rafael Ramos,3,Programming Logic and Design,76.9,74.2,67.9,72.3
22-20539,Rafael Ramos,3,Discrete Mathematics,77.1,73.5,71.8,69.6
22-20539,Rafael Ramos,3,Fundamentals of Electrical Engineering,77.5,66.7,74.1,66.6
22-20539,Rafael Ramos,3,Computer-Aided Design,71.3,73.1,70.8,71.5
22-20539,Rafael Ramos,4,Engineering Economics,69.0,81.0,70.2,63.2
22-20539,Rafael Ramos,4,Engineering Data Analysis,71.7,66.6,60.0,70.0
22-20539,Rafael Ramos,4,Differential Equations,86.8,62.9,63.9,70.4
22-20539,Rafael Ramos,4,Object Oriented Programming,76.8,79.8,71.1,64.4
22-20539,Rafael Ramos,4,Advanced Engineering Mathematics for CpE,73.5,60.0,62.8,71.6
22-20539,Rafael Ramos,4,Cognate/Elective Course 1,84.3,83.2,74.4,60.0
22-20539,Rafael Ramos,4,Electronic Circuits: Devices and Analysis,70.1,79.6,78.5,73.2
22-20539,Rafael Ramos,4,Basic Occupational Health and Safety,73.9,65.2,69.8,66.4
22-20539,Rafael Ramos,4,Numerical Methods,84.3,74.0,69.8,66.3
22-20539,Rafael Ramos,4,Kontekstwalisadong Komunikasyon sa Filipino,77.7,76.8,65.7,60.0
22-20539,Rafael Ramos,5,Logic Circuits and Design,82.1,61.8,78.6,60.0
22-20539,Rafael Ramos,5,Data Structures and Algorithms,73.6,80.6,71.7,60.0
22-20539,Rafael Ramos,5,"Introduction to Networks, Data and Digital Communications (CISCO 1)",79.7,75.2,70.4,64.1
22-20539,Rafael Ramos,5,Fundamentals of Mixed Signals and Sensors,73.7,68.2,83.3,63.6
22-20539,Rafael Ramos,5,Feedback and Control Systems,72.7,69.4,80.3,60.0
22-20539,Rafael Ramos,5,Introduction to HDL,76.1,70.3,60.2,60.1
22-20539,Rafael Ramos,5,Research Methods,77.2,67.9,71.6,76.6
22-20539,Rafael Ramos,5,Filipino sa Iba't Ibang Disiplina,76.3,64.3,65.0,64.6
22-20539,Rafael Ramos,6,Microprocessors,71.8,72.6,70.6,75.4
22-20539,Rafael Ramos,6,Software Design,77.1,67.9,78.6,75.4
22-20539,Rafael Ramos,6,Routing and Switching (CISCO 2),78.5,73.3,75.4,66.6
22-20539,Rafael Ramos,6,Digital Signal Processing,62.6,76.0,75.0,74.6
22-20539,Rafael Ramos,6,Emerging Technologies in CpE,72.7,76.2,73.2,68.4
22-20539,Rafael Ramos,6,CpE Practice and Design 1,76.0,73.3,71.3,70.7
22-20539,Rafael Ramos,6,Cognate/Elective Course 2,84.4,70.3,70.7,65.3
22-20539,Rafael Ramos,7,Scaling Networks (CISCO 3),73.7,65.1,71.9,70.7
22-20539,Rafael Ramos,7,Operating Systems,76.2,74.7,74.2,76.3
22-20539,Rafael Ramos,7,Computer Architecture and Organization,71.4,64.7,68.2,76.3
22-20539,Rafael Ramos,7,Computer Engineering Drafting and Design,66.9,75.6,75.7,60.0
22-20539,Rafael Ramos,7,Connecting Networks and Security (CISCO 4),79.6,78.4,70.1,64.0
22-20539,Rafael Ramos,7,Embedded Systems,70.4,69.7,66.9,62.1
22-20539,Rafael Ramos,7,Seminars and Fieldtrips,73.2,80.2,62.7,60.0
22-20539,Rafael Ramos,7,Manufacturing and Quality Control,81.2,70.5,66.4,64.4
22-20539,Rafael Ramos,7,Cognate/Elective Course 3 (Data Mining / AI Track),78.4,71.7,74.7,62.1
22-20539,Rafael Ramos,7,ASEAN Literature,73.5,60.0,77.1,65.2
22-20539,Rafael Ramos,8,Technopreneurship,79.3,75.9,73.3,66.2
22-20539,Rafael Ramos,8,On-the-Job Training,77.6,67.3,63.0,65.7
22-20539,Rafael Ramos,8,CpE Practice and Design 2,71.2,81.6,72.3,62.0
22-74909,Isabel Santos,1,Introduction to Engineering,76.4,76.4,72.1,70.3
22-74909,Isabel Santos,1,Understanding the Self,78.4,67.3,60.0,66.4
22-74909,Isabel Santos,1,Mathematics in the Modern World,78.2,70.4,77.0,65.5
22-74909,Isabel Santos,1,Readings in Philippine History,86.1,82.6,78.8,61.4
22-74909,Isabel Santos,1,Purposive Communication,78.1,83.0,74.2,72.0
22-74909,Isabel Santos,1,Differential Calculus,66.5,84.1,64.8,60.0
22-74909,Isabel Santos,1,General Chemistry,72.7,60.0,63.1,81.2
22-74909,Isabel Santos,1,Computer Programming 1,76.7,68.0,73.6,64.1
22-74909,Isabel Santos,2,Engineering Drawing,85.4,72.5,76.2,63.7
22-74909,Isabel Santos,2,Contemporary World,93.6,78.7,71.7,66.9
22-74909,Isabel Santos,2,Art Appreciation,74.7,71.1,67.8,78.7
22-74909,Isabel Santos,2,"Science, Technology and Society",74.7,62.9,65.5,74.2
22-74909,Isabel Santos,2,Integral Calculus,73.3,71.8,76.6,61.2
22-74909,Isabel Santos,2,Physics 1,78.6,68.6,73.0,63.5
22-74909,Isabel Santos,3,Life and Works of Rizal,76.5,80.6,77.0,67.6
22-74909,Isabel Santos,3,Ethics,75.2,85.2,76.1,66.3
22-74909,Isabel Santos,3,Modern Biology,70.9,78.7,70.3,64.8
22-74909,Isabel Santos,3,Computer Engineering as a Discipline,78.7,77.7,72.2,75.9
22-74909,Isabel Santos,3,Programming Logic and Design,86.5,79.8,81.7,69.5
22-74909,Isabel Santos,3,Discrete Mathematics,78.9,78.6,75.7,71.3
22-74909,Isabel Santos,3,Fundamentals of Electrical Engineering,84.0,89.5,71.3,69.6
22-74909,Isabel Santos,3,Computer-Aided Design,78.9,75.6,62.7,78.8
22-74909,Isabel Santos,4,Engineering Economics,71.8,76.7,64.0,72.4
22-74909,Isabel Santos,4,Engineering Data Analysis,70.1,65.7,70.7,61.6
22-74909,Isabel Santos,4,Differential Equations,71.4,73.6,74.4,60.9
22-74909,Isabel Santos,4,Object Oriented Programming,73.0,76.7,76.7,78.3
22-74909,Isabel Santos,4,Advanced Engineering Mathematics for CpE,68.4,70.7,76.6,77.7
22-74909,Isabel Santos,4,Cognate/Elective Course 1,73.0,72.2,75.7,66.0
22-74909,Isabel Santos,4,Electronic Circuits: Devices and Analysis,75.6,79.3,83.9,62.7
22-74909,Isabel Santos,4,Basic Occupational Health and Safety,87.0,72.2,74.6,78.2
22-74909,Isabel Santos,4,Numerical Methods,76.8,70.8,73.9,64.8
22-74909,Isabel Santos,4,Kontekstwalisadong Komunikasyon sa Filipino,81.1,74.4,77.7,60.3
22-74909,Isabel Santos,5,Logic Circuits and Design,74.1,69.3,74.2,61.4
22-74909,Isabel Santos,5,Data Structures and Algorithms,74.8,69.9,82.3,63.5
22-74909,Isabel Santos,5,"Introduction to Networks, Data and Digital Communications (CISCO 1)",71.2,78.1,83.6,68.8
22-74909,Isabel Santos,5,Fundamentals of Mixed Signals and Sensors,80.0,85.5,79.9,73.1
22-74909,Isabel Santos,5,Feedback and Control Systems,71.3,75.3,61.4,62.1
22-74909,Isabel Santos,5,Introduction to HDL,88.8,85.6,77.2,60.0
22-74909,Isabel Santos,5,Research Methods,70.7,71.6,71.5,61.1
22-74909,Isabel Santos,5,Filipino sa Iba't Ibang Disiplina,76.5,86.3,74.9,69.9
22-74909,Isabel Santos,6,Microprocessors,74.1,68.0,67.2,60.5
22-74909,Isabel Santos,6,Software Design,79.4,78.9,67.6,70.4
22-74909,Isabel Santos,6,Routing and Switching (CISCO 2),87.8,88.3,78.1,68.4
22-74909,Isabel Santos,6,Digital Signal Processing,79.2,80.7,60.0,74.7
22-74909,Isabel Santos,6,Emerging Technologies in CpE,75.7,73.4,71.3,71.4
22-74909,Isabel Santos,6,CpE Practice and Design 1,71.3,73.9,75.7,69.9
22-74909,Isabel Santos,6,Cognate/Elective Course 2,81.2,74.6,77.6,75.8
22-74909,Isabel Santos,7,Scaling Networks (CISCO 3),84.9,79.2,79.1,74.7
22-74909,Isabel Santos,7,Operating Systems,95.0,83.9,72.9,64.0
22-74909,Isabel Santos,7,Computer Architecture and Organization,78.6,75.8,77.7,66.4
22-74909,Isabel Santos,7,Computer Engineering Drafting and Design,87.4,69.5,64.8,69.8
22-74909,Isabel Santos,7,Connecting Networks and Security (CISCO 4),73.9,69.0,69.6,64.9
22-74909,Isabel Santos,7,Embedded Systems,80.3,74.1,71.4,70.5
22-74909,Isabel Santos,7,Seminars and Fieldtrips,84.1,84.5,73.4,70.0
22-74909,Isabel Santos,7,Manufacturing and Quality Control,79.1,80.7,76.9,78.5
22-74909,Isabel Santos,7,Cognate/Elective Course 3 (Data Mining / AI Track),67.6,75.2,75.5,69.3
22-74909,Isabel Santos,7,ASEAN Literature,72.4,67.9,77.4,64.1
22-74909,Isabel Santos,8,Technopreneurship,67.5,80.8,75.3,67.9
22-74909,Isabel Santos,8,On-the-Job Training,72.5,75.0,79.8,60.0
22-74909,Isabel Santos,8,CpE Practice and Design 2,68.6,71.9,72.4,65.7
22-17893,Juan Reyes,1,Introduction to Engineering,83.5,83.8,75.7,73.4
22-17893,Juan Reyes,1,Understanding the Self,81.3,77.3,66.3,63.9
22-17893,Juan Reyes,1,Mathematics in the Modern World,72.7,77.5,76.5,62.4
22-17893,Juan Reyes,1,Readings in Philippine History,80.1,72.0,67.6,66.3
22-17893,Juan Reyes,1,Purposive Communication,72.9,80.9,73.1,75.0
22-17893,Juan Reyes,1,Differential Calculus,78.1,75.9,86.4,61.4
22-17893,Juan Reyes,1,General Chemistry,88.5,88.3,79.7,69.1
22-17893,Juan Reyes,1,Computer Programming 1,86.9,74.1,68.6,66.6
22-17893,Juan Reyes,2,Engineering Drawing,76.3,71.7,80.8,65.5
22-17893,Juan Reyes,2,Contemporary World,79.5,68.6,74.2,63.1
22-17893,Juan Reyes,2,Art Appreciation,72.6,76.6,80.4,72.7
22-17893,Juan Reyes,2,"Science, Technology and Society",82.7,76.5,72.0,74.8
22-17893,Juan Reyes,2,Integral Calculus,77.4,83.4,82.6,66.1
22-17893,Juan Reyes,2,Physics 1,76.6,75.1,66.3,68.3
22-17893,Juan Reyes,3,Life and Works of Rizal,87.4,71.0,82.0,67.5
22-17893,Juan Reyes,3,Ethics,92.3,73.2,73.2,64.6
22-17893,Juan Reyes,3,Modern Biology,76.7,86.4,78.0,77.3
22-17893,Juan Reyes,3,Computer Engineering as a Discipline,71.7,81.2,68.2,62.1
22-17893,Juan Reyes,3,Programming Logic and Design,79.8,77.4,73.2,73.3
22-17893,Juan Reyes,3,Discrete Mathematics,86.0,87.2,68.0,80.1
22-17893,Juan Reyes,3,Fundamentals of Electrical Engineering,91.0,75.1,64.1,61.9
22-17893,Juan Reyes,3,Computer-Aided Design,77.0,89.4,74.3,66.5
22-17893,Juan Reyes,4,Engineering Economics,75.5,69.3,79.3,69.5
22-17893,Juan Reyes,4,Engineering Data Analysis,93.4,82.1,80.1,69.7
22-17893,Juan Reyes,4,Differential Equations,74.3,73.1,66.9,76.6
22-17893,Juan Reyes,4,Object Oriented Programming,76.1,81.7,73.7,67.2
22-17893,Juan Reyes,4,Advanced Engineering Mathematics for CpE,73.8,80.2,73.8,76.5
22-17893,Juan Reyes,4,Cognate/Elective Course 1,74.1,79.7,82.7,70.6
22-17893,Juan Reyes,4,Electronic Circuits: Devices and Analysis,84.4,80.8,85.5,72.4
22-17893,Juan Reyes,4,Basic Occupational Health and Safety,83.8,77.0,69.4,62.8
22-17893,Juan Reyes,4,Numerical Methods,88.4,72.3,79.6,73.6
22-17893,Juan Reyes,4,Kontekstwalisadong Komunikasyon sa Filipino,85.1,74.2,69.3,72.3
22-17893,Juan Reyes,5,Logic Circuits and Design,78.0,70.0,85.8,65.4
22-17893,Juan Reyes,5,Data Structures and Algorithms,72.4,74.6,80.4,60.0
22-17893,Juan Reyes,5,"Introduction to Networks, Data and Digital Communications (CISCO 1)",85.4,70.5,74.5,64.9
22-17893,Juan Reyes,5,Fundamentals of Mixed Signals and Sensors,91.7,78.1,69.9,68.4
22-17893,Juan Reyes,5,Feedback and Control Systems,81.3,79.4,77.8,71.1
22-17893,Juan Reyes,5,Introduction to HDL,71.5,75.3,77.8,66.1
22-17893,Juan Reyes,5,Research Methods,83.7,77.4,72.8,77.2
22-17893,Juan Reyes,5,Filipino sa Iba't Ibang Disiplina,69.2,73.2,81.5,81.1
22-17893,Juan Reyes,6,Microprocessors,93.4,77.6,76.9,75.1
22-17893,Juan Reyes,6,Software Design,86.0,77.9,78.4,71.7
22-17893,Juan Reyes,6,Routing and Switching (CISCO 2),81.5,70.5,70.9,65.8
22-17893,Juan Reyes,6,Digital Signal Processing,73.7,68.5,72.6,69.5
22-17893,Juan Reyes,6,Emerging Technologies in CpE,79.0,79.4,74.0,67.4
22-17893,Juan Reyes,6,CpE Practice and Design 1,74.1,82.5,73.4,67.5
22-17893,Juan Reyes,6,Cognate/Elective Course 2,77.3,71.6,69.7,65.6
22-17893,Juan Reyes,7,Scaling Networks (CISCO 3),76.6,80.0,75.3,78.2
22-17893,Juan Reyes,7,Operating Systems,85.6,87.8,76.2,72.2
22-17893,Juan Reyes,7,Computer Architecture and Organization,76.8,82.3,70.2,61.3
22-17893,Juan Reyes,7,Computer Engineering Drafting and Design,88.9,69.8,76.8,64.9
22-17893,Juan Reyes,7,Connecting Networks and Security (CISCO 4),85.1,83.6,76.1,76.4
22-17893,Juan Reyes,7,Embedded Systems,79.8,90.7,78.6,64.8
22-17893,Juan Reyes,7,Seminars and Fieldtrips,80.1,76.3,72.6,60.1
22-17893,Juan Reyes,7,Manufacturing and Quality Control,82.1,69.0,60.0,68.1
22-17893,Juan Reyes,7,Cognate/Elective Course 3 (Data Mining / AI Track),73.8,70.8,60.0,63.9
22-17893,Juan Reyes,7,ASEAN Literature,78.6,73.4,76.4,78.4
22-17893,Juan Reyes,8,Technopreneurship,82.7,83.4,80.7,64.0
22-17893,Juan Reyes,8,On-the-Job Training,82.3,83.2,71.4,65.3
22-17893,Juan Reyes,8,CpE Practice and Design 2,82.8,68.4,67.5,66.1
22-53936,Rosa Santos,1,Introduction to Engineering,83.0,79.2,80.9,65.2
22-53936,Rosa Santos,1,Understanding the Self,74.5,81.1,69.9,67.1
22-53936,Rosa Santos,1,Mathematics in the Modern World,68.2,78.7,83.0,63.7
22-53936,Rosa Santos,1,Readings in Philippine History,86.5,77.6,64.1,65.3
22-53936,Rosa Santos,1,Purposive Communication,74.6,76.0,77.2,81.8
22-53936,Rosa Santos,1,Differential Calculus,70.8,74.1,68.4,62.2
22-53936,Rosa Santos,1,General Chemistry,79.9,77.0,62.9,69.9
22-53936,Rosa Santos,1,Computer Programming 1,73.7,78.6,82.9,74.0
22-53936,Rosa Santos,2,Engineering Drawing,81.8,75.1,75.5,74.4
22-53936,Rosa Santos,2,Contemporary World,83.1,77.3,76.0,62.8
22-53936,Rosa Santos,2,Art Appreciation,75.9,82.2,79.8,71.3
22-53936,Rosa Santos,2,"Science, Technology and Society",89.2,81.0,73.3,63.4
22-53936,Rosa Santos,2,Integral Calculus,88.0,81.6,84.6,82.8
22-53936,Rosa Santos,2,Physics 1,71.6,69.3,60.0,75.3
22-53936,Rosa Santos,3,Life and Works of Rizal,84.3,78.5,67.4,70.2
22-53936,Rosa Santos,3,Ethics,81.5,82.6,76.4,74.7
22-53936,Rosa Santos,3,Modern Biology,78.6,84.1,77.6,62.7
22-53936,Rosa Santos,3,Computer Engineering as a Discipline,88.7,85.3,77.5,72.4
22-53936,Rosa Santos,3,Programming Logic and Design,90.9,68.8,82.8,68.4
22-53936,Rosa Santos,3,Discrete Mathematics,85.9,77.7,66.3,66.9
22-53936,Rosa Santos,3,Fundamentals of Electrical Engineering,86.8,77.0,71.3,67.3
22-53936,Rosa Santos,3,Computer-Aided Design,84.6,88.8,62.2,87.8
22-53936,Rosa Santos,4,Engineering Economics,81.6,81.4,72.1,70.7
22-53936,Rosa Santos,4,Engineering Data Analysis,80.5,70.7,69.0,76.9
22-53936,Rosa Santos,4,Differential Equations,70.0,79.6,71.6,64.1
22-53936,Rosa Santos,4,Object Oriented Programming,92.8,72.8,68.5,70.1
22-53936,Rosa Santos,4,Advanced Engineering Mathematics for CpE,74.7,77.0,74.7,71.2
22-53936,Rosa Santos,4,Cognate/Elective Course 1,80.2,74.3,79.2,70.6
22-53936,Rosa Santos,4,Electronic Circuits: Devices and Analysis,77.7,87.2,74.3,77.6
22-53936,Rosa Santos,4,Basic Occupational Health and Safety,87.7,85.7,78.9,70.7
22-53936,Rosa Santos,4,Numerical Methods,79.0,75.5,60.8,74.1
22-53936,Rosa Santos,4,Kontekstwalisadong Komunikasyon sa Filipino,81.8,82.9,74.0,74.7
22-53936,Rosa Santos,5,Logic Circuits and Design,72.4,71.3,60.2,70.2
22-53936,Rosa Santos,5,Data Structures and Algorithms,76.3,73.1,77.3,68.7
22-53936,Rosa Santos,5,"Introduction to Networks, Data and Digital Communications (CISCO 1)",72.4,93.8,75.1,64.8
22-53936,Rosa Santos,5,Fundamentals of Mixed Signals and Sensors,76.7,77.2,74.0,78.8
22-53936,Rosa Santos,5,Feedback and Control Systems,78.9,88.1,71.2,72.4
22-53936,Rosa Santos,5,Introduction to HDL,86.8,85.5,82.9,69.4
22-53936,Rosa Santos,5,Research Methods,80.3,63.1,73.5,77.3
22-53936,Rosa Santos,5,Filipino sa Iba't Ibang Disiplina,85.7,77.4,84.9,68.4
22-53936,Rosa Santos,6,Microprocessors,76.4,75.5,68.3,74.8
22-53936,Rosa Santos,6,Software Design,82.7,82.2,72.8,70.9
22-53936,Rosa Santos,6,Routing and Switching (CISCO 2),67.9,80.8,75.9,64.7
22-53936,Rosa Santos,6,Digital Signal Processing,78.7,75.4,84.4,63.5
22-53936,Rosa Santos,6,Emerging Technologies in CpE,83.0,72.0,72.0,72.9
22-53936,Rosa Santos,6,CpE Practice and Design 1,79.1,77.9,76.7,67.7
22-53936,Rosa Santos,6,Cognate/Elective Course 2,86.3,76.7,74.7,73.4
22-53936,Rosa Santos,7,Scaling Networks (CISCO 3),82.3,82.4,77.2,74.1
22-53936,Rosa Santos,7,Operating Systems,79.0,72.1,66.7,61.2
22-53936,Rosa Santos,7,Computer Architecture and Organization,91.3,65.0,82.2,66.1
22-53936,Rosa Santos,7,Computer Engineering Drafting and Design,87.8,65.1,73.6,79.7
22-53936,Rosa Santos,7,Connecting Networks and Security (CISCO 4),85.3,76.5,63.7,63.3
22-53936,Rosa Santos,7,Embedded Systems,89.0,76.2,74.6,72.7
22-53936,Rosa Santos,7,Seminars and Fieldtrips,72.5,80.4,72.2,72.5
22-53936,Rosa Santos,7,Manufacturing and Quality Control,77.2,68.8,72.5,74.9
22-53936,Rosa Santos,7,Cognate/Elective Course 3 (Data Mining / AI Track),83.3,78.7,80.7,70.0
22-53936,Rosa Santos,7,ASEAN Literature,80.7,75.1,80.5,72.5
22-53936,Rosa Santos,8,Technopreneurship,77.0,69.0,81.4,66.2
22-53936,Rosa Santos,8,On-the-Job Training,80.8,92.1,79.5,80.4
22-53936,Rosa Santos,8,CpE Practice and Design 2,77.1,84.4,74.9,72.9
22-69207,Mia Cruz,1,Introduction to Engineering,92.5,76.3,74.9,65.3
22-69207,Mia Cruz,1,Understanding the Self,85.7,74.6,80.9,60.9
22-69207,Mia Cruz,1,Mathematics in the Modern World,83.7,74.1,79.1,70.7
22-69207,Mia Cruz,1,Readings in Philippine History,77.2,75.7,69.7,75.8
22-69207,Mia Cruz,1,Purposive Communication,74.1,76.4,76.8,80.4
22-69207,Mia Cruz,1,Differential Calculus,80.3,76.5,76.4,60.0
22-69207,Mia Cruz,1,General Chemistry,73.2,75.7,70.5,61.1
22-69207,Mia Cruz,1,Computer Programming 1,86.7,80.7,76.7,67.6
22-69207,Mia Cruz,2,Engineering Drawing,79.7,80.0,72.1,72.4
22-69207,Mia Cruz,2,Contemporary World,75.6,78.6,81.6,78.1
22-69207,Mia Cruz,2,Art Appreciation,88.4,79.7,75.0,68.1
22-69207,Mia Cruz,2,"Science, Technology and Society",69.6,69.9,73.8,70.1
22-69207,Mia Cruz,2,Integral Calculus,88.9,85.9,70.6,75.7
22-69207,Mia Cruz,2,Physics 1,77.5,82.1,79.6,78.2
22-69207,Mia Cruz,3,Life and Works of Rizal,77.4,84.1,63.5,78.5
22-69207,Mia Cruz,3,Ethics,80.2,78.0,62.5,68.4
22-69207,Mia Cruz,3,Modern Biology,88.5,75.4,79.0,71.0
22-69207,Mia Cruz,3,Computer Engineering as a Discipline,86.8,79.1,69.2,71.1
22-69207,Mia Cruz,3,Programming Logic and Design,91.2,82.1,75.1,85.3
22-69207,Mia Cruz,3,Discrete Mathematics,87.3,82.9,76.7,75.1
22-69207,Mia Cruz,3,Fundamentals of Electrical Engineering,83.8,63.8,76.1,68.8
22-69207,Mia Cruz,3,Computer-Aided Design,76.2,75.7,64.4,60.0
22-69207,Mia Cruz,4,Engineering Economics,87.9,80.8,60.3,67.3
22-69207,Mia Cruz,4,Engineering Data Analysis,85.7,76.3,82.2,77.0
22-69207,Mia Cruz,4,Differential Equations,72.3,77.1,72.1,62.4
22-69207,Mia Cruz,4,Object Oriented Programming,72.8,74.3,72.0,73.5
22-69207,Mia Cruz,4,Advanced Engineering Mathematics for CpE,86.7,81.1,79.3,69.1
22-69207,Mia Cruz,4,Cognate/Elective Course 1,85.2,78.2,73.2,83.1
22-69207,Mia Cruz,4,Electronic Circuits: Devices and Analysis,65.3,65.6,76.0,68.1
22-69207,Mia Cruz,4,Basic Occupational Health and Safety,71.8,71.7,69.2,76.1
22-69207,Mia Cruz,4,Numerical Methods,87.7,87.8,65.2,62.5
22-69207,Mia Cruz,4,Kontekstwalisadong Komunikasyon sa Filipino,71.8,85.7,77.3,71.2
22-69207,Mia Cruz,5,Logic Circuits and Design,80.6,76.5,67.0,72.8
22-69207,Mia Cruz,5,Data Structures and Algorithms,80.4,71.9,79.3,69.2
22-69207,Mia Cruz,5,"Introduction to Networks, Data and Digital Communications (CISCO 1)",82.9,78.4,81.2,73.1
22-69207,Mia Cruz,5,Fundamentals of Mixed Signals and Sensors,73.9,78.8,75.8,72.8
22-69207,Mia Cruz,5,Feedback and Control Systems,86.6,74.3,78.8,60.4
22-69207,Mia Cruz,5,Introduction to HDL,78.5,75.2,82.4,68.8
22-69207,Mia Cruz,5,Research Methods,84.0,67.4,72.7,65.7
22-69207,Mia Cruz,5,Filipino sa Iba't Ibang Disiplina,95.3,74.0,75.2,71.5
22-69207,Mia Cruz,6,Microprocessors,69.7,73.7,76.1,70.3
22-69207,Mia Cruz,6,Software Design,67.8,75.7,82.0,75.3
22-69207,Mia Cruz,6,Routing and Switching (CISCO 2),88.9,73.2,83.5,71.5
22-69207,Mia Cruz,6,Digital Signal Processing,89.9,78.0,62.5,75.8
22-69207,Mia Cruz,6,Emerging Technologies in CpE,78.9,76.8,67.1,81.5
22-69207,Mia Cruz,6,CpE Practice and Design 1,77.3,87.4,72.2,65.2
22-69207,Mia Cruz,6,Cognate/Elective Course 2,89.5,78.7,75.5,64.1
22-69207,Mia Cruz,7,Scaling Networks (CISCO 3),78.8,81.7,68.0,68.5
22-69207,Mia Cruz,7,Operating Systems,79.0,79.5,84.7,70.0
22-69207,Mia Cruz,7,Computer Architecture and Organization,75.1,93.3,71.1,68.6
22-69207,Mia Cruz,7,Computer Engineering Drafting and Design,77.1,75.2,74.2,75.3
22-69207,Mia Cruz,7,Connecting Networks and Security (CISCO 4),84.0,85.6,82.1,73.0
22-69207,Mia Cruz,7,Embedded Systems,81.5,83.5,67.0,84.7
22-69207,Mia Cruz,7,Seminars and Fieldtrips,77.3,75.9,67.5,63.7
22-69207,Mia Cruz,7,Manufacturing and Quality Control,85.1,90.5,70.3,71.8
22-69207,Mia Cruz,7,Cognate/Elective Course 3 (Data Mining / AI Track),82.9,85.1,89.2,80.9
22-69207,Mia Cruz,7,ASEAN Literature,79.0,81.2,78.5,70.6
22-69207,Mia Cruz,8,Technopreneurship,73.8,73.2,81.7,78.3
22-69207,Mia Cruz,8,On-the-Job Training,79.2,79.6,82.0,60.5
22-69207,Mia Cruz,8,CpE Practice and Design 2,77.7,90.1,76.6,64.0
22-75592,Maria Garcia,1,Introduction to Engineering,78.1,81.2,60.0,69.2
22-75592,Maria Garcia,1,Understanding the Self,75.1,65.2,72.5,67.3
22-75592,Maria Garcia,1,Mathematics in the Modern World,75.4,71.2,64.1,60.0
22-75592,Maria Garcia,1,Readings in Philippine History,73.2,80.2,73.4,67.7
22-75592,Maria Garcia,1,Purposive Communication,71.1,72.8,76.4,71.1
22-75592,Maria Garcia,1,Differential Calculus,72.7,60.0,66.2,63.6
22-75592,Maria Garcia,1,General Chemistry,70.1,70.8,75.1,66.2
22-75592,Maria Garcia,1,Computer Programming 1,86.6,69.2,73.1,60.0
22-75592,Maria Garcia,2,Engineering Drawing,73.5,67.5,78.4,69.4
22-75592,Maria Garcia,2,Contemporary World,83.5,72.5,65.8,61.8
22-75592,Maria Garcia,2,Art Appreciation,79.0,85.9,74.4,65.8
22-75592,Maria Garcia,2,"Science, Technology and Society",76.3,74.9,84.1,75.5
22-75592,Maria Garcia,2,Integral Calculus,77.1,73.9,72.0,69.4
22-75592,Maria Garcia,2,Physics 1,73.0,68.2,76.4,66.6
22-75592,Maria Garcia,3,Life and Works of Rizal,83.1,84.9,75.1,70.2
22-75592,Maria Garcia,3,Ethics,96.6,76.3,65.4,66.4
22-75592,Maria Garcia,3,Modern Biology,84.8,65.5,65.7,73.1
22-75592,Maria Garcia,3,Computer Engineering as a Discipline,75.8,74.4,78.4,63.8
22-75592,Maria Garcia,3,Programming Logic and Design,71.8,69.9,78.5,72.5
22-75592,Maria Garcia,3,Discrete Mathematics,71.4,66.3,68.6,73.2
22-75592,Maria Garcia,3,Fundamentals of Electrical Engineering,71.0,69.8,63.6,64.7
22-75592,Maria Garcia,3,Computer-Aided Design,78.0,86.4,72.0,66.6
22-75592,Maria Garcia,4,Engineering Economics,82.6,79.2,68.5,81.9
22-75592,Maria Garcia,4,Engineering Data Analysis,75.4,74.7,73.5,68.5
22-75592,Maria Garcia,4,Differential Equations,84.7,69.7,74.9,67.4
22-75592,Maria Garcia,4,Object Oriented Programming,86.5,76.9,72.9,75.3
22-75592,Maria Garcia,4,Advanced Engineering Mathematics for CpE,77.7,68.3,78.3,70.9
22-75592,Maria Garcia,4,Cognate/Elective Course 1,80.2,75.4,77.2,74.9
22-75592,Maria Garcia,4,Electronic Circuits: Devices and Analysis,66.5,76.0,74.6,60.0
22-75592,Maria Garcia,4,Basic Occupational Health and Safety,78.6,79.2,75.5,72.9
22-75592,Maria Garcia,4,Numerical Methods,73.6,67.0,60.0,73.0
22-75592,Maria Garcia,4,Kontekstwalisadong Komunikasyon sa Filipino,81.6,82.1,67.6,72.9
22-75592,Maria Garcia,5,Logic Circuits and Design,67.0,68.5,71.5,70.9
22-75592,Maria Garcia,5,Data Structures and Algorithms,90.7,76.8,69.8,65.4
22-75592,Maria Garcia,5,"Introduction to Networks, Data and Digital Communications (CISCO 1)",76.5,91.5,79.5,77.6
22-75592,Maria Garcia,5,Fundamentals of Mixed Signals and Sensors,74.6,73.7,74.9,63.9
22-75592,Maria Garcia,5,Feedback and Control Systems,73.8,69.2,67.5,66.7
22-75592,Maria Garcia,5,Introduction to HDL,71.1,75.5,72.4,65.8
22-75592,Maria Garcia,5,Research Methods,72.4,75.7,68.9,68.4
22-75592,Maria Garcia,5,Filipino sa Iba't Ibang Disiplina,84.0,67.5,85.0,67.7
22-75592,Maria Garcia,6,Microprocessors,78.5,69.2,77.5,66.1
22-75592,Maria Garcia,6,Software Design,78.3,74.7,73.4,73.5
22-75592,Maria Garcia,6,Routing and Switching (CISCO 2),81.7,78.0,70.7,66.3
22-75592,Maria Garcia,6,Digital Signal Processing,72.8,76.0,74.2,71.2
22-75592,Maria Garcia,6,Emerging Technologies in CpE,80.6,80.5,74.0,60.5
22-75592,Maria Garcia,6,CpE Practice and Design 1,76.1,72.8,65.7,64.7
22-75592,Maria Garcia,6,Cognate/Elective Course 2,81.4,71.4,70.7,80.2
22-75592,Maria Garcia,7,Scaling Networks (CISCO 3),71.0,77.1,68.0,66.4
22-75592,Maria Garcia,7,Operating Systems,79.4,72.3,78.4,79.1
22-75592,Maria Garcia,7,Computer Architecture and Organization,81.1,79.9,62.4,65.4
22-75592,Maria Garcia,7,Computer Engineering Drafting and Design,78.8,79.0,81.2,73.3
22-75592,Maria Garcia,7,Connecting Networks and Security (CISCO 4),86.0,94.0,75.6,69.2
22-75592,Maria Garcia,7,Embedded Systems,77.1,68.2,71.1,60.0
22-75592,Maria Garcia,7,Seminars and Fieldtrips,74.2,74.4,77.7,74.8
22-75592,Maria Garcia,7,Manufacturing and Quality Control,70.2,86.2,71.6,68.3
22-75592,Maria Garcia,7,Cognate/Elective Course 3 (Data Mining / AI Track),70.9,74.5,81.3,72.0
22-75592,Maria Garcia,7,ASEAN Literature,78.0,76.4,63.3,67.5
22-75592,Maria Garcia,8,Technopreneurship,85.8,81.6,71.2,77.5
22-75592,Maria Garcia,8,On-the-Job Training,69.8,69.2,83.1,71.6
22-75592,Maria Garcia,8,CpE Practice and Design 2,75.7,74.7,67.1,69.8
22-47674,Aidan Ramos,1,Introduction to Engineering,79.2,75.8,65.6,70.2
22-47674,Aidan Ramos,1,Understanding the Self,74.8,69.7,80.1,81.7
22-47674,Aidan Ramos,1,Mathematics in the Modern World,87.6,77.5,69.0,66.4
22-47674,Aidan Ramos,1,Readings in Philippine History,80.4,73.1,80.4,60.0
22-47674,Aidan Ramos,1,Purposive Communication,76.2,80.5,67.5,67.2
22-47674,Aidan Ramos,1,Differential Calculus,79.5,82.7,62.8,60.0
22-47674,Aidan Ramos,1,General Chemistry,70.2,64.4,61.8,61.0
22-47674,Aidan Ramos,1,Computer Programming 1,86.9,75.3,74.2,64.3
22-47674,Aidan Ramos,2,Engineering Drawing,82.3,87.4,67.7,79.4
22-47674,Aidan Ramos,2,Contemporary World,80.2,75.8,74.9,71.0
22-47674,Aidan Ramos,2,Art Appreciation,89.1,78.8,75.8,66.1
22-47674,Aidan Ramos,2,"Science, Technology and Society",83.0,69.9,73.2,85.9
22-47674,Aidan Ramos,2,Integral Calculus,60.9,75.0,72.2,65.4
22-47674,Aidan Ramos,2,Physics 1,74.7,74.2,69.1,68.1
22-47674,Aidan Ramos,3,Life and Works of Rizal,75.1,87.8,71.0,72.0
22-47674,Aidan Ramos,3,Ethics,74.0,81.2,76.9,71.1
22-47674,Aidan Ramos,3,Modern Biology,69.8,69.1,80.7,62.2
22-47674,Aidan Ramos,3,Computer Engineering as a Discipline,81.8,70.0,78.6,64.5
22-47674,Aidan Ramos,3,Programming Logic and Design,73.8,72.9,70.7,72.4
22-47674,Aidan Ramos,3,Discrete Mathematics,76.3,67.1,70.4,60.0
22-47674,Aidan Ramos,3,Fundamentals of Electrical Engineering,82.4,81.1,72.9,70.7
22-47674,Aidan Ramos,3,Computer-Aided Design,89.0,75.2,67.3,72.6
22-47674,Aidan Ramos,4,Engineering Economics,71.2,74.4,68.9,64.4
22-47674,Aidan Ramos,4,Engineering Data Analysis,74.4,79.0,77.2,72.4
22-47674,Aidan Ramos,4,Differential Equations,77.9,72.1,60.0,69.0
22-47674,Aidan Ramos,4,Object Oriented Programming,65.9,65.6,73.0,71.6
22-47674,Aidan Ramos,4,Advanced Engineering Mathematics for CpE,73.2,82.9,73.4,65.3
22-47674,Aidan Ramos,4,Cognate/Elective Course 1,87.9,86.6,77.1,65.4
22-47674,Aidan Ramos,4,Electronic Circuits: Devices and Analysis,75.2,67.5,72.8,62.8
22-47674,Aidan Ramos,4,Basic Occupational Health and Safety,76.0,77.2,60.6,61.0
22-47674,Aidan Ramos,4,Numerical Methods,72.9,73.3,67.6,65.2
22-47674,Aidan Ramos,4,Kontekstwalisadong Komunikasyon sa Filipino,73.8,67.0,69.3,67.4
22-47674,Aidan Ramos,5,Logic Circuits and Design,76.6,76.8,75.5,73.2
22-47674,Aidan Ramos,5,Data Structures and Algorithms,75.7,67.7,81.6,72.3
22-47674,Aidan Ramos,5,"Introduction to Networks, Data and Digital Communications (CISCO 1)",73.8,78.8,80.4,80.4
22-47674,Aidan Ramos,5,Fundamentals of Mixed Signals and Sensors,80.0,82.5,65.8,68.9
22-47674,Aidan Ramos,5,Feedback and Control Systems,73.9,75.7,80.3,68.3
22-47674,Aidan Ramos,5,Introduction to HDL,72.9,68.6,82.9,72.2
22-47674,Aidan Ramos,5,Research Methods,80.7,73.6,74.1,62.7
22-47674,Aidan Ramos,5,Filipino sa Iba't Ibang Disiplina,80.3,68.6,70.4,64.8
22-47674,Aidan Ramos,6,Microprocessors,60.0,74.1,67.6,67.8
22-47674,Aidan Ramos,6,Software Design,79.6,87.8,75.8,72.0
22-47674,Aidan Ramos,6,Routing and Switching (CISCO 2),82.5,82.4,76.7,71.7
22-47674,Aidan Ramos,6,Digital Signal Processing,80.2,60.0,83.1,76.3
22-47674,Aidan Ramos,6,Emerging Technologies in CpE,80.9,68.7,81.2,65.8
22-47674,Aidan Ramos,6,CpE Practice and Design 1,81.2,68.0,85.9,60.0
22-47674,Aidan Ramos,6,Cognate/Elective Course 2,80.0,64.4,73.7,67.5
22-47674,Aidan Ramos,7,Scaling Networks (CISCO 3),86.4,74.6,80.8,63.9
22-47674,Aidan Ramos,7,Operating Systems,77.9,75.6,77.0,72.2
22-47674,Aidan Ramos,7,Computer Architecture and Organization,82.8,77.8,77.0,63.7
22-47674,Aidan Ramos,7,Computer Engineering Drafting and Design,80.8,85.8,62.9,72.0
22-47674,Aidan Ramos,7,Connecting Networks and Security (CISCO 4),83.6,85.9,78.3,70.6
22-47674,Aidan Ramos,7,Embedded Systems,81.1,71.7,70.7,61.1
22-47674,Aidan Ramos,7,Seminars and Fieldtrips,86.9,78.4,67.0,70.3
22-47674,Aidan Ramos,7,Manufacturing and Quality Control,85.5,82.1,67.4,60.0
22-47674,Aidan Ramos,7,Cognate/Elective Course 3 (Data Mining / AI Track),81.9,71.8,77.7,75.7
22-47674,Aidan Ramos,7,ASEAN Literature,84.7,86.1,79.9,79.1
22-47674,Aidan Ramos,8,Technopreneurship,86.3,84.4,72.3,60.9
22-47674,Aidan Ramos,8,On-the-Job Training,92.9,76.0,79.9,65.3
22-47674,Aidan Ramos,8,CpE Practice and Design 2,83.8,61.0,70.1,68.0
22-92945,Andres Flores,1,Introduction to Engineering,84.7,85.9,69.6,76.0
22-92945,Andres Flores,1,Understanding the Self,89.2,93.5,80.4,69.3
22-92945,Andres Flores,1,Mathematics in the Modern World,75.7,91.8,81.9,73.2
22-92945,Andres Flores,1,Readings in Philippine History,72.2,73.8,79.9,74.2
22-92945,Andres Flores,1,Purposive Communication,70.2,83.2,66.7,80.2
22-92945,Andres Flores,1,Differential Calculus,84.6,78.0,83.4,75.4
22-92945,Andres Flores,1,General Chemistry,91.3,81.3,78.3,71.6
22-92945,Andres Flores,1,Computer Programming 1,81.4,87.7,71.3,74.2
22-92945,Andres Flores,2,Engineering Drawing,77.2,67.6,77.9,74.8
22-92945,Andres Flores,2,Contemporary World,81.2,70.4,78.0,73.6
22-92945,Andres Flores,2,Art Appreciation,76.5,71.3,74.6,76.0
22-92945,Andres Flores,2,"Science, Technology and Society",84.4,74.1,77.0,77.4
22-92945,Andres Flores,2,Integral Calculus,76.3,81.2,85.5,65.7
22-92945,Andres Flores,2,Physics 1,90.2,90.5,76.2,71.3
22-92945,Andres Flores,3,Life and Works of Rizal,88.1,78.3,62.0,71.5
22-92945,Andres Flores,3,Ethics,84.7,83.9,70.9,70.4
22-92945,Andres Flores,3,Modern Biology,89.2,80.5,68.3,80.7
22-92945,Andres Flores,3,Computer Engineering as a Discipline,80.6,86.0,67.8,71.3
22-92945,Andres Flores,3,Programming Logic and Design,82.9,76.9,67.2,60.0
22-92945,Andres Flores,3,Discrete Mathematics,92.5,82.3,84.5,78.9
22-92945,Andres Flores,3,Fundamentals of Electrical Engineering,86.0,78.0,79.6,81.1
22-92945,Andres Flores,3,Computer-Aided Design,82.9,91.4,67.7,62.9
22-92945,Andres Flores,4,Engineering Economics,87.8,74.5,88.4,80.1
22-92945,Andres Flores,4,Engineering Data Analysis,92.8,86.1,72.0,63.4
22-92945,Andres Flores,4,Differential Equations,92.3,71.8,87.0,77.3
22-92945,Andres Flores,4,Object Oriented Programming,79.4,80.1,77.1,69.1
22-92945,Andres Flores,4,Advanced Engineering Mathematics for CpE,91.9,89.2,78.4,69.7
22-92945,Andres Flores,4,Cognate/Elective Course 1,87.7,65.3,76.9,74.7
22-92945,Andres Flores,4,Electronic Circuits: Devices and Analysis,77.5,85.8,76.5,69.3
22-92945,Andres Flores,4,Basic Occupational Health and Safety,87.7,72.9,81.4,60.2
22-92945,Andres Flores,4,Numerical Methods,85.0,81.1,74.2,75.7
22-92945,Andres Flores,4,Kontekstwalisadong Komunikasyon sa Filipino,81.4,85.7,79.5,74.8
22-92945,Andres Flores,5,Logic Circuits and Design,84.2,77.1,74.9,74.0
22-92945,Andres Flores,5,Data Structures and Algorithms,78.8,84.1,74.8,72.5
22-92945,Andres Flores,5,"Introduction to Networks, Data and Digital Communications (CISCO 1)",71.4,83.1,70.8,64.0
22-92945,Andres Flores,5,Fundamentals of Mixed Signals and Sensors,92.3,84.2,82.5,75.3
22-92945,Andres Flores,5,Feedback and Control Systems,82.8,79.1,82.2,80.1
22-92945,Andres Flores,5,Introduction to HDL,82.0,92.4,75.5,64.2
22-92945,Andres Flores,5,Research Methods,71.5,69.3,73.7,70.7
22-92945,Andres Flores,5,Filipino sa Iba't Ibang Disiplina,86.0,79.2,81.2,72.3
22-92945,Andres Flores,6,Microprocessors,82.5,76.5,85.2,63.4
22-92945,Andres Flores,6,Software Design,81.7,76.4,79.0,70.2
22-92945,Andres Flores,6,Routing and Switching (CISCO 2),79.9,75.9,82.6,70.3
22-92945,Andres Flores,6,Digital Signal Processing,95.1,82.5,77.6,72.4
22-92945,Andres Flores,6,Emerging Technologies in CpE,83.2,73.9,75.1,70.3
22-92945,Andres Flores,6,CpE Practice and Design 1,83.8,81.5,78.6,72.6
22-92945,Andres Flores,6,Cognate/Elective Course 2,89.3,80.0,89.9,70.6
22-92945,Andres Flores,7,Scaling Networks (CISCO 3),85.6,73.1,82.7,66.1
22-92945,Andres Flores,7,Operating Systems,82.6,75.9,77.0,68.9
22-92945,Andres Flores,7,Computer Architecture and Organization,77.7,78.3,85.9,75.4
22-92945,Andres Flores,7,Computer Engineering Drafting and Design,74.7,86.5,71.3,77.0
22-92945,Andres Flores,7,Connecting Networks and Security (CISCO 4),83.2,81.2,85.4,65.3
22-92945,Andres Flores,7,Embedded Systems,86.1,87.5,72.8,68.1
22-92945,Andres Flores,7,Seminars and Fieldtrips,80.2,81.4,67.7,75.4
22-92945,Andres Flores,7,Manufacturing and Quality Control,74.0,87.7,79.8,84.0
22-92945,Andres Flores,7,Cognate/Elective Course 3 (Data Mining / AI Track),83.9,75.6,69.5,71.7
22-92945,Andres Flores,7,ASEAN Literature,81.7,86.5,70.6,84.2
22-92945,Andres Flores,8,Technopreneurship,89.5,78.2,86.9,67.4
22-92945,Andres Flores,8,On-the-Job Training,83.1,71.8,87.2,62.2
22-92945,Andres Flores,8,CpE Practice and Design 2,73.2,75.6,84.1,77.8
22-79688,Miguel Bautista,1,Introduction to Engineering,78.9,82.0,72.0,71.4
22-79688,Miguel Bautista,1,Understanding the Self,88.1,74.4,68.1,71.6
22-79688,Miguel Bautista,1,Mathematics in the Modern World,82.0,75.9,78.1,67.0
22-79688,Miguel Bautista,1,Readings in Philippine History,79.0,78.1,74.5,78.5
22-79688,Miguel Bautista,1,Purposive Communication,80.4,74.0,75.9,74.9
22-79688,Miguel Bautista,1,Differential Calculus,82.2,79.5,63.1,60.0
22-79688,Miguel Bautista,1,General Chemistry,85.2,77.8,72.0,72.4
22-79688,Miguel Bautista,1,Computer Programming 1,88.3,82.9,77.1,62.2
22-79688,Miguel Bautista,2,Engineering Drawing,75.8,63.6,78.5,77.4
22-79688,Miguel Bautista,2,Contemporary World,85.3,79.9,71.8,65.4
22-79688,Miguel Bautista,2,Art Appreciation,73.3,74.9,66.9,79.4
22-79688,Miguel Bautista,2,"Science, Technology and Society",70.4,74.7,61.1,70.6
22-79688,Miguel Bautista,2,Integral Calculus,77.5,73.1,66.5,68.2
22-79688,Miguel Bautista,2,Physics 1,74.3,74.4,83.8,69.3
22-79688,Miguel Bautista,3,Life and Works of Rizal,81.4,73.1,68.0,68.7
22-79688,Miguel Bautista,3,Ethics,93.2,74.1,74.9,63.8
22-79688,Miguel Bautista,3,Modern Biology,61.0,70.5,86.4,71.8
22-79688,Miguel Bautista,3,Computer Engineering as a Discipline,88.0,73.8,60.0,62.2
22-79688,Miguel Bautista,3,Programming Logic and Design,79.1,75.8,71.3,64.3
22-79688,Miguel Bautista,3,Discrete Mathematics,83.2,72.2,73.9,69.4
22-79688,Miguel Bautista,3,Fundamentals of Electrical Engineering,78.1,72.7,72.2,82.0
22-79688,Miguel Bautista,3,Computer-Aided Design,87.0,84.1,70.0,62.1
22-79688,Miguel Bautista,4,Engineering Economics,84.8,81.3,73.6,66.6
22-79688,Miguel Bautista,4,Engineering Data Analysis,68.7,80.4,79.2,64.1
22-79688,Miguel Bautista,4,Differential Equations,72.9,82.6,68.2,78.9
22-79688,Miguel Bautista,4,Object Oriented Programming,76.1,72.1,71.6,65.2
22-79688,Miguel Bautista,4,Advanced Engineering Mathematics for CpE,84.3,80.5,78.6,69.3
22-79688,Miguel Bautista,4,Cognate/Elective Course 1,74.0,74.4,68.8,76.3
22-79688,Miguel Bautista,4,Electronic Circuits: Devices and Analysis,86.4,77.4,69.2,80.0
22-79688,Miguel Bautista,4,Basic Occupational Health and Safety,79.0,75.1,82.0,65.8
22-79688,Miguel Bautista,4,Numerical Methods,75.6,73.8,64.2,70.1
22-79688,Miguel Bautista,4,Kontekstwalisadong Komunikasyon sa Filipino,73.6,72.4,68.5,65.3
22-79688,Miguel Bautista,5,Logic Circuits and Design,75.3,79.4,73.8,71.0
22-79688,Miguel Bautista,5,Data Structures and Algorithms,90.8,73.5,75.0,71.8
22-79688,Miguel Bautista,5,"Introduction to Networks, Data and Digital Communications (CISCO 1)",76.3,76.1,71.5,68.7
22-79688,Miguel Bautista,5,Fundamentals of Mixed Signals and Sensors,76.8,75.0,74.8,60.0
22-79688,Miguel Bautista,5,Feedback and Control Systems,86.5,88.2,73.1,72.2
22-79688,Miguel Bautista,5,Introduction to HDL,86.8,70.0,80.3,68.2
22-79688,Miguel Bautista,5,Research Methods,91.9,74.7,78.2,67.7
22-79688,Miguel Bautista,5,Filipino sa Iba't Ibang Disiplina,91.4,72.8,79.7,72.6
22-79688,Miguel Bautista,6,Microprocessors,82.8,79.3,70.7,60.0
22-79688,Miguel Bautista,6,Software Design,83.2,71.5,78.4,69.6
22-79688,Miguel Bautista,6,Routing and Switching (CISCO 2),83.9,79.2,60.0,71.2
22-79688,Miguel Bautista,6,Digital Signal Processing,75.5,82.2,75.6,71.8
22-79688,Miguel Bautista,6,Emerging Technologies in CpE,75.1,68.9,68.8,60.0
22-79688,Miguel Bautista,6,CpE Practice and Design 1,74.7,67.1,64.1,69.5
22-79688,Miguel Bautista,6,Cognate/Elective Course 2,79.9,74.2,68.4,61.8
22-79688,Miguel Bautista,7,Scaling Networks (CISCO 3),74.8,69.5,71.0,60.0
22-79688,Miguel Bautista,7,Operating Systems,80.9,71.0,73.6,72.8
22-79688,Miguel Bautista,7,Computer Architecture and Organization,82.3,82.7,62.3,67.8
22-79688,Miguel Bautista,7,Computer Engineering Drafting and Design,87.0,81.0,85.8,80.9
22-79688,Miguel Bautista,7,Connecting Networks and Security (CISCO 4),78.5,72.9,65.6,64.7
22-79688,Miguel Bautista,7,Embedded Systems,77.9,74.4,69.2,73.1
22-79688,Miguel Bautista,7,Seminars and Fieldtrips,88.4,81.5,70.8,74.9
22-79688,Miguel Bautista,7,Manufacturing and Quality Control,82.4,77.7,74.1,69.5
22-79688,Miguel Bautista,7,Cognate/Elective Course 3 (Data Mining / AI Track),80.6,75.3,67.0,62.9
22-79688,Miguel Bautista,7,ASEAN Literature,80.0,78.4,70.9,62.0
22-79688,Miguel Bautista,8,Technopreneurship,85.7,82.1,60.8,76.9
22-79688,Miguel Bautista,8,On-the-Job Training,76.9,77.0,79.6,78.7
22-79688,Miguel Bautista,8,CpE Practice and Design 2,84.2,77.3,64.5,60.0
22-28743,Rafael Ramos,1,Introduction to Engineering,78.0,78.6,62.7,62.3
22-28743,Rafael Ramos,1,Understanding the Self,69.3,67.0,74.0,65.3
22-28743,Rafael Ramos,1,Mathematics in the Modern World,71.3,86.4,60.0,67.2
22-28743,Rafael Ramos,1,Readings in Philippine History,66.4,69.6,68.5,69.0
22-28743,Rafael Ramos,1,Purposive Communication,71.1,68.3,65.9,60.0
22-28743,Rafael Ramos,1,Differential Calculus,76.5,72.2,70.2,63.5
22-28743,Rafael Ramos,1,General Chemistry,71.5,77.5,73.7,72.4
22-28743,Rafael Ramos,1,Computer Programming 1,72.5,76.3,62.9,60.7
22-28743,Rafael Ramos,2,Engineering Drawing,82.2,77.9,68.1,60.0
22-28743,Rafael Ramos,2,Contemporary World,71.5,66.4,77.9,68.5
22-28743,Rafael Ramos,2,Art Appreciation,68.1,64.2,62.9,60.6
22-28743,Rafael Ramos,2,"Science, Technology and Society",71.7,77.2,61.8,77.7
22-28743,Rafael Ramos,2,Integral Calculus,67.0,62.0,77.7,71.9
22-28743,Rafael Ramos,2,Physics 1,71.6,72.8,70.0,64.8
22-28743,Rafael Ramos,3,Life and Works of Rizal,64.9,60.0,62.5,74.9
22-28743,Rafael Ramos,3,Ethics,83.8,68.9,61.8,65.6
22-28743,Rafael Ramos,3,Modern Biology,75.3,74.1,60.0,82.9
22-28743,Rafael Ramos,3,Computer Engineering as a Discipline,79.5,69.3,63.3,69.9
22-28743,Rafael Ramos,3,Programming Logic and Design,73.3,68.8,68.1,61.2
22-28743,Rafael Ramos,3,Discrete Mathematics,75.1,74.8,69.6,65.7
22-28743,Rafael Ramos,3,Fundamentals of Electrical Engineering,83.4,63.2,65.0,66.2
22-28743,Rafael Ramos,3,Computer-Aided Design,70.7,70.4,77.5,65.2
22-28743,Rafael Ramos,4,Engineering Economics,61.7,68.0,67.9,64.2
22-28743,Rafael Ramos,4,Engineering Data Analysis,76.0,73.3,66.7,60.0
22-28743,Rafael Ramos,4,Differential Equations,70.0,66.7,65.9,68.1
22-28743,Rafael Ramos,4,Object Oriented Programming,72.7,73.1,63.1,70.9
22-28743,Rafael Ramos,4,Advanced Engineering Mathematics for CpE,76.7,71.2,71.2,60.0
22-28743,Rafael Ramos,4,Cognate/Elective Course 1,60.0,64.6,69.9,62.4
22-28743,Rafael Ramos,4,Electronic Circuits: Devices and Analysis,74.2,67.7,60.0,74.6
22-28743,Rafael Ramos,4,Basic Occupational Health and Safety,71.4,67.9,63.6,71.5
22-28743,Rafael Ramos,4,Numerical Methods,78.0,64.7,74.6,63.1
22-28743,Rafael Ramos,4,Kontekstwalisadong Komunikasyon sa Filipino,69.0,68.7,62.9,60.0
22-28743,Rafael Ramos,5,Logic Circuits and Design,79.7,71.5,73.5,67.8
22-28743,Rafael Ramos,5,Data Structures and Algorithms,73.6,60.0,60.2,65.3
22-28743,Rafael Ramos,5,"Introduction to Networks, Data and Digital Communications (CISCO 1)",62.7,70.4,60.0,62.0
22-28743,Rafael Ramos,5,Fundamentals of Mixed Signals and Sensors,84.7,77.5,60.0,71.1
22-28743,Rafael Ramos,5,Feedback and Control Systems,83.6,87.3,70.4,60.0
22-28743,Rafael Ramos,5,Introduction to HDL,77.7,82.4,68.7,72.3
22-28743,Rafael Ramos,5,Research Methods,67.6,72.7,60.0,60.0
22-28743,Rafael Ramos,5,Filipino sa Iba't Ibang Disiplina,72.6,68.3,60.0,61.0
22-28743,Rafael Ramos,6,Microprocessors,77.0,72.3,70.2,70.5
22-28743,Rafael Ramos,6,Software Design,68.3,76.4,60.0,73.4
22-28743,Rafael Ramos,6,Routing and Switching (CISCO 2),77.0,66.1,63.7,63.1
22-28743,Rafael Ramos,6,Digital Signal Processing,76.3,77.1,60.0,66.6
22-28743,Rafael Ramos,6,Emerging Technologies in CpE,60.0,67.1,74.1,60.0
22-28743,Rafael Ramos,6,CpE Practice and Design 1,63.1,71.8,75.9,65.9
22-28743,Rafael Ramos,6,Cognate/Elective Course 2,60.0,60.0,66.0,60.0
22-28743,Rafael Ramos,7,Scaling Networks (CISCO 3),71.1,69.4,62.5,72.8
22-28743,Rafael Ramos,7,Operating Systems,73.9,75.5,70.9,61.0
22-28743,Rafael Ramos,7,Computer Architecture and Organization,73.9,71.0,73.9,62.2
22-28743,Rafael Ramos,7,Computer Engineering Drafting and Design,85.4,68.3,71.1,64.7
22-28743,Rafael Ramos,7,Connecting Networks and Security (CISCO 4),67.6,81.2,62.8,60.0
22-28743,Rafael Ramos,7,Embedded Systems,71.1,73.1,69.2,60.0
22-28743,Rafael Ramos,7,Seminars and Fieldtrips,70.1,74.2,73.8,64.1
22-28743,Rafael Ramos,7,Manufacturing and Quality Control,75.4,70.6,66.8,60.5
22-28743,Rafael Ramos,7,Cognate/Elective Course 3 (Data Mining / AI Track),61.0,64.0,70.8,60.0
22-28743,Rafael Ramos,7,ASEAN Literature,70.6,68.3,75.1,60.0
22-28743,Rafael Ramos,8,Technopreneurship,74.3,70.1,68.0,65.4
22-28743,Rafael Ramos,8,On-the-Job Training,73.0,75.3,67.4,74.4
22-28743,Rafael Ramos,8,CpE Practice and Design 2,72.9,60.3,71.4,66.3
22-70410,Marco Aquino,1,Introduction to Engineering,73.0,69.1,60.0,60.0
22-70410,Marco Aquino,1,Understanding the Self,82.7,67.1,73.5,60.0
22-70410,Marco Aquino,1,Mathematics in the Modern World,65.4,73.6,66.0,66.3
22-70410,Marco Aquino,1,Readings in Philippine History,72.7,69.4,63.6,60.0
22-70410,Marco Aquino,1,Purposive Communication,81.2,80.0,61.5,60.0
22-70410,Marco Aquino,1,Differential Calculus,69.6,71.5,65.5,66.0
22-70410,Marco Aquino,1,General Chemistry,71.4,68.8,81.1,60.0
22-70410,Marco Aquino,1,Computer Programming 1,82.3,79.0,70.4,60.0
22-70410,Marco Aquino,2,Engineering Drawing,74.5,69.0,69.2,60.0
22-70410,Marco Aquino,2,Contemporary World,77.3,76.5,74.7,61.8
22-70410,Marco Aquino,2,Art Appreciation,66.4,72.7,78.2,64.5
22-70410,Marco Aquino,2,"Science, Technology and Society",75.5,69.2,64.7,68.0
22-70410,Marco Aquino,2,Integral Calculus,71.0,71.9,69.7,65.1
22-70410,Marco Aquino,2,Physics 1,75.0,64.4,61.1,62.8
22-70410,Marco Aquino,3,Life and Works of Rizal,72.7,67.5,69.1,69.5
22-70410,Marco Aquino,3,Ethics,79.9,79.1,60.0,60.0
22-70410,Marco Aquino,3,Modern Biology,69.9,70.0,65.2,60.0
22-70410,Marco Aquino,3,Computer Engineering as a Discipline,71.0,73.5,60.0,78.1
22-70410,Marco Aquino,3,Programming Logic and Design,72.6,76.6,63.9,67.2
22-70410,Marco Aquino,3,Discrete Mathematics,72.2,74.6,65.4,72.4
22-70410,Marco Aquino,3,Fundamentals of Electrical Engineering,65.4,77.8,69.8,60.0
22-70410,Marco Aquino,3,Computer-Aided Design,86.0,83.2,60.0,66.4
22-70410,Marco Aquino,4,Engineering Economics,77.0,73.3,76.8,71.9
22-70410,Marco Aquino,4,Engineering Data Analysis,73.2,83.2,72.3,60.9
22-70410,Marco Aquino,4,Differential Equations,68.3,77.0,61.9,60.6
22-70410,Marco Aquino,4,Object Oriented Programming,71.0,72.4,66.2,60.0
22-70410,Marco Aquino,4,Advanced Engineering Mathematics for CpE,78.6,67.1,78.8,64.9
22-70410,Marco Aquino,4,Cognate/Elective Course 1,80.1,74.1,75.3,67.2
22-70410,Marco Aquino,4,Electronic Circuits: Devices and Analysis,75.7,78.6,84.0,63.8
22-70410,Marco Aquino,4,Basic Occupational Health and Safety,77.6,70.6,70.7,64.3
22-70410,Marco Aquino,4,Numerical Methods,60.0,68.3,72.6,60.0
22-70410,Marco Aquino,4,Kontekstwalisadong Komunikasyon sa Filipino,78.3,71.7,66.6,69.5
22-70410,Marco Aquino,5,Logic Circuits and Design,78.4,74.6,75.2,66.6
22-70410,Marco Aquino,5,Data Structures and Algorithms,62.6,68.0,60.0,67.7
22-70410,Marco Aquino,5,"Introduction to Networks, Data and Digital Communications (CISCO 1)",77.8,75.9,70.3,69.6
22-70410,Marco Aquino,5,Fundamentals of Mixed Signals and Sensors,64.8,71.4,60.6,63.2
22-70410,Marco Aquino,5,Feedback and Control Systems,81.3,76.1,70.6,62.0
22-70410,Marco Aquino,5,Introduction to HDL,68.3,73.2,75.8,67.8
22-70410,Marco Aquino,5,Research Methods,63.3,71.2,60.0,68.9
22-70410,Marco Aquino,5,Filipino sa Iba't Ibang Disiplina,68.6,63.3,72.6,67.4
22-70410,Marco Aquino,6,Microprocessors,75.7,85.2,72.9,61.5
22-70410,Marco Aquino,6,Software Design,75.6,68.6,75.0,65.4
22-70410,Marco Aquino,6,Routing and Switching (CISCO 2),74.7,61.6,67.7,63.4
22-70410,Marco Aquino,6,Digital Signal Processing,65.5,68.2,69.2,63.0
22-70410,Marco Aquino,6,Emerging Technologies in CpE,64.0,68.6,64.6,64.9
22-70410,Marco Aquino,6,CpE Practice and Design 1,73.3,68.1,65.0,64.5
22-70410,Marco Aquino,6,Cognate/Elective Course 2,78.2,71.9,75.9,70.6
22-70410,Marco Aquino,7,Scaling Networks (CISCO 3),81.4,78.5,76.8,60.0
22-70410,Marco Aquino,7,Operating Systems,76.3,77.6,75.8,60.0
22-70410,Marco Aquino,7,Computer Architecture and Organization,78.2,72.5,80.2,60.0
22-70410,Marco Aquino,7,Computer Engineering Drafting and Design,69.7,61.2,70.0,79.0
22-70410,Marco Aquino,7,Connecting Networks and Security (CISCO 4),72.2,70.9,70.7,63.1
22-70410,Marco Aquino,7,Embedded Systems,76.5,74.4,64.0,64.8
22-70410,Marco Aquino,7,Seminars and Fieldtrips,77.3,76.2,75.5,66.1
22-70410,Marco Aquino,7,Manufacturing and Quality Control,76.4,76.6,65.5,61.6
22-70410,Marco Aquino,7,Cognate/Elective Course 3 (Data Mining / AI Track),71.7,62.6,69.8,70.0
22-70410,Marco Aquino,7,ASEAN Literature,68.5,73.2,63.9,60.0
22-70410,Marco Aquino,8,Technopreneurship,85.1,64.6,60.0,65.4
22-70410,Marco Aquino,8,On-the-Job Training,74.4,74.6,79.7,60.0
22-70410,Marco Aquino,8,CpE Practice and Design 2,69.3,80.3,73.3,68.9
22-75747,Maria Flores,1,Introduction to Engineering,71.1,79.1,74.2,66.8
22-75747,Maria Flores,1,Understanding the Self,71.1,73.0,79.3,60.0
22-75747,Maria Flores,1,Mathematics in the Modern World,66.5,65.4,63.9,62.7
22-75747,Maria Flores,1,Readings in Philippine History,80.3,75.1,69.7,67.3
22-75747,Maria Flores,1,Purposive Communication,78.3,62.3,75.8,60.7
22-75747,Maria Flores,1,Differential Calculus,68.7,71.2,65.9,65.7
22-75747,Maria Flores,1,General Chemistry,72.2,67.5,75.5,67.0
22-75747,Maria Flores,1,Computer Programming 1,76.7,76.8,65.5,79.0
22-75747,Maria Flores,2,Engineering Drawing,71.0,75.9,70.4,66.3
22-75747,Maria Flores,2,Contemporary World,71.9,67.7,76.5,60.0
22-75747,Maria Flores,2,Art Appreciation,80.5,76.2,67.1,68.8
22-75747,Maria Flores,2,"Science, Technology and Society",73.6,65.7,62.8,69.6
22-75747,Maria Flores,2,Integral Calculus,75.0,70.7,64.0,61.6
22-75747,Maria Flores,2,Physics 1,69.4,60.0,66.7,65.9
22-75747,Maria Flores,3,Life and Works of Rizal,75.0,83.0,63.3,61.7
22-75747,Maria Flores,3,Ethics,75.4,73.8,60.0,69.3
22-75747,Maria Flores,3,Modern Biology,72.8,60.0,65.7,60.0
22-75747,Maria Flores,3,Computer Engineering as a Discipline,71.9,64.3,71.9,76.2
22-75747,Maria Flores,3,Programming Logic and Design,76.5,60.0,71.4,64.8
22-75747,Maria Flores,3,Discrete Mathematics,64.7,71.3,71.6,60.0
22-75747,Maria Flores,3,Fundamentals of Electrical Engineering,67.6,63.1,68.1,67.3
22-75747,Maria Flores,3,Computer-Aided Design,74.4,71.1,75.5,71.0
22-75747,Maria Flores,4,Engineering Economics,75.8,77.3,65.4,60.0
22-75747,Maria Flores,4,Engineering Data Analysis,68.2,65.7,60.0,60.0
22-75747,Maria Flores,4,Differential Equations,78.0,74.0,69.5,63.6
22-75747,Maria Flores,4,Object Oriented Programming,83.6,66.3,63.9,72.7
22-75747,Maria Flores,4,Advanced Engineering Mathematics for CpE,71.5,65.2,69.7,60.2
22-75747,Maria Flores,4,Cognate/Elective Course 1,69.9,67.5,71.6,67.2
22-75747,Maria Flores,4,Electronic Circuits: Devices and Analysis,86.6,73.4,70.2,76.8
22-75747,Maria Flores,4,Basic Occupational Health and Safety,80.5,73.2,60.0,60.8
22-75747,Maria Flores,4,Numerical Methods,65.0,69.4,63.3,72.4
22-75747,Maria Flores,4,Kontekstwalisadong Komunikasyon sa Filipino,65.2,65.4,70.8,68.8
22-75747,Maria Flores,5,Logic Circuits and Design,62.0,64.8,70.5,76.3
22-75747,Maria Flores,5,Data Structures and Algorithms,86.3,70.2,68.7,60.9
22-75747,Maria Flores,5,"Introduction to Networks, Data and Digital Communications (CISCO 1)",78.7,81.9,77.2,65.8
22-75747,Maria Flores,5,Fundamentals of Mixed Signals and Sensors,72.5,75.2,80.4,65.8
22-75747,Maria Flores,5,Feedback and Control Systems,60.5,67.0,64.7,60.0
22-75747,Maria Flores,5,Introduction to HDL,78.9,78.2,83.2,60.2
22-75747,Maria Flores,5,Research Methods,79.0,78.2,72.5,60.0
22-75747,Maria Flores,5,Filipino sa Iba't Ibang Disiplina,68.2,72.9,69.9,62.3
22-75747,Maria Flores,6,Microprocessors,85.2,72.8,60.7,66.9
22-75747,Maria Flores,6,Software Design,77.8,74.7,71.7,74.9
22-75747,Maria Flores,6,Routing and Switching (CISCO 2),68.2,70.1,79.0,60.0
22-75747,Maria Flores,6,Digital Signal Processing,71.0,76.6,73.6,66.7
22-75747,Maria Flores,6,Emerging Technologies in CpE,79.0,66.4,77.9,60.0
22-75747,Maria Flores,6,CpE Practice and Design 1,67.7,74.7,66.4,66.9
22-75747,Maria Flores,6,Cognate/Elective Course 2,77.5,83.3,72.3,62.2
22-75747,Maria Flores,7,Scaling Networks (CISCO 3),79.0,67.7,75.2,66.3
22-75747,Maria Flores,7,Operating Systems,77.3,62.0,60.0,60.0
22-75747,Maria Flores,7,Computer Architecture and Organization,88.0,68.3,76.5,64.3
22-75747,Maria Flores,7,Computer Engineering Drafting and Design,76.1,74.9,81.9,71.7
22-75747,Maria Flores,7,Connecting Networks and Security (CISCO 4),77.2,80.5,65.9,72.3
22-75747,Maria Flores,7,Embedded Systems,82.9,80.5,71.1,65.6
22-75747,Maria Flores,7,Seminars and Fieldtrips,69.4,67.5,63.9,67.8
22-75747,Maria Flores,7,Manufacturing and Quality Control,76.1,77.8,75.0,61.8
22-75747,Maria Flores,7,Cognate/Elective Course 3 (Data Mining / AI Track),68.4,71.3,65.0,60.7
22-75747,Maria Flores,7,ASEAN Literature,84.8,63.2,81.5,67.4
22-75747,Maria Flores,8,Technopreneurship,80.5,77.6,73.1,75.6
22-75747,Maria Flores,8,On-the-Job Training,68.1,71.4,64.3,60.0
22-75747,Maria Flores,8,CpE Practice and Design 2,70.6,83.6,68.3,77.5
22-40027,Juan Santos,1,Introduction to Engineering,93.2,96.2,86.5,85.1
22-40027,Juan Santos,1,Understanding the Self,82.6,79.6,76.8,71.0
22-40027,Juan Santos,1,Mathematics in the Modern World,80.0,81.2,70.8,61.3
22-40027,Juan Santos,1,Readings in Philippine History,82.8,74.1,71.5,70.1
22-40027,Juan Santos,1,Purposive Communication,78.4,84.9,74.0,77.9
22-40027,Juan Santos,1,Differential Calculus,80.3,76.2,74.5,61.9
22-40027,Juan Santos,1,General Chemistry,81.1,81.8,79.5,61.5
22-40027,Juan Santos,1,Computer Programming 1,73.0,76.5,84.7,73.6
22-40027,Juan Santos,2,Engineering Drawing,76.1,69.6,71.0,66.6
22-40027,Juan Santos,2,Contemporary World,86.3,84.3,68.7,75.5
22-40027,Juan Santos,2,Art Appreciation,84.6,71.2,74.5,73.0
22-40027,Juan Santos,2,"Science, Technology and Society",81.6,68.0,75.8,74.8
22-40027,Juan Santos,2,Integral Calculus,88.6,72.7,70.3,68.3
22-40027,Juan Santos,2,Physics 1,80.8,77.3,77.2,62.9
22-40027,Juan Santos,3,Life and Works of Rizal,83.0,73.8,74.2,81.2
22-40027,Juan Santos,3,Ethics,72.3,76.6,67.4,71.9
22-40027,Juan Santos,3,Modern Biology,85.4,77.7,72.9,77.6
22-40027,Juan Santos,3,Computer Engineering as a Discipline,82.6,83.2,79.3,60.0
22-40027,Juan Santos,3,Programming Logic and Design,81.7,73.2,71.4,81.1
22-40027,Juan Santos,3,Discrete Mathematics,76.8,88.1,65.1,63.1
22-40027,Juan Santos,3,Fundamentals of Electrical Engineering,85.3,76.3,76.9,70.4
22-40027,Juan Santos,3,Computer-Aided Design,79.9,76.5,76.2,74.9
22-40027,Juan Santos,4,Engineering Economics,90.4,77.0,72.7,67.8
22-40027,Juan Santos,4,Engineering Data Analysis,87.9,80.9,62.2,60.0
22-40027,Juan Santos,4,Differential Equations,74.1,78.1,73.4,72.7
22-40027,Juan Santos,4,Object Oriented Programming,81.1,88.1,81.0,72.7
22-40027,Juan Santos,4,Advanced Engineering Mathematics for CpE,86.0,66.8,73.0,70.4
22-40027,Juan Santos,4,Cognate/Elective Course 1,85.8,69.4,74.8,74.7
22-40027,Juan Santos,4,Electronic Circuits: Devices and Analysis,83.6,85.5,79.7,70.7
22-40027,Juan Santos,4,Basic Occupational Health and Safety,84.7,77.0,75.9,75.8
22-40027,Juan Santos,4,Numerical Methods,78.8,78.9,79.3,73.9
22-40027,Juan Santos,4,Kontekstwalisadong Komunikasyon sa Filipino,88.1,92.2,79.2,68.2
22-40027,Juan Santos,5,Logic Circuits and Design,83.8,81.1,78.8,80.0
22-40027,Juan Santos,5,Data Structures and Algorithms,72.0,88.8,87.5,75.7
22-40027,Juan Santos,5,"Introduction to Networks, Data and Digital Communications (CISCO 1)",85.7,78.2,76.4,76.5
22-40027,Juan Santos,5,Fundamentals of Mixed Signals and Sensors,84.6,82.7,78.9,76.5
22-40027,Juan Santos,5,Feedback and Control Systems,83.8,70.6,78.6,80.8
22-40027,Juan Santos,5,Introduction to HDL,80.6,87.3,69.6,70.9
22-40027,Juan Santos,5,Research Methods,76.8,86.5,84.9,70.4
22-40027,Juan Santos,5,Filipino sa Iba't Ibang Disiplina,87.7,88.1,74.8,71.8
22-40027,Juan Santos,6,Microprocessors,85.2,73.3,75.8,83.9
22-40027,Juan Santos,6,Software Design,79.1,84.8,79.5,71.3
22-40027,Juan Santos,6,Routing and Switching (CISCO 2),83.5,90.2,79.7,76.5
22-40027,Juan Santos,6,Digital Signal Processing,88.7,75.0,67.3,80.2
22-40027,Juan Santos,6,Emerging Technologies in CpE,83.0,85.0,71.8,74.6
22-40027,Juan Santos,6,CpE Practice and Design 1,74.1,78.6,71.1,65.7
22-40027,Juan Santos,6,Cognate/Elective Course 2,80.3,65.9,69.4,77.0
22-40027,Juan Santos,7,Scaling Networks (CISCO 3),84.2,73.2,79.7,67.0
22-40027,Juan Santos,7,Operating Systems,86.5,79.0,74.4,71.7
22-40027,Juan Santos,7,Computer Architecture and Organization,96.1,73.8,76.5,75.8
22-40027,Juan Santos,7,Computer Engineering Drafting and Design,75.0,68.8,71.5,75.6
22-40027,Juan Santos,7,Connecting Networks and Security (CISCO 4),80.1,78.3,81.9,67.4
22-40027,Juan Santos,7,Embedded Systems,80.2,69.3,77.0,72.4
22-40027,Juan Santos,7,Seminars and Fieldtrips,85.4,71.4,73.9,63.3
22-40027,Juan Santos,7,Manufacturing and Quality Control,79.3,87.2,73.2,62.9
22-40027,Juan Santos,7,Cognate/Elective Course 3 (Data Mining / AI Track),78.1,70.0,68.6,76.3
22-40027,Juan Santos,7,ASEAN Literature,72.0,80.1,75.2,67.8
22-40027,Juan Santos,8,Technopreneurship,82.0,72.6,80.1,66.8
22-40027,Juan Santos,8,On-the-Job Training,78.3,75.2,79.2,74.3
22-40027,Juan Santos,8,CpE Practice and Design 2,64.9,79.8,64.5,68.9
22-76440,Camila Santos,1,Introduction to Engineering,77.9,74.1,76.1,73.5
22-76440,Camila Santos,1,Understanding the Self,74.0,71.4,72.9,60.0
22-76440,Camila Santos,1,Mathematics in the Modern World,75.6,84.2,63.9,67.0
22-76440,Camila Santos,1,Readings in Philippine History,75.0,88.3,69.9,66.3
22-76440,Camila Santos,1,Purposive Communication,72.4,76.3,74.7,63.8
22-76440,Camila Santos,1,Differential Calculus,84.4,77.7,78.1,67.1
22-76440,Camila Santos,1,General Chemistry,79.9,74.8,81.7,69.7
22-76440,Camila Santos,1,Computer Programming 1,77.3,72.2,68.7,69.4
22-76440,Camila Santos,2,Engineering Drawing,85.0,73.5,75.2,71.6
22-76440,Camila Santos,2,Contemporary World,80.7,66.0,67.5,61.0
22-76440,Camila Santos,2,Art Appreciation,78.8,70.8,70.1,62.0
22-76440,Camila Santos,2,"Science, Technology and Society",76.2,69.5,77.6,72.0
22-76440,Camila Santos,2,Integral Calculus,79.4,74.3,60.7,66.3
22-76440,Camila Santos,2,Physics 1,73.9,77.6,76.7,71.0
22-76440,Camila Santos,3,Life and Works of Rizal,86.2,72.8,69.4,75.4
22-76440,Camila Santos,3,Ethics,79.6,74.8,84.2,72.6
22-76440,Camila Santos,3,Modern Biology,77.3,72.0,80.9,70.3
22-76440,Camila Santos,3,Computer Engineering as a Discipline,78.7,80.3,78.4,72.5
22-76440,Camila Santos,3,Programming Logic and Design,82.6,77.6,75.2,63.6
22-76440,Camila Santos,3,Discrete Mathematics,89.3,68.7,74.8,61.0
22-76440,Camila Santos,3,Fundamentals of Electrical Engineering,79.5,74.2,75.3,72.5
22-76440,Camila Santos,3,Computer-Aided Design,74.3,77.5,82.8,62.6
22-76440,Camila Santos,4,Engineering Economics,73.5,81.4,73.6,70.1
22-76440,Camila Santos,4,Engineering Data Analysis,84.6,71.3,69.9,65.2
22-76440,Camila Santos,4,Differential Equations,76.4,84.2,62.8,61.9
22-76440,Camila Santos,4,Object Oriented Programming,69.1,83.3,68.2,66.0
22-76440,Camila Santos,4,Advanced Engineering Mathematics for CpE,68.8,74.5,78.2,70.6
22-76440,Camila Santos,4,Cognate/Elective Course 1,76.6,65.5,69.9,68.9
22-76440,Camila Santos,4,Electronic Circuits: Devices and Analysis,74.1,81.6,79.8,67.3
22-76440,Camila Santos,4,Basic Occupational Health and Safety,82.9,75.6,80.0,81.4
22-76440,Camila Santos,4,Numerical Methods,71.9,80.7,80.8,63.2
22-76440,Camila Santos,4,Kontekstwalisadong Komunikasyon sa Filipino,75.1,72.7,72.3,67.0
22-76440,Camila Santos,5,Logic Circuits and Design,78.9,82.7,63.1,64.6
22-76440,Camila Santos,5,Data Structures and Algorithms,81.3,78.3,65.5,71.3
22-76440,Camila Santos,5,"Introduction to Networks, Data and Digital Communications (CISCO 1)",85.2,74.6,65.8,73.2
22-76440,Camila Santos,5,Fundamentals of Mixed Signals and Sensors,90.4,72.3,74.7,77.0
22-76440,Camila Santos,5,Feedback and Control Systems,79.2,65.6,75.6,63.2
22-76440,Camila Santos,5,Introduction to HDL,72.4,67.3,81.6,65.4
22-76440,Camila Santos,5,Research Methods,80.6,79.7,74.1,70.9
22-76440,Camila Santos,5,Filipino sa Iba't Ibang Disiplina,80.9,77.1,68.5,64.1
22-76440,Camila Santos,6,Microprocessors,79.4,76.9,77.0,77.1
22-76440,Camila Santos,6,Software Design,79.3,70.1,60.0,63.4
22-76440,Camila Santos,6,Routing and Switching (CISCO 2),69.2,70.6,73.3,68.5
22-76440,Camila Santos,6,Digital Signal Processing,89.6,79.0,84.4,73.3
22-76440,Camila Santos,6,Emerging Technologies in CpE,83.8,72.8,65.4,65.3
22-76440,Camila Santos,6,CpE Practice and Design 1,78.5,72.5,67.1,71.7
22-76440,Camila Santos,6,Cognate/Elective Course 2,71.2,65.7,65.1,66.6
22-76440,Camila Santos,7,Scaling Networks (CISCO 3),71.3,73.6,75.4,71.4
22-76440,Camila Santos,7,Operating Systems,73.3,67.1,68.4,71.9
22-76440,Camila Santos,7,Computer Architecture and Organization,85.4,79.8,81.7,80.8
22-76440,Camila Santos,7,Computer Engineering Drafting and Design,77.2,86.6,72.9,76.6
22-76440,Camila Santos,7,Connecting Networks and Security (CISCO 4),81.5,63.1,66.0,60.7
22-76440,Camila Santos,7,Embedded Systems,69.4,82.9,86.9,68.9
22-76440,Camila Santos,7,Seminars and Fieldtrips,83.7,85.1,74.3,69.0
22-76440,Camila Santos,7,Manufacturing and Quality Control,78.6,80.9,79.7,73.2
22-76440,Camila Santos,7,Cognate/Elective Course 3 (Data Mining / AI Track),79.8,74.6,62.3,73.4
22-76440,Camila Santos,7,ASEAN Literature,70.9,79.9,77.6,62.3
22-76440,Camila Santos,8,Technopreneurship,74.9,89.0,72.6,61.8
22-76440,Camila Santos,8,On-the-Job Training,83.4,71.6,61.6,72.3
22-76440,Camila Santos,8,CpE Practice and Design 2,73.1,78.2,68.2,73.4
22-90852,Mia Aquino,1,Introduction to Engineering,82.3,63.3,77.8,69.7
22-90852,Mia Aquino,1,Understanding the Self,89.7,81.2,80.1,67.2
22-90852,Mia Aquino,1,Mathematics in the Modern World,79.2,81.2,75.9,81.9
22-90852,Mia Aquino,1,Readings in Philippine History,80.3,71.4,70.6,77.3
22-90852,Mia Aquino,1,Purposive Communication,80.2,77.5,81.9,66.0
22-90852,Mia Aquino,1,Differential Calculus,70.5,76.3,79.5,72.3
22-90852,Mia Aquino,1,General Chemistry,74.6,87.5,79.0,76.2
22-90852,Mia Aquino,1,Computer Programming 1,82.1,69.4,75.8,75.5
22-90852,Mia Aquino,2,Engineering Drawing,87.0,82.1,77.7,60.2
22-90852,Mia Aquino,2,Contemporary World,81.1,73.0,83.2,78.3
22-90852,Mia Aquino,2,Art Appreciation,75.5,78.5,77.0,76.9
22-90852,Mia Aquino,2,"Science, Technology and Society",71.2,65.5,75.8,60.0
22-90852,Mia Aquino,2,Integral Calculus,84.9,85.0,85.5,70.1
22-90852,Mia Aquino,2,Physics 1,84.9,85.3,71.0,79.3
22-90852,Mia Aquino,3,Life and Works of Rizal,82.9,75.2,76.4,70.6
22-90852,Mia Aquino,3,Ethics,85.9,76.6,76.9,67.8
22-90852,Mia Aquino,3,Modern Biology,78.3,82.4,72.7,78.7
22-90852,Mia Aquino,3,Computer Engineering as a Discipline,84.8,74.2,76.8,66.9
22-90852,Mia Aquino,3,Programming Logic and Design,69.9,73.6,73.7,73.1
22-90852,Mia Aquino,3,Discrete Mathematics,84.8,86.8,72.2,71.6
22-90852,Mia Aquino,3,Fundamentals of Electrical Engineering,90.1,66.2,71.9,64.1
22-90852,Mia Aquino,3,Computer-Aided Design,79.0,75.2,78.2,72.1
22-90852,Mia Aquino,4,Engineering Economics,73.4,75.3,75.5,75.9
22-90852,Mia Aquino,4,Engineering Data Analysis,98.0,85.6,72.0,73.3
22-90852,Mia Aquino,4,Differential Equations,85.0,78.3,80.9,60.2
22-90852,Mia Aquino,4,Object Oriented Programming,82.9,74.3,73.3,78.8
22-90852,Mia Aquino,4,Advanced Engineering Mathematics for CpE,76.3,83.0,82.8,74.9
22-90852,Mia Aquino,4,Cognate/Elective Course 1,69.9,85.3,72.7,66.8
22-90852,Mia Aquino,4,Electronic Circuits: Devices and Analysis,78.3,75.5,67.4,71.6
22-90852,Mia Aquino,4,Basic Occupational Health and Safety,77.6,82.8,78.6,81.2
22-90852,Mia Aquino,4,Numerical Methods,82.6,76.6,69.2,87.0
22-90852,Mia Aquino,4,Kontekstwalisadong Komunikasyon sa Filipino,85.2,74.6,85.7,79.6
22-90852,Mia Aquino,5,Logic Circuits and Design,72.1,73.3,73.8,64.2
22-90852,Mia Aquino,5,Data Structures and Algorithms,79.0,81.4,65.7,71.8
22-90852,Mia Aquino,5,"Introduction to Networks, Data and Digital Communications (CISCO 1)",86.6,79.6,73.5,66.0
22-90852,Mia Aquino,5,Fundamentals of Mixed Signals and Sensors,85.2,70.7,76.0,70.7
22-90852,Mia Aquino,5,Feedback and Control Systems,90.7,77.9,75.1,66.4
22-90852,Mia Aquino,5,Introduction to HDL,82.8,75.3,69.4,66.0
22-90852,Mia Aquino,5,Research Methods,84.4,72.2,69.5,76.9
22-90852,Mia Aquino,5,Filipino sa Iba't Ibang Disiplina,80.2,84.5,73.4,71.5
22-90852,Mia Aquino,6,Microprocessors,81.1,86.1,82.4,77.5
22-90852,Mia Aquino,6,Software Design,75.8,71.2,78.6,78.3
22-90852,Mia Aquino,6,Routing and Switching (CISCO 2),86.5,77.2,78.4,74.5
22-90852,Mia Aquino,6,Digital Signal Processing,84.8,82.6,78.6,69.1
22-90852,Mia Aquino,6,Emerging Technologies in CpE,75.4,73.0,64.4,70.9
22-90852,Mia Aquino,6,CpE Practice and Design 1,81.0,83.4,83.1,79.4
22-90852,Mia Aquino,6,Cognate/Elective Course 2,88.1,72.6,65.4,75.6
22-90852,Mia Aquino,7,Scaling Networks (CISCO 3),87.8,86.5,76.9,60.0
22-90852,Mia Aquino,7,Operating Systems,81.8,80.5,81.5,78.6
22-90852,Mia Aquino,7,Computer Architecture and Organization,85.7,74.3,68.4,73.8
22-90852,Mia Aquino,7,Computer Engineering Drafting and Design,75.4,86.6,64.4,74.0
22-90852,Mia Aquino,7,Connecting Networks and Security (CISCO 4),81.5,75.9,68.4,60.0
22-90852,Mia Aquino,7,Embedded Systems,77.0,74.7,81.3,65.9
22-90852,Mia Aquino,7,Seminars and Fieldtrips,83.9,71.0,78.4,60.0
22-90852,Mia Aquino,7,Manufacturing and Quality Control,92.8,76.9,60.0,66.3
22-90852,Mia Aquino,7,Cognate/Elective Course 3 (Data Mining / AI Track),74.3,73.2,71.8,66.0
22-90852,Mia Aquino,7,ASEAN Literature,76.3,71.8,80.5,78.7
22-90852,Mia Aquino,8,Technopreneurship,79.7,78.7,68.8,71.9
22-90852,Mia Aquino,8,On-the-Job Training,82.6,77.5,77.9,73.3
22-90852,Mia Aquino,8,CpE Practice and Design 2,74.9,85.9,74.3,81.5
22-83539,Alex Santos,1,Introduction to Engineering,77.7,84.7,76.9,67.5
22-83539,Alex Santos,1,Understanding the Self,70.8,68.7,73.1,67.0
22-83539,Alex Santos,1,Mathematics in the Modern World,73.0,79.2,71.4,72.4
22-83539,Alex Santos,1,Readings in Philippine History,69.3,78.9,72.9,73.3
22-83539,Alex Santos,1,Purposive Communication,81.0,72.4,68.9,76.8
22-83539,Alex Santos,1,Differential Calculus,74.8,78.7,68.9,60.0
22-83539,Alex Santos,1,General Chemistry,69.2,76.7,75.4,69.8
22-83539,Alex Santos,1,Computer Programming 1,79.3,72.6,62.7,67.3
22-83539,Alex Santos,2,Engineering Drawing,77.4,70.7,73.9,67.7
22-83539,Alex Santos,2,Contemporary World,71.5,71.8,78.4,74.4
22-83539,Alex Santos,2,Art Appreciation,76.3,73.2,61.3,76.4
22-83539,Alex Santos,2,"Science, Technology and Society",81.4,77.4,60.0,66.4
22-83539,Alex Santos,2,Integral Calculus,75.8,78.3,68.5,66.0
22-83539,Alex Santos,2,Physics 1,80.3,69.6,67.7,68.5
22-83539,Alex Santos,3,Life and Works of Rizal,83.2,77.7,76.3,66.5
22-83539,Alex Santos,3,Ethics,84.1,62.4,82.0,79.0
22-83539,Alex Santos,3,Modern Biology,79.3,79.2,71.0,66.1
22-83539,Alex Santos,3,Computer Engineering as a Discipline,71.5,72.6,73.2,68.6
22-83539,Alex Santos,3,Programming Logic and Design,84.4,70.9,60.0,73.6
22-83539,Alex Santos,3,Discrete Mathematics,69.2,70.9,72.8,69.9
22-83539,Alex Santos,3,Fundamentals of Electrical Engineering,67.8,69.7,62.2,71.0
22-83539,Alex Santos,3,Computer-Aided Design,83.5,66.8,77.1,72.8
22-83539,Alex Santos,4,Engineering Economics,71.2,61.0,63.5,62.5
22-83539,Alex Santos,4,Engineering Data Analysis,85.8,73.5,65.1,68.2
22-83539,Alex Santos,4,Differential Equations,68.8,77.3,65.3,62.4
22-83539,Alex Santos,4,Object Oriented Programming,74.7,80.8,80.6,60.0
22-83539,Alex Santos,4,Advanced Engineering Mathematics for CpE,73.0,77.3,78.2,60.0
22-83539,Alex Santos,4,Cognate/Elective Course 1,73.0,67.3,60.0,60.0
22-83539,Alex Santos,4,Electronic Circuits: Devices and Analysis,73.0,74.5,77.1,69.4
22-83539,Alex Santos,4,Basic Occupational Health and Safety,80.8,73.0,65.6,65.0
22-83539,Alex Santos,4,Numerical Methods,80.7,80.4,70.3,61.8
22-83539,Alex Santos,4,Kontekstwalisadong Komunikasyon sa Filipino,77.2,75.8,77.3,62.0
22-83539,Alex Santos,5,Logic Circuits and Design,72.4,78.7,68.6,64.6
22-83539,Alex Santos,5,Data Structures and Algorithms,80.0,62.0,79.7,60.1
22-83539,Alex Santos,5,"Introduction to Networks, Data and Digital Communications (CISCO 1)",77.6,69.6,69.0,62.2
22-83539,Alex Santos,5,Fundamentals of Mixed Signals and Sensors,81.6,72.1,67.6,78.1
22-83539,Alex Santos,5,Feedback and Control Systems,76.7,70.2,62.2,78.6
22-83539,Alex Santos,5,Introduction to HDL,73.1,86.5,73.5,68.1
22-83539,Alex Santos,5,Research Methods,76.2,86.2,60.0,67.4
22-83539,Alex Santos,5,Filipino sa Iba't Ibang Disiplina,73.5,71.6,70.8,64.5
22-83539,Alex Santos,6,Microprocessors,77.6,74.0,63.2,69.5
22-83539,Alex Santos,6,Software Design,76.7,67.0,78.6,71.8
22-83539,Alex Santos,6,Routing and Switching (CISCO 2),77.5,75.3,67.6,70.6
22-83539,Alex Santos,6,Digital Signal Processing,86.0,79.1,67.8,67.1
22-83539,Alex Santos,6,Emerging Technologies in CpE,75.9,75.3,66.9,60.3
22-83539,Alex Santos,6,CpE Practice and Design 1,84.6,66.4,64.2,60.0
22-83539,Alex Santos,6,Cognate/Elective Course 2,66.8,77.8,75.1,63.3
22-83539,Alex Santos,7,Scaling Networks (CISCO 3),75.4,70.2,60.2,77.1
22-83539,Alex Santos,7,Operating Systems,80.7,72.4,62.2,62.4
22-83539,Alex Santos,7,Computer Architecture and Organization,72.3,74.7,72.9,65.2
22-83539,Alex Santos,7,Computer Engineering Drafting and Design,67.7,86.9,72.5,70.0
22-83539,Alex Santos,7,Connecting Networks and Security (CISCO 4),69.9,60.9,66.9,61.8
22-83539,Alex Santos,7,Embedded Systems,80.7,79.6,75.7,73.2
22-83539,Alex Santos,7,Seminars and Fieldtrips,86.0,75.2,76.5,69.1
22-83539,Alex Santos,7,Manufacturing and Quality Control,65.0,73.2,65.9,68.6
22-83539,Alex Santos,7,Cognate/Elective Course 3 (Data Mining / AI Track),67.7,73.9,73.3,71.0
22-83539,Alex Santos,7,ASEAN Literature,84.9,62.8,62.7,83.7
22-83539,Alex Santos,8,Technopreneurship,81.2,74.2,70.1,65.8
22-83539,Alex Santos,8,On-the-Job Training,63.5,68.2,69.2,61.8
22-83539,Alex Santos,8,CpE Practice and Design 2,71.6,88.2,68.4,67.8
22-78627,Camila Santos,1,Introduction to Engineering,80.2,79.9,70.3,76.7
22-78627,Camila Santos,1,Understanding the Self,81.4,68.6,72.5,68.2
22-78627,Camila Santos,1,Mathematics in the Modern World,79.1,81.0,78.6,73.8
22-78627,Camila Santos,1,Readings in Philippine History,80.7,76.9,60.3,73.9
22-78627,Camila Santos,1,Purposive Communication,81.6,70.4,74.9,73.1
22-78627,Camila Santos,1,Differential Calculus,87.4,81.0,76.7,76.4
22-78627,Camila Santos,1,General Chemistry,78.6,80.5,71.0,77.4
22-78627,Camila Santos,1,Computer Programming 1,68.7,80.9,73.0,74.7
22-78627,Camila Santos,2,Engineering Drawing,72.7,75.6,72.3,70.7
22-78627,Camila Santos,2,Contemporary World,72.4,80.2,62.1,65.3
22-78627,Camila Santos,2,Art Appreciation,69.3,81.3,75.6,72.0
22-78627,Camila Santos,2,"Science, Technology and Society",87.5,74.4,76.8,69.7
22-78627,Camila Santos,2,Integral Calculus,79.9,85.8,87.3,68.2
22-78627,Camila Santos,2,Physics 1,85.4,79.9,76.8,72.2
22-78627,Camila Santos,3,Life and Works of Rizal,76.7,60.0,82.4,65.1
22-78627,Camila Santos,3,Ethics,77.3,75.0,68.5,70.7
22-78627,Camila Santos,3,Modern Biology,80.1,73.7,75.7,70.6
22-78627,Camila Santos,3,Computer Engineering as a Discipline,84.3,68.3,68.4,73.6
22-78627,Camila Santos,3,Programming Logic and Design,74.5,70.6,69.3,68.3
22-78627,Camila Santos,3,Discrete Mathematics,79.8,76.7,68.6,75.4
22-78627,Camila Santos,3,Fundamentals of Electrical Engineering,85.3,63.6,62.6,74.1
22-78627,Camila Santos,3,Computer-Aided Design,86.8,62.3,76.8,77.9
22-78627,Camila Santos,4,Engineering Economics,73.5,85.8,72.1,71.1
22-78627,Camila Santos,4,Engineering Data Analysis,76.1,84.0,79.8,81.1
22-78627,Camila Santos,4,Differential Equations,89.0,77.9,93.4,78.9
22-78627,Camila Santos,4,Object Oriented Programming,81.6,70.0,63.7,60.3
22-78627,Camila Santos,4,Advanced Engineering Mathematics for CpE,74.8,86.2,77.7,67.1
22-78627,Camila Santos,4,Cognate/Elective Course 1,77.5,74.4,77.7,63.7
22-78627,Camila Santos,4,Electronic Circuits: Devices and Analysis,79.5,76.9,66.9,77.6
22-78627,Camila Santos,4,Basic Occupational Health and Safety,76.9,70.4,78.3,69.6
22-78627,Camila Santos,4,Numerical Methods,82.8,70.9,79.6,83.8
22-78627,Camila Santos,4,Kontekstwalisadong Komunikasyon sa Filipino,71.1,78.5,68.5,85.4
22-78627,Camila Santos,5,Logic Circuits and Design,84.8,76.7,64.6,62.2
22-78627,Camila Santos,5,Data Structures and Algorithms,82.8,67.8,64.9,69.0
22-78627,Camila Santos,5,"Introduction to Networks, Data and Digital Communications (CISCO 1)",79.1,78.3,70.2,74.5
22-78627,Camila Santos,5,Fundamentals of Mixed Signals and Sensors,72.2,78.8,73.2,71.7
22-78627,Camila Santos,5,Feedback and Control Systems,87.5,75.3,70.8,60.6
22-78627,Camila Santos,5,Introduction to HDL,65.3,74.0,71.3,61.6
22-78627,Camila Santos,5,Research Methods,73.5,85.5,78.4,61.7
22-78627,Camila Santos,5,Filipino sa Iba't Ibang Disiplina,76.0,78.8,69.4,64.4
22-78627,Camila Santos,6,Microprocessors,75.3,81.6,79.0,63.7
22-78627,Camila Santos,6,Software Design,81.1,75.9,66.8,67.2
22-78627,Camila Santos,6,Routing and Switching (CISCO 2),70.7,83.0,82.2,66.5
22-78627,Camila Santos,6,Digital Signal Processing,76.5,84.3,82.1,64.1
22-78627,Camila Santos,6,Emerging Technologies in CpE,77.4,75.6,68.2,71.3
22-78627,Camila Santos,6,CpE Practice and Design 1,74.5,73.1,72.6,60.3
22-78627,Camila Santos,6,Cognate/Elective Course 2,66.0,81.5,68.4,81.7
22-78627,Camila Santos,7,Scaling Networks (CISCO 3),90.2,72.9,86.9,74.6
22-78627,Camila Santos,7,Operating Systems,74.5,60.5,77.0,69.1
22-78627,Camila Santos,7,Computer Architecture and Organization,80.0,73.7,65.1,65.5
22-78627,Camila Santos,7,Computer Engineering Drafting and Design,81.6,72.9,69.8,60.0
22-78627,Camila Santos,7,Connecting Networks and Security (CISCO 4),78.9,69.3,78.4,64.5
22-78627,Camila Santos,7,Embedded Systems,75.6,88.0,70.1,65.4
22-78627,Camila Santos,7,Seminars and Fieldtrips,82.2,65.6,80.7,75.2
22-78627,Camila Santos,7,Manufacturing and Quality Control,80.5,60.0,70.4,60.5
22-78627,Camila Santos,7,Cognate/Elective Course 3 (Data Mining / AI Track),85.1,82.3,75.2,61.7
22-78627,Camila Santos,7,ASEAN Literature,87.7,74.8,84.0,70.8
22-78627,Camila Santos,8,Technopreneurship,81.7,73.6,81.6,72.9
22-78627,Camila Santos,8,On-the-Job Training,87.4,77.4,72.9,72.8
22-78627,Camila Santos,8,CpE Practice and Design 2,87.4,82.4,74.0,60.0
22-67104,Ana Reyes,1,Introduction to Engineering,85.0,69.1,74.7,69.8
22-67104,Ana Reyes,1,Understanding the Self,71.6,80.0,87.5,68.6
22-67104,Ana Reyes,1,Mathematics in the Modern World,84.2,91.3,79.2,66.2
22-67104,Ana Reyes,1,Readings in Philippine History,81.6,80.6,83.1,77.8
22-67104,Ana Reyes,1,Purposive Communication,63.5,72.6,74.1,64.4
22-67104,Ana Reyes,1,Differential Calculus,60.0,72.8,74.0,66.9
22-67104,Ana Reyes,1,General Chemistry,73.6,77.4,76.1,67.2
22-67104,Ana Reyes,1,Computer Programming 1,86.8,76.6,67.8,62.4
22-67104,Ana Reyes,2,Engineering Drawing,81.0,86.5,71.6,76.0
22-67104,Ana Reyes,2,Contemporary World,80.7,89.7,76.9,66.3
22-67104,Ana Reyes,2,Art Appreciation,84.6,82.4,72.1,63.5
22-67104,Ana Reyes,2,"Science, Technology and Society",83.4,78.1,65.4,72.0
22-67104,Ana Reyes,2,Integral Calculus,75.8,68.1,71.9,77.7
22-67104,Ana Reyes,2,Physics 1,86.8,82.9,75.6,73.6
22-67104,Ana Reyes,3,Life and Works of Rizal,80.7,71.1,69.1,66.9
22-67104,Ana Reyes,3,Ethics,88.5,84.2,68.0,70.8
22-67104,Ana Reyes,3,Modern Biology,77.2,76.3,70.8,78.5
22-67104,Ana Reyes,3,Computer Engineering as a Discipline,80.0,79.0,75.9,64.4
22-67104,Ana Reyes,3,Programming Logic and Design,79.2,82.6,81.9,62.3
22-67104,Ana Reyes,3,Discrete Mathematics,70.5,77.6,80.7,72.2
22-67104,Ana Reyes,3,Fundamentals of Electrical Engineering,86.3,71.6,73.1,60.0
22-67104,Ana Reyes,3,Computer-Aided Design,81.4,66.8,84.5,81.7
22-67104,Ana Reyes,4,Engineering Economics,81.0,68.7,76.8,81.7
22-67104,Ana Reyes,4,Engineering Data Analysis,82.4,84.3,71.1,64.8
22-67104,Ana Reyes,4,Differential Equations,79.2,65.6,87.6,70.9
22-67104,Ana Reyes,4,Object Oriented Programming,83.8,73.4,63.8,77.7
22-67104,Ana Reyes,4,Advanced Engineering Mathematics for CpE,72.8,79.3,76.7,70.5
22-67104,Ana Reyes,4,Cognate/Elective Course 1,73.9,75.3,67.4,74.0
22-67104,Ana Reyes,4,Electronic Circuits: Devices and Analysis,85.7,79.7,73.1,85.0
22-67104,Ana Reyes,4,Basic Occupational Health and Safety,72.3,68.5,74.0,69.0
22-67104,Ana Reyes,4,Numerical Methods,86.2,81.1,74.2,73.0
22-67104,Ana Reyes,4,Kontekstwalisadong Komunikasyon sa Filipino,83.0,90.4,76.0,66.4
22-67104,Ana Reyes,5,Logic Circuits and Design,83.4,64.1,76.3,78.9
22-67104,Ana Reyes,5,Data Structures and Algorithms,82.2,78.0,77.0,75.8
22-67104,Ana Reyes,5,"Introduction to Networks, Data and Digital Communications (CISCO 1)",87.1,78.9,71.2,60.0
22-67104,Ana Reyes,5,Fundamentals of Mixed Signals and Sensors,88.1,82.9,77.4,68.3
22-67104,Ana Reyes,5,Feedback and Control Systems,85.4,75.6,73.8,69.7
22-67104,Ana Reyes,5,Introduction to HDL,85.0,72.9,79.9,68.1
22-67104,Ana Reyes,5,Research Methods,76.0,83.0,68.6,75.8
22-67104,Ana Reyes,5,Filipino sa Iba't Ibang Disiplina,80.7,67.8,82.7,72.4
22-67104,Ana Reyes,6,Microprocessors,84.6,85.8,85.5,73.6
22-67104,Ana Reyes,6,Software Design,82.3,78.4,71.0,60.0
22-67104,Ana Reyes,6,Routing and Switching (CISCO 2),79.9,84.5,76.6,62.7
22-67104,Ana Reyes,6,Digital Signal Processing,86.2,75.3,61.5,76.1
22-67104,Ana Reyes,6,Emerging Technologies in CpE,72.9,86.9,80.0,67.8
22-67104,Ana Reyes,6,CpE Practice and Design 1,82.9,92.3,80.5,71.9
22-67104,Ana Reyes,6,Cognate/Elective Course 2,95.9,76.9,76.6,63.5
22-67104,Ana Reyes,7,Scaling Networks (CISCO 3),68.5,74.5,73.3,71.1
22-67104,Ana Reyes,7,Operating Systems,70.0,80.2,68.1,72.8
22-67104,Ana Reyes,7,Computer Architecture and Organization,87.9,77.4,70.7,81.6
22-67104,Ana Reyes,7,Computer Engineering Drafting and Design,87.5,80.7,85.3,72.9
22-67104,Ana Reyes,7,Connecting Networks and Security (CISCO 4),74.8,70.2,72.4,73.8
22-67104,Ana Reyes,7,Embedded Systems,90.6,79.9,83.8,71.1
22-67104,Ana Reyes,7,Seminars and Fieldtrips,75.4,69.9,71.5,62.9
22-67104,Ana Reyes,7,Manufacturing and Quality Control,94.3,82.4,75.9,82.7
22-67104,Ana Reyes,7,Cognate/Elective Course 3 (Data Mining / AI Track),70.8,75.4,85.1,68.3
22-67104,Ana Reyes,7,ASEAN Literature,94.8,82.4,82.4,78.5
22-67104,Ana Reyes,8,Technopreneurship,80.1,74.8,73.8,64.6
22-67104,Ana Reyes,8,On-the-Job Training,79.7,77.7,84.7,74.1
22-67104,Ana Reyes,8,CpE Practice and Design 2,94.3,64.8,67.2,68.4
22-34347,Camila Dela Cruz,1,Introduction to Engineering,84.0,72.1,61.0,64.6
22-34347,Camila Dela Cruz,1,Understanding the Self,67.9,64.4,81.8,63.9
22-34347,Camila Dela Cruz,1,Mathematics in the Modern World,75.7,71.8,67.9,60.6
22-34347,Camila Dela Cruz,1,Readings in Philippine History,73.2,74.8,78.3,71.7
22-34347,Camila Dela Cruz,1,Purposive Communication,67.7,78.7,72.6,62.3
22-34347,Camila Dela Cruz,1,Differential Calculus,75.7,75.8,69.7,68.6
22-34347,Camila Dela Cruz,1,General Chemistry,69.5,84.4,60.0,69.2
22-34347,Camila Dela Cruz,1,Computer Programming 1,78.0,77.4,66.3,73.7
22-34347,Camila Dela Cruz,2,Engineering Drawing,74.0,65.3,62.9,66.4
22-34347,Camila Dela Cruz,2,Contemporary World,65.5,83.6,76.1,77.0
22-34347,Camila Dela Cruz,2,Art Appreciation,85.4,70.7,64.6,60.0
22-34347,Camila Dela Cruz,2,"Science, Technology and Society",72.6,83.4,64.8,64.8
22-34347,Camila Dela Cruz,2,Integral Calculus,71.3,74.7,77.1,60.0
22-34347,Camila Dela Cruz,2,Physics 1,66.6,81.3,73.8,64.1
22-34347,Camila Dela Cruz,3,Life and Works of Rizal,85.3,64.6,75.4,65.6
22-34347,Camila Dela Cruz,3,Ethics,78.7,60.0,68.2,70.5
22-34347,Camila Dela Cruz,3,Modern Biology,74.3,79.9,76.7,60.0
22-34347,Camila Dela Cruz,3,Computer Engineering as a Discipline,80.0,66.8,70.1,70.0
22-34347,Camila Dela Cruz,3,Programming Logic and Design,70.8,78.3,67.5,63.2
22-34347,Camila Dela Cruz,3,Discrete Mathematics,78.9,67.4,64.1,71.9
22-34347,Camila Dela Cruz,3,Fundamentals of Electrical Engineering,75.3,63.7,74.6,63.3
22-34347,Camila Dela Cruz,3,Computer-Aided Design,66.2,60.0,74.8,60.5
22-34347,Camila Dela Cruz,4,Engineering Economics,67.6,76.6,74.6,61.3
22-34347,Camila Dela Cruz,4,Engineering Data Analysis,80.1,84.7,77.5,72.8
22-34347,Camila Dela Cruz,4,Differential Equations,76.5,69.7,69.1,68.3
22-34347,Camila Dela Cruz,4,Object Oriented Programming,68.3,68.9,61.9,68.1
22-34347,Camila Dela Cruz,4,Advanced Engineering Mathematics for CpE,75.1,68.5,74.3,60.0
22-34347,Camila Dela Cruz,4,Cognate/Elective Course 1,71.7,78.2,76.1,61.9
22-34347,Camila Dela Cruz,4,Electronic Circuits: Devices and Analysis,76.0,67.7,68.2,66.6
22-34347,Camila Dela Cruz,4,Basic Occupational Health and Safety,78.4,74.7,71.4,60.0
22-34347,Camila Dela Cruz,4,Numerical Methods,77.0,75.7,73.6,61.4
22-34347,Camila Dela Cruz,4,Kontekstwalisadong Komunikasyon sa Filipino,80.5,64.9,67.2,64.4
22-34347,Camila Dela Cruz,5,Logic Circuits and Design,67.1,70.7,70.8,60.0
22-34347,Camila Dela Cruz,5,Data Structures and Algorithms,73.5,63.1,82.8,68.0
22-34347,Camila Dela Cruz,5,"Introduction to Networks, Data and Digital Communications (CISCO 1)",76.6,74.9,74.1,72.6
22-34347,Camila Dela Cruz,5,Fundamentals of Mixed Signals and Sensors,65.3,80.3,76.9,65.3
22-34347,Camila Dela Cruz,5,Feedback and Control Systems,73.9,60.0,62.0,68.8
22-34347,Camila Dela Cruz,5,Introduction to HDL,81.9,76.8,69.0,77.3
22-34347,Camila Dela Cruz,5,Research Methods,81.1,70.4,82.9,60.0
22-34347,Camila Dela Cruz,5,Filipino sa Iba't Ibang Disiplina,66.2,70.3,65.2,63.8
22-34347,Camila Dela Cruz,6,Microprocessors,79.4,72.2,69.4,66.0
22-34347,Camila Dela Cruz,6,Software Design,61.9,64.5,68.2,61.7
22-34347,Camila Dela Cruz,6,Routing and Switching (CISCO 2),74.4,82.0,70.1,60.0
22-34347,Camila Dela Cruz,6,Digital Signal Processing,69.9,82.7,78.6,69.3
22-34347,Camila Dela Cruz,6,Emerging Technologies in CpE,66.4,75.4,72.8,66.9
22-34347,Camila Dela Cruz,6,CpE Practice and Design 1,71.6,70.6,65.9,60.0
22-34347,Camila Dela Cruz,6,Cognate/Elective Course 2,84.0,78.8,68.8,68.8
22-34347,Camila Dela Cruz,7,Scaling Networks (CISCO 3),78.2,87.6,75.7,71.7
22-34347,Camila Dela Cruz,7,Operating Systems,76.0,70.9,78.8,70.6
22-34347,Camila Dela Cruz,7,Computer Architecture and Organization,69.7,75.1,74.5,60.0
22-34347,Camila Dela Cruz,7,Computer Engineering Drafting and Design,69.1,74.6,60.0,60.0
22-34347,Camila Dela Cruz,7,Connecting Networks and Security (CISCO 4),74.2,76.5,73.7,76.2
22-34347,Camila Dela Cruz,7,Embedded Systems,75.1,70.2,61.6,63.4
22-34347,Camila Dela Cruz,7,Seminars and Fieldtrips,79.3,77.3,71.4,69.3
22-34347,Camila Dela Cruz,7,Manufacturing and Quality Control,82.3,72.9,77.6,61.3
22-34347,Camila Dela Cruz,7,Cognate/Elective Course 3 (Data Mining / AI Track),75.4,70.7,75.3,60.6
22-34347,Camila Dela Cruz,7,ASEAN Literature,73.1,61.6,73.4,73.5
22-34347,Camila Dela Cruz,8,Technopreneurship,80.5,77.7,74.8,70.2
22-34347,Camila Dela Cruz,8,On-the-Job Training,78.7,76.9,65.9,64.8
22-34347,Camila Dela Cruz,8,CpE Practice and Design 2,75.5,70.8,60.4,60.0
